timestamp,q01_spol__musko,q01_spol__zensko,q02_godiste__2004,q02_godiste__2005,q02_godiste__2006,q02_godiste__2007,q02_godiste__2008,q02_godiste__other_selected,q02_godiste__other_text,q03_srednja_skola__matematicka_prirodoslovno_matematicka_gimnazija,q03_srednja_skola__opca_gimnazija,q03_srednja_skola__klasicna_gimnazija,q03_srednja_skola__jezicna_gimnazija,q03_srednja_skola__elektrotehnicka_skola,q03_srednja_skola__strukovna_skola_s_fizikom,q03_srednja_skola__strukovna_skola_bez_fizike,q03_srednja_skola__other_selected,q03_srednja_skola__other_text,q04_godine_fizike,q05_prosjek_srednja_skola__matematika,q05_prosjek_srednja_skola__fizika,q06_godina_zavrsetka_srednje,q07_godina_mature,q08_uspjeh_matura__matematika_niza_razina,q08_uspjeh_matura__matematika_visa_razina,q08_uspjeh_matura__fizika,q09_fakultet__ferit_preddiplomski_sveucilisni_eit,q09_fakultet__ferit_preddiplomski_sveucilisni_racunarstvo,q09_fakultet__ferit_preddiplomski_strucni_elektrotehnika,q09_fakultet__ferit_preddiplomski_strucni_racunarstvo,q09_fakultet__of,q09_fakultet__om,q09_fakultet__gf,q09_fakultet__ptf,q10_prvi_izbor_fakulteta,q11_motivacija_upis__dobro_matematicko_znanje,q11_motivacija_upis__praktican_rad,q11_motivacija_upis__racunalo_programiranje,q11_motivacija_upis__okolina_inzenjerska_zanimanja,q11_motivacija_upis__inzenjerska_zanimanja_cijenjena,q11_motivacija_upis__eksperimenti_u_obrazovanju,q11_motivacija_upis__prijatelji_tehnicki_fakulteti,q11_motivacija_upis__nagovor_roditelja,q11_motivacija_upis__other_selected,q11_motivacija_upis__other_text,q12_stav_01,q13_stav_01_obrazlozenje,q13_stav_01_obrazlozenje__char_count,q13_stav_01_obrazlozenje__word_count,q14_stav_02,q15_stav_03,q16_stav_03_obrazlozenje,q16_stav_03_obrazlozenje__char_count,q16_stav_03_obrazlozenje__word_count,q17_stav_04,q18_stav_05,q19_stav_05_obrazlozenje,q19_stav_05_obrazlozenje__char_count,q19_stav_05_obrazlozenje__word_count,q20_stav_06,q21_stav_07,q22_stav_08,q23_stav_09,q24_stav_10,q25_stav_11,q26_stav_11_obrazlozenje,q26_stav_11_obrazlozenje__char_count,q26_stav_11_obrazlozenje__word_count,q27_stav_12,q28_stav_12_obrazlozenje,q28_stav_12_obrazlozenje__char_count,q28_stav_12_obrazlozenje__word_count,q29_stav_13,q30_stav_14,q31_stav_15,q32_stav_15_obrazlozenje,q32_stav_15_obrazlozenje__char_count,q32_stav_15_obrazlozenje__word_count,q33_stav_16,q34_stav_17,q35_stav_18,q36_stav_18_obrazlozenje,q36_stav_18_obrazlozenje__char_count,q36_stav_18_obrazlozenje__word_count,q37_stav_19,q38_stav_20,q39_stav_21,q40_stav_22,q41_stav_23,q42_stav_24,q43_stav_25,q44_stav_26,q45_stav_27,q46_stav_28,q47_stav_29,q48_stav_30,q49_stav_30_obrazlozenje,q49_stav_30_obrazlozenje__char_count,q49_stav_30_obrazlozenje__word_count,q50_stav_31,q51_koncept_32__a,q51_koncept_32__b,q51_koncept_32__c,q51_koncept_32__d,q51_koncept_32__e,q52_koncept_33__a,q52_koncept_33__b,q52_koncept_33__c,q52_koncept_33__d,q52_koncept_33__e,q53_attention_check,q54_z1_odgovor__a,q54_z1_odgovor__b,q54_z1_odgovor__c,q54_z1_odgovor__d,q54_z1_odgovor__e,q55_z1_sigurnost_odgovor,q56_z1_obrazlozenje__i,q56_z1_obrazlozenje__ii,q56_z1_obrazlozenje__iii,q56_z1_obrazlozenje__iv,q56_z1_obrazlozenje__v,q56_z1_obrazlozenje__other_selected,q56_z1_obrazlozenje__other_text,q57_z1_sigurnost_obrazlozenje,q58_z2_odgovor__a,q58_z2_odgovor__b,q58_z2_odgovor__c,q58_z2_odgovor__d,q58_z2_odgovor__e,q59_z2_sigurnost_odgovor,q60_z2_obrazlozenje__i,q60_z2_obrazlozenje__ii,q60_z2_obrazlozenje__iii,q60_z2_obrazlozenje__iv,q60_z2_obrazlozenje__v,q60_z2_obrazlozenje__other_selected,q60_z2_obrazlozenje__other_text,q61_z2_sigurnost_obrazlozenje,q62_z3_odgovor__a,q62_z3_odgovor__b,q62_z3_odgovor__c,q62_z3_odgovor__d,q62_z3_odgovor__e,q63_z3_sigurnost_odgovor,q64_z3_obrazlozenje__i,q64_z3_obrazlozenje__ii,q64_z3_obrazlozenje__iii,q64_z3_obrazlozenje__iv,q64_z3_obrazlozenje__v,q64_z3_obrazlozenje__other_selected,q64_z3_obrazlozenje__other_text,q65_z3_sigurnost_obrazlozenje,q66_z4_odgovor__a,q66_z4_odgovor__b,q66_z4_odgovor__c,q66_z4_odgovor__d,q66_z4_odgovor__e,q67_z4_sigurnost_odgovor,q68_z4_obrazlozenje__i,q68_z4_obrazlozenje__ii,q68_z4_obrazlozenje__iii,q68_z4_obrazlozenje__iv,q68_z4_obrazlozenje__v,q68_z4_obrazlozenje__other_selected,q68_z4_obrazlozenje__other_text,q69_z4_sigurnost_obrazlozenje,aaps_01_aligned,aaps_02_aligned,aaps_03_aligned,aaps_04_aligned,aaps_05_aligned,aaps_06_aligned,aaps_07_aligned,aaps_08_aligned,aaps_09_aligned,aaps_10_aligned,aaps_11_aligned,aaps_12_aligned,aaps_13_aligned,aaps_14_aligned,aaps_15_aligned,aaps_16_aligned,aaps_17_aligned,aaps_18_aligned,aaps_19_aligned,aaps_20_aligned,aaps_21_aligned,aaps_22_aligned,aaps_23_aligned,aaps_24_aligned,aaps_25_aligned,aaps_26_aligned,aaps_27_aligned,aaps_28_aligned,aaps_29_aligned,aaps_30_aligned,aaps_31_aligned,aaps_32_aligned,aaps_33_aligned,kat1_alignment,kat1_alignment_percent,kat2_alignment,kat2_alignment_percent,kat3_alignment,kat3_alignment_percent,aaps_total_alignment,aaps_total_alignment_percent,z1_answer_correct,z1_reasoning_correct,z1_both_correct,z2_answer_correct,z2_reasoning_correct,z2_both_correct,z3_answer_correct,z3_reasoning_correct,z3_both_correct,z4_answer_correct,z4_reasoning_correct,z4_both_correct,concept_answer_score_total,concept_reasoning_score_total,concept_both_score_total
18.3.2026. 11:21:44,1,0,0,1,0,0,0,0,,0,0,0,0,0,0,0,1,"Strukovnu školu (strojarsku, građevinsku, medicinsku, …)",2,4.0,2.0,2024.0,2024.0,,2.0,,0,1,0,0,0,0,0,0,1,1,0,0,0,0,0,0,0,1,Pokazujem sklonost prema praktičnom radu (izrađujem makete | jednostavne uređaje | spretno koristim različite mjerne instrumente | mogu obavljati različite kućne popravke | ...)),3,"Neutralan sam na ovu izjavu, uvijek je potrebno pregledati materijale koji su pridruzeni manje vise svakom kolegiju. Ukoliko i tad nije jasno tek onda trazimo pomoc od profesora.",178,28,5,5,Postoje velicine koje nemozemo dobi to direktnim mjerenjem ili je jednostavno to nije izracunati ih stoga jeracunanje jako bitna stavka.,136,20,5,4,"Vecinski tocno, smatram da je veliki broj formula koje koristimo jednostavno no ponekad dodu i kompliciranije jer naravno nekad stupamo u druge sfere fizike ",157,24,5,5,3,5,5,3,Radi provjere. ,15,2,5,"Fizika je laicki receno promatranje dogadanja u prirodi, samim tim logicno je da svaka formula i jednandzba odgovara na jednu specificnu situaciju ",147,22,3,4,4,"Nacrtati skicu i nadodavati naknadno paralelno uz vrsenje pokusa, laksa organizacija biljeski i snalazenje u istim.",115,16,3,4,4,"Cisto zbog lakse organizacije biljeski, po skici se lakse sjetiti koji je pokus u pitanju nego citati puni zadatak ",115,19,5,5,5,5,2,3,5,5,3,3,4,3,Neutralan,9,1,3,1,0,0,0,0,0,0,1,0,0,4,0,0,1,0,0,5,0,0,0,1,0,0,,5,0,0,1,0,0,3,1,0,0,0,0,0,,2,0,0,1,0,0,4,0,0,1,0,0,0,,3,0,0,1,0,0,1,0,0,1,0,0,0,,1,0,1,0,1,0,1,1,0,1,1,0,0,0,1,1,0,1,1,1,1,1,1,1,0,1,1,0,0,1,0,0,1,0,0.6842105263157895,68.42105263157895,0.5714285714285714,57.14285714285714,0.4,40.0,0.5757575757575758,57.57575757575758,1,0,0,0,0,0,1,0,0,0,0,0,2,0,0
18.3.2026. 11:25:17,1,0,0,0,1,0,0,0,,0,0,0,0,0,0,0,1,Elektrotehničku školu,4,2.0,2.0,2025.0,2025.0,,2.0,,0,1,0,0,0,0,0,0,0,0,0,0,0,0,0,0,0,1,Dobro poznajem i zanima me računalo (dobro poznajem programiranje | u mogućnosti sam prilično samostalno nadograditi i popraviti software i hardware računala | ...),3,"Pomoć nastavnika ili asistenta dobro dođe u slučaju potpune nemogućnosti, no međutim ako je u pitanju nesigurnost konzultacija sa kolegama je prva opcija",153,23,5,3,Fizika je znanost koja je bliska matematici ali je opće razumjevanje poznavanje sila koje djeluju i logičko razmišljanje o postavljenom zadatku,143,21,5,4,Većinu zadataka iz fizike je lakše riješiti ako napravimo skicu te iz nje uočimo kako se sustav ponaša,102,18,5,5,1,3,4,3,Većina formula je intuitivna te je greška u nama što ne razmišljamo dovoljno o postavljenom zadatku te potom ne razumijemo odnos određenih veličina i mjera,155,25,2,"Jednadžbe u fizici su uistinu fleksibilne, ako upotrebimo jednu formulu za određenu situaciju to ne znači da ju ne možemo primjeniti u nekim drugim situacijama.",160,25,3,5,5,Skica nam olakšava razumijevanje odnosa pojedinih sila kao i veličina koje utječu jedne na druge pa je znatno lakše riješiti zadatak koristeći skicu,148,23,2,4,5,Olakšavaju odluku te je lakše procesom eliminacije doći do riješenja umjesto da nasumično zaokružujemo,102,14,3,2,5,2,1,5,5,2,3,5,4,4,Lako sr pogubiti među simbolima i veoma lako dolazi do greške u uvrštavanju jer zamjenimo neke veličine drugima i dobijemo potpuno drugačije riješenje,150,23,3,0,0,0,1,0,0,0,1,0,0,4,0,1,0,0,0,4,0,0,0,0,1,0,,5,0,0,0,1,0,4,0,0,0,1,0,0,,2,0,0,1,0,0,5,0,0,0,0,1,0,,5,1,0,0,0,0,5,0,1,0,0,0,0,,5,0,1,0,1,0,1,1,1,0,1,0,1,0,1,1,1,1,1,0,0,1,0,1,1,1,0,0,1,1,0,0,0,0,0.631578947368421,63.1578947368421,0.47619047619047616,47.61904761904761,0.4,40.0,0.5454545454545454,54.54545454545454,0,1,0,0,0,0,1,1,1,0,0,0,1,2,1
18.3.2026. 11:26:11,1,0,0,0,1,0,0,0,,0,0,0,0,0,0,0,1,Opću gimnaziju,4,3.0,3.0,2025.0,2025.0,,2.0,,0,1,0,0,0,0,0,0,1,0,0,0,0,0,0,1,0,1,Ljudi ili bližoj okolini imam ljude inženjerskih zanimanja,4,"Mogu na svoj način započeti, ali ubrzo postanem nesiguran ili se izgubim kada mislim da ne idem u pravom smjeru te bi odma tražio pomoć da ne trošim vrijeme.",157,29,3,5,Mislim ako ne znamo riješiti same matematičke izraze vezane uz fiziku da jednostavno neće biti točan ostatak zadatka ili baš cjeloviti zadatak.,143,22,5,4,Većinu vremena smo se koristili formulama te uvrštavali u njih ili se nadovezivali na druge formule pa uvrštavali.,114,18,2,5,2,3,5,3,"Nisam skroz shvatio, ali uglavnom mi je pristup za zadatke bio da uvrštavam u formule i jednadžbe.",98,17,4,"Postoji dosta općenitih jednadžbi, ali čini mi se i da ima puno specifićnih za određene pojave.",95,16,4,3,5,Puno lakše mi je postupiti ako uz sve imam i vizualni dojam o samom zadatku te mi zna pomoći.,93,19,3,5,5,"Ponekad dodatne skicu pomognu da nešto shvatim, a ujedno bi i očekivao dodatne bodove ili da postoji dojam da razumijem gradivo.",128,21,5,5,5,5,2,5,5,5,1,4,5,3,Lakše mi je odma baratati s brojevima i izračunati ih kada god imam priliku da ih primjenim.,92,17,3,0,0,0,1,0,0,0,0,1,0,4,0,0,0,0,1,4,0,0,0,0,1,0,,3,0,0,0,1,0,2,0,1,0,0,0,0,,1,1,0,0,0,0,3,1,0,0,0,0,0,,3,1,0,0,0,0,3,0,1,0,0,0,0,,3,0,0,0,1,0,0,1,1,0,1,0,0,1,0,1,0,1,1,1,1,1,1,1,1,1,1,0,1,1,0,0,0,0,0.5263157894736842,52.63157894736842,0.6666666666666666,66.66666666666666,0.7,70.0,0.5454545454545454,54.54545454545454,0,1,0,0,1,0,0,0,0,0,0,0,0,2,0
18.3.2026. 11:26:43,1,0,0,0,0,1,0,0,,0,0,0,0,0,0,0,1,Elektrotehničku školu,4,3.0,5.0,2025.0,2025.0,,2.0,2.0,0,1,0,0,0,0,0,0,1,0,0,0,0,0,0,1,0,1,Pokazujem sklonost prema praktičnom radu (izrađujem makete | jednostavne uređaje | spretno koristim različite mjerne instrumente | mogu obavljati različite kućne popravke | ...)) | Smatram da su inženjerska zanimanja vrlo cijenjena (dobra plaća | velika mogućnost profesionalnog usavršavanja | ...) | Tijekom dosadašnjeg obrazovanja često smo u suradnji s nastavnicima obavljali i osmišljavali zanimljive eksperimente iz fizike i drugih predmeta iz STEM područja,3,"Mogu probati sam započeti, ali ukoliko neznam dalje onda pozovem profesora ili asistenta.",89,13,5,4,Matrmatika je alat za fiziku,28,5,5,5,Slažem se,9,2,1,4,1,4,5,1,Jednadžbe se trebaju proučiti jer će rezultat ovisiti o tome kako ju proučimo,77,13,5,Slažem se,9,2,4,4,5,Lakše je rješavati zadatke ako nacrtam skicu jer mogu vidjeti što se kako računa,80,14,5,5,1,Necrtam ukoliko netreba,23,3,5,4,5,3,5,5,4,4,3,5,4,5,Lakše mi je rješavati s brojevima nego sa simbolima ,52,9,1,1,0,0,0,0,0,0,1,0,0,4,0,0,1,0,0,5,0,0,0,1,0,0,,5,0,0,0,1,0,3,0,1,0,0,0,0,,3,0,0,1,0,0,4,0,0,0,0,1,0,,4,1,0,0,0,0,4,0,0,1,0,0,0,,3,0,1,0,1,0,0,1,1,1,1,1,0,1,1,1,0,1,0,1,1,1,0,0,1,1,1,0,1,1,0,0,1,0,0.631578947368421,63.1578947368421,0.6666666666666666,66.66666666666666,0.5,50.0,0.6060606060606061,60.60606060606061,1,0,0,0,1,0,1,1,1,0,0,0,2,2,1
18.3.2026. 11:26:58,1,0,0,0,0,0,0,1,1999.0,0,0,0,0,0,0,0,1,Jezičnu gimnaziju,4,2.0,2.0,2018.0,2019.0,,2.0,,0,1,0,0,0,0,0,0,0,0,0,0,0,0,0,0,0,1,Smatram da su inženjerska zanimanja vrlo cijenjena (dobra plaća | velika mogućnost profesionalnog usavršavanja | ...),2,"Ako nemam dovoljno dobro predznanje o nekoj temi ili problemu, nije mi problem pitati nekoga za pomoc u pocetku.",112,19,3,2,"U vecini slucajeva, prakticnih slucajeva kao sto radimo u labaratorijskim eksperimentima vise je bitno napraviti tocna i precizna mjerenja, jer ako nam mjerenja nisu tocna i precizna, to ce nam matematicke formule prikazati. Tako da matematicki dio nam sluzi vise kao neki alat.",278,43,4,4,"Kombinacija teorije sa matematickim dijelom ide jedno uz drugo. Ako imamo dobro teorijsko znanje o temi ili problemu koji radimo, vrlo lako mozemo iz brojcane vrijednosti zakljuciti.",182,27,4,2,3,4,3,4,"Jednadzbe su tu da nam daju brojcanu vrijednost na kraju, ali isto tako nam daju ovisnost odredenih dijelova jednadzbe.",119,19,3,Ovisi. Neke jednadzbe imaju veze s nekim drugim fizikalnim svojstvima. Npr kosi hitac koristi kombinaciju dvije jednadzbe.,122,17,2,3,4,"Posebice kod primjera elektrotehnike ili elektronike, ali i u fizici, jako je korisno, a nekad i nuzno da se napravi skica sklopa ili nekog gibanja da bi razumjeli i vizualno vidjeli sta nam se dogada i o cemu ovisi konacni rezultat.",233,41,3,4,1,"Ako nema potrebe za skicom, necu je raditi.",43,8,4,2,4,4,1,1,4,3,4,4,4,4,"Brojke su nam blize, mislim da nam je brojke vise “znace” nego simboli.",71,13,1,0,1,0,0,0,0,0,1,0,0,4,0,0,0,1,0,4,0,0,0,0,1,0,,4,0,0,1,0,0,4,0,0,0,1,0,0,,3,0,0,1,0,0,3,0,0,0,0,1,0,,3,1,0,0,0,0,4,0,1,0,0,0,0,,4,1,0,1,1,0,1,0,0,1,0,0,0,0,0,1,0,1,0,1,0,1,1,1,0,1,0,1,1,1,0,0,1,0,0.3684210526315789,36.84210526315789,0.47619047619047616,47.61904761904761,0.6,60.0,0.48484848484848486,48.484848484848484,0,1,0,0,0,0,1,1,1,0,0,0,1,2,1
18.3.2026. 11:28:25,0,1,0,0,1,0,0,0,,0,0,0,0,0,0,0,1,"Strukovnu školu (strojarsku, građevinsku, medicinsku, …)",4,3.0,4.0,2025.0,2025.0,,2.0,,0,1,0,0,0,0,0,0,1,0,0,0,0,0,0,0,0,1,Dobro poznajem i zanima me računalo (dobro poznajem programiranje | u mogućnosti sam prilično samostalno nadograditi i popraviti software i hardware računala | ...) | Smatram da su inženjerska zanimanja vrlo cijenjena (dobra plaća | velika mogućnost profesionalnog usavršavanja | ...),3,Zavisi o složenosti zadataka,28,4,3,4,.,1,1,5,3,.,1,1,1,3,1,3,4,4,Ovisi o tipu zadatka,20,4,3,Zavisi ,7,1,4,2,5,Iz skice je lakše uočiti kako riješiti zadatak,46,8,4,2,3,Zavisi do tipa zadatka,22,4,2,1,3,2,2,1,4,2,1,4,3,5,Kod složenijih jednadžbi teže je riješiti pomoću simbola,56,8,1,0,1,0,0,0,0,0,1,0,0,4,0,1,0,0,0,4,0,0,0,0,1,0,,3,0,0,0,1,0,2,0,1,0,0,0,0,,3,1,0,0,0,0,3,1,0,0,0,0,0,,3,1,0,0,0,0,3,0,1,0,0,0,0,,3,0,0,0,1,0,0,0,1,0,1,0,0,1,0,1,0,0,0,0,0,0,0,1,0,1,0,0,1,0,0,0,1,0,0.2631578947368421,26.31578947368421,0.2857142857142857,28.57142857142857,0.3,30.0,0.2727272727272727,27.27272727272727,0,1,0,0,1,0,0,0,0,0,0,0,0,2,0
18.3.2026. 11:29:27,1,0,0,0,1,0,0,0,,0,0,0,0,0,0,0,1,Elektrotehničku školu,2,4.0,3.0,,2025.0,,2.0,,0,1,0,0,0,0,0,0,1,0,0,0,0,0,0,0,0,1,Smatram da su inženjerska zanimanja vrlo cijenjena (dobra plaća | velika mogućnost profesionalnog usavršavanja | ...),3,Prvo bi se osvrnuo na formule pa pomoću njih bi pokušao pronaći riješenje ako mi to nebi pomoglo pitao bih za pomoć,115,22,3,4,Ukoliko trebamo izračunati nešto postoji mogučnost da treba izvesti formulu a za to je potrebna matematika,106,16,3,5,Te također i utvrđivanje veličina te mjernih jedinica,53,8,2,4,3,3,2,5,Kad koristim jednadžbe nikad nerazmišljam što svaki zasebni element u jednadžbi zapravo predstavlja,99,13,4,Postoje formule koje opisuju svaku granu fizike također se ne koriste formule iz dinamike u statici,99,16,5,3,5,Pomoću skice je puno lakše odrediti smijer djelovanja neke sile nego da to pokušavam sam iščitati iz zadatka,108,18,4,5,2,Skice je potrebo crtati ako nam je tako lakše odrediti nešto tako da time samo sebi olakšavamo zadatak,102,18,2,2,4,3,3,4,4,4,2,5,4,3,Ne predstavlja mi to veliku razliku,35,6,3,0,0,1,0,0,0,1,0,0,0,4,0,0,0,0,1,3,1,0,0,0,0,0,,3,0,0,0,1,0,4,0,0,1,0,0,0,,4,1,0,0,0,0,5,1,0,0,0,0,0,,5,1,0,0,0,0,3,0,0,1,0,0,0,,3,0,0,0,0,0,0,1,0,0,0,0,0,1,0,1,0,1,0,0,0,1,0,0,1,1,1,0,1,1,0,0,0,1,0.3157894736842105,31.57894736842105,0.47619047619047616,47.61904761904761,0.4,40.0,0.3333333333333333,33.33333333333333,0,0,0,0,0,0,0,0,0,0,0,0,0,0,0
18.3.2026. 11:29:33,1,0,0,0,1,0,0,0,,0,0,0,0,0,0,0,1,"Matematičku, prirodoslovno-matematičku gimnaziju",4,5.0,5.0,2025.0,2025.0,5.0,5.0,5.0,0,1,0,0,0,0,0,0,1,1,0,0,0,0,0,0,0,1,Pokazujem sklonost prema praktičnom radu (izrađujem makete | jednostavne uređaje | spretno koristim različite mjerne instrumente | mogu obavljati različite kućne popravke | ...)) | Dobro poznajem i zanima me računalo (dobro poznajem programiranje | u mogućnosti sam prilično samostalno nadograditi i popraviti software i hardware računala | ...),1,smatram da sukladno sa svojim kognitivnim sposobnostima  sam u mogućnosti samostalno obaviti/riješiti zadane ishode te jasno i kongruentno elaborirati te predočiti rješenje  ,174,22,1,4,"matematika je podloga svih prirodnih znanosti, sukladno tome proizlazi navedeni odabir gore naveden",99,13,5,3,Jasnoća i razumijevanje teorijske podloge jednako je važno kao i matematičko predočavanje problema ,99,13,5,5,1,3,5,1,Bez teorijske podloge nije moguće riješiti i razumjeti problem koje je izložen rješavanju.,90,13,3,"mikroskopski i mikroskopski uvjeti nisu isti za zadani problem, stvar je perspektivne i subjektivno-objektivne okolnosti ",121,15,3,4,5,"Predočaj na papiru je lakše razumjeti nego se igrati ""teorijske fizike """,72,12,1,1,4,Razlog je naveden u komentaru iznad.,36,6,2,5,5,4,1,1,4,5,3,5,4,3,simboli predstavljaju vrijednosti tako da dođe na isto,54,8,5,0,1,0,0,0,0,0,1,0,0,4,0,0,1,0,0,5,0,0,0,1,0,0,,5,0,0,0,1,0,5,0,0,0,0,1,0,,5,0,0,1,0,0,5,0,0,0,0,1,0,,5,1,0,0,0,0,5,0,1,0,0,0,0,,5,1,0,0,1,0,1,1,1,0,1,1,0,0,1,1,1,0,1,0,1,1,1,1,0,1,1,0,1,1,0,1,1,0,0.6842105263157895,68.42105263157895,0.6666666666666666,66.66666666666666,0.6,60.0,0.6363636363636364,63.63636363636363,1,0,0,0,0,0,1,1,1,0,0,0,2,1,1
18.3.2026. 11:29:34,1,0,0,0,1,0,0,0,,0,0,0,0,0,0,0,1,Elektrotehničku školu,2,2.0,2.0,2025.0,2025.0,,2.0,,0,1,0,0,0,0,0,0,1,0,0,0,0,0,0,0,0,1,Smatram da su inženjerska zanimanja vrlo cijenjena (dobra plaća | velika mogućnost profesionalnog usavršavanja | ...),3,Ovisi o težini zadatka ako je nešto što smatram jednostavnijim onda jednostavno moram sam uspijet,97,15,3,2,Treba poznavati fizička svojstva i teoriju ,43,6,4,2,Znači poznavanje toga što riješavamo,36,5,3,4,2,2,4,2,Treba ih razumjeti u slučaju da dođe do nekih promjena ,55,10,2,Dosta njih se mogu i u drugim situacijama koristit,50,9,4,3,4,Lakše mi je vizualizirati,25,4,3,3,4,Moj način razmišljanja je takav ,32,5,3,4,3,4,2,3,4,4,4,2,4,4,Lakše se pogubit,16,3,2,0,0,1,0,0,0,0,0,1,0,4,0,0,0,0,1,4,0,1,0,0,0,0,,3,0,0,0,1,0,3,0,0,0,1,0,0,,4,1,0,0,0,0,4,1,0,0,0,0,0,,4,1,0,0,0,0,4,0,1,0,0,0,0,,3,0,0,1,1,1,0,1,1,0,1,1,1,1,0,1,0,0,1,0,1,0,1,1,0,1,1,1,0,1,0,0,0,0,0.5789473684210527,57.89473684210527,0.5238095238095238,52.38095238095239,0.6,60.0,0.5454545454545454,54.54545454545454,0,0,0,0,0,0,0,0,0,0,0,0,0,0,0
18.3.2026. 11:29:59,1,0,0,0,1,0,0,0,,0,0,0,0,0,0,0,1,"Matematičku, prirodoslovno-matematičku gimnaziju",4,3.0,3.0,2025.0,2025.0,,2.0,,0,1,0,0,0,0,0,0,1,1,0,0,0,0,0,0,0,1,Pokazujem sklonost prema praktičnom radu (izrađujem makete | jednostavne uređaje | spretno koristim različite mjerne instrumente | mogu obavljati različite kućne popravke | ...)) | Smatram da su inženjerska zanimanja vrlo cijenjena (dobra plaća | velika mogućnost profesionalnog usavršavanja | ...),3,"Sve zavisi šta je u pitanju, kakav tip zadatak to jest problema. U nekim slučajem sam dolazim do rješenja pomoću drugih načina i tako pokušava riješiti zadatak.",160,27,3,4,Prvo treba znati postaviti zadatak i razumijeti ga. Te onda uz pomoć formula i znanjem matematike se formule prilagođavaju zadatku to jest problemu.,148,23,4,5,Naravno zadatak koji imamo rješava se na način da se nađu formule koje su općenite i sa matematičkim znanjima formule prilagođavamo te na kraju uvrštavamo vrijednosti koje imamo. ,179,28,3,4,2,3,4,3,"Formule treba dobro razumijeti, iz razloga što kad razumijemo formulu lakše možemo baratati s njom u svim zadacima takvih tipova.",129,20,2,"Fizikalne formule su općenito vrlo šture to jest formule su napisane na način da obuhvačaju više stvari. Postoje formule koje su napisane za neku situaciju, ali opet na način da je opčenito napisana, te ju mi prilagođavamo zadatku.",231,38,4,3,4,Zbog toga što kad nacrtam skicu nekog zadatka imam vizualni pristup tome kako nešto izgleda ili u kakvom je odnosu sa drugim.,125,22,3,3,3,Zbog predodžbe o samom zadatku,30,5,3,2,3,3,2,3,4,3,2,4,4,4,"Jer kod simbola moraš paziti na upis i na simbol koji šta znači, dok kod brojeva samo pišeš poznate vrijednosti.",112,20,2,0,1,0,0,0,0,1,0,0,0,4,0,0,0,0,1,4,0,0,0,0,1,0,,3,0,1,0,0,0,3,0,1,0,0,0,0,,3,1,0,0,0,0,4,1,0,0,0,0,0,,4,1,0,0,0,0,4,1,0,0,0,0,0,,3,0,0,0,1,0,0,1,1,0,1,0,1,1,0,1,0,0,0,0,0,0,0,1,0,1,0,0,1,1,0,0,1,1,0.47368421052631576,47.368421052631575,0.38095238095238093,38.095238095238095,0.4,40.0,0.3939393939393939,39.39393939393939,0,1,0,1,1,1,0,0,0,0,0,0,1,2,1
18.3.2026. 11:31:12,1,0,0,0,1,0,0,0,,0,0,0,0,0,0,0,1,Elektrotehničku školu,4,3.0,3.0,2025.0,2025.0,,2.0,,0,1,0,0,0,0,0,0,1,0,0,0,0,0,0,0,0,1,Ljudi ili bližoj okolini imam ljude inženjerskih zanimanja | Smatram da su inženjerska zanimanja vrlo cijenjena (dobra plaća | velika mogućnost profesionalnog usavršavanja | ...),4,Za mene je to istina pošto se zbunim ili nebudem siguran pa moram pitat ili pogledat rješenja da budem siguran.,111,20,3,3,Donekle se slazem ali mislim da je najbitnije znati riješit cijeli zadatak.,75,12,3,4,Mislim da je to istina pošto moraš imat dobre jednađžbe kako bi dobio dobro rješenje.,85,15,2,3,2,3,2,2,Nisu mi intuitivne ali ih koristim.,35,6,3,Donekle mislim da je točno ali ima nelih jednađžbi koje se mogu na više situacija koristit.,91,16,4,2,3,Bolje i lakše razumijem ako nacrtam skicu.,42,7,3,2,3,Crtam ako znam i ako ih treba nacrtat da se zadatak lakše shvati.,65,13,3,3,3,4,2,3,4,3,2,3,4,2,Meni je lakše s vrijednostima.,30,5,3,1,0,0,0,0,0,1,0,0,0,4,0,0,1,0,0,3,0,0,0,1,0,0,,2,0,1,0,0,0,2,0,1,0,0,0,0,,2,0,0,1,0,0,2,0,0,0,0,1,0,,2,0,1,0,0,0,2,1,0,0,0,0,0,,2,0,0,0,0,0,0,0,1,0,0,1,0,1,0,0,0,0,0,0,0,0,1,1,0,1,0,0,0,1,1,0,1,1,0.3157894736842105,31.57894736842105,0.38095238095238093,38.095238095238095,0.5,50.0,0.30303030303030304,30.303030303030305,1,0,0,1,1,1,1,1,1,0,0,0,3,2,2
18.3.2026. 11:32:24,1,0,0,0,1,0,0,0,,0,0,0,0,0,0,0,1,Elektrotehničku školu,4,5.0,5.0,2025.0,2025.0,,2.0,2.0,0,1,0,0,0,0,0,0,1,0,0,0,0,0,0,0,0,1,Imao sam izravan upis,2,"Mogu istražiti u knjizi ili proučiti primjere već rješenih zadataka za neke zadatke, prije traženja pomoći nastavnika",117,17,3,2,Potrebno je razumjeti fiziku kako bih uopće mogao matematički postaviti zadatak,79,11,1,3,Za zadatke koje ja rješavam je to dovoljno,42,8,4,4,2,4,4,5,Kad rješavam zadatke sam tražim formule koje mi povezuju zadane parametre,73,11,4,Slažem se s ovom izjavom jer sam ih koristio,44,9,4,4,4,U nekim zadacima pomaže puno pogotovo kod kosine,48,8,3,1,1,"Crtam samo , ako se sjetim ili ako zadatak traži skicu",54,11,1,1,4,4,3,4,3,3,1,5,5,4,Sam je lakše ubaciti u formule vrijednosti nego izvlačiti simbole iz njih,73,12,5,0,1,0,0,0,0,1,0,0,0,4,0,0,1,0,0,4,0,0,0,0,0,1,imaju istu akceleraciju pa će pasti u isto vrijeme,3,0,0,0,1,0,2,0,0,0,1,0,0,,1,0,0,1,0,0,1,1,0,0,0,0,0,,1,0,1,0,0,0,1,1,0,0,0,0,0,,1,1,0,1,0,0,1,1,1,1,1,0,0,1,1,1,0,0,0,0,0,1,1,0,1,0,0,0,1,1,0,1,1,1,0.631578947368421,63.1578947368421,0.5714285714285714,57.14285714285714,0.6,60.0,0.5454545454545454,54.54545454545454,1,0,0,0,0,0,1,0,0,0,0,0,2,0,0
18.3.2026. 11:34:46,1,0,0,0,1,0,0,0,,0,0,0,0,0,0,0,1,Elektrotehničku školu,4,5.0,5.0,2025.0,2025.0,,2.0,2.0,0,1,0,0,0,0,0,0,1,0,0,0,0,0,0,0,0,1,Dobro poznajem i zanima me računalo (dobro poznajem programiranje | u mogućnosti sam prilično samostalno nadograditi i popraviti software i hardware računala | ...) | Smatram da su inženjerska zanimanja vrlo cijenjena (dobra plaća | velika mogućnost profesionalnog usavršavanja | ...),4,"Teško je na prazan papir bez samostaone vježbe kod kuće i samo sa znanjem koje sam trenutno odslušao tijekom predavanja ili auditornih vježbe zapoćeti nepznati zadatak. Također i sa samostalnin radom ako mi je nulti korak mutan, moram pitat asistenta ili profesora za pomoć.",274,44,4,1,"Matematički dio zadatka nije najvažniji dio za riješiti jer je sav posao već odrađen (nacrtana skica, odabrana pravilne formule, razumijevanje što se traži u zadatku). Izlučiti nepoznanice iz formula, riješiti sustav jednadžbi itd. je najjednostavniji dio zadatka. Najvažniji postupak je razumijevanje što od vas zadatak traži.",327,46,4,3,"Bitno je razumijeti koji je cilj zadataka, što on zahtjeva, na koje pitanje taj zadatak odgovara. No za dobar uspjeh na fakultetu je bitno točno rješenje.",154,26,3,4,2,4,2,4,"Nije potrebno, ali je puno lakše razumijeti po intuiciji.",57,9,3,Jednadžbe su dosta općenite.,28,4,2,4,5,Jako pomaže sa vizualizacijom problema.,39,5,2,5,5,Skice mi osbno jako pomažu shvatiti što zadatak traži i kako se rješava.,72,13,3,2,4,4,2,4,4,5,2,4,4,3,Nema prevelike razlike.,23,3,4,1,0,0,0,0,1,0,0,0,0,4,0,1,0,0,0,3,0,1,0,0,0,0,,3,0,0,1,0,0,3,0,0,1,0,0,0,,3,0,1,0,0,0,4,1,0,0,0,0,0,,4,1,0,0,0,0,3,0,1,0,0,0,0,,3,0,1,1,1,0,0,1,1,1,0,0,0,0,1,1,1,1,1,0,0,1,1,1,1,1,1,0,1,1,0,1,1,1,0.7368421052631579,73.68421052631578,0.7142857142857143,71.42857142857143,0.5,50.0,0.6666666666666666,66.66666666666666,0,0,0,0,0,0,0,0,0,0,0,0,0,0,0
18.3.2026. 12:06:20,0,1,0,0,1,0,0,0,,0,0,0,0,0,0,0,1,"Strukovnu školu bez nastave fizike (ekonomsku, trgovačku, komercijalnu, …)",1,4.0,,2025.0,2025.0,2.0,,,0,0,0,1,0,0,0,0,1,0,0,0,0,0,0,0,0,1,Ljudi ili bližoj okolini imam ljude inženjerskih zanimanja,3,nemam stav ,11,2,1,3,nemam stav ,11,2,3,3,nemam stav,10,2,3,3,3,3,3,3,nemam stav,10,2,3,nemam stav,10,2,3,3,3,nemam stav,10,2,3,3,3,nemam stav,10,2,3,3,3,3,3,3,3,3,3,3,3,3,nemam stav,10,2,3,0,0,1,0,0,0,0,1,0,0,3,0,0,1,0,0,2,0,0,0,1,0,0,,2,0,1,0,0,0,4,0,1,0,0,0,0,,3,1,0,0,0,0,2,0,0,0,1,0,0,,3,0,0,1,0,0,3,1,0,0,0,0,0,,3,0,0,0,0,0,0,0,0,0,0,0,0,0,0,0,0,0,0,0,0,0,0,0,0,0,0,0,0,0,0,0,0,0,0.0,0.0,0.0,0.0,0.0,0.0,0.0,0.0,1,0,0,1,1,1,0,0,0,0,0,0,2,1,1
18.3.2026. 12:08:26,0,1,0,0,1,0,0,0,,0,0,0,0,0,0,0,1,"Strukovnu školu bez nastave fizike (ekonomsku, trgovačku, komercijalnu, …)",1,3.0,,2025.0,2025.0,2.0,,,0,0,0,1,0,0,0,0,1,1,0,0,0,0,0,0,0,1,Ljudi ili bližoj okolini imam ljude inženjerskih zanimanja | Smatram da su inženjerska zanimanja vrlo cijenjena (dobra plaća | velika mogućnost profesionalnog usavršavanja | ...),3,Nema stav,9,2,3,3,Nemam stav,10,2,3,3,Nemam stav,10,2,3,3,3,3,3,3,Nemam stav,10,2,3,Nemam stav,10,2,3,3,3,Nemam stav,10,2,3,3,3,Nemam stav,10,2,3,3,3,3,3,3,3,3,3,3,3,3,Nemam stav,10,2,3,0,1,0,0,0,0,0,1,0,0,4,0,1,0,0,0,2,0,1,0,0,0,0,,2,0,1,0,0,0,2,1,0,0,0,0,0,,2,0,0,1,0,0,2,0,0,1,0,0,0,,2,0,0,1,0,0,2,0,1,0,0,0,0,,3,0,0,0,0,0,0,0,0,0,0,0,0,0,0,0,0,0,0,0,0,0,0,0,0,0,0,0,0,0,0,0,1,0,0.05263157894736842,5.263157894736842,0.047619047619047616,4.761904761904762,0.0,0.0,0.030303030303030304,3.0303030303030303,0,0,0,1,0,0,1,0,0,0,0,0,2,0,0
18.3.2026. 12:11:05,1,0,0,1,0,0,0,0,,0,0,0,0,0,0,0,1,Elektrotehničku školu,4,2.0,3.0,2024.0,2024.0,,2.0,,0,0,1,0,0,0,0,0,1,0,0,0,0,0,0,0,0,1,Ljudi ili bližoj okolini imam ljude inženjerskih zanimanja | Smatram da su inženjerska zanimanja vrlo cijenjena (dobra plaća | velika mogućnost profesionalnog usavršavanja | ...),3,Ako nisam siguran pogledsm do kraja rjesenje,44,7,3,3,Da,2,1,3,3,Slazem se ,10,2,2,3,1,3,3,1,Potrebne su,11,2,3,Slazem se ,10,2,3,3,2,Ne toliko cesto,15,3,5,4,1,Ne crtam,8,2,2,1,1,3,5,3,1,3,2,2,2,5,Teze je,7,2,2,0,0,1,0,0,0,1,0,0,0,3,0,0,0,1,0,1,0,0,0,0,1,0,,3,0,1,0,0,0,2,0,1,0,0,0,0,,4,0,0,1,0,0,4,0,0,1,0,0,0,,2,0,1,0,0,0,4,0,0,0,1,0,0,,1,0,0,0,0,0,0,0,1,0,0,1,0,0,0,0,0,1,0,0,0,0,0,0,0,0,0,0,0,0,0,0,0,1,0.10526315789473684,10.526315789473683,0.14285714285714285,14.285714285714285,0.0,0.0,0.12121212121212122,12.121212121212121,0,1,0,1,1,1,1,0,0,0,1,0,2,3,1
18.3.2026. 12:11:08,0,1,0,0,0,0,0,1,2002.0,0,0,0,0,0,0,0,1,Jezičnu gimnaziju,4,3.0,2.0,2021.0,2021.0,4.0,,,0,0,0,1,0,0,0,0,1,1,0,0,0,0,0,0,0,1,Dobro poznajem i zanima me računalo (dobro poznajem programiranje | u mogućnosti sam prilično samostalno nadograditi i popraviti software i hardware računala | ...) | Ljudi ili bližoj okolini imam ljude inženjerskih zanimanja,1,"Prvo gledam formule, te probam barem od najlakšeg dijela krenuti- teorijski gledajuci",85,12,3,3,Matematika je potrebna za izvoditi formule. osoba koja to ne zna ne moze ni do kraja rijesiti zadatak,101,18,5,5,Slazem se,9,2,3,4,1,5,5,5,"Osobno po mome primjeru, ja sam nazalost vecinu stvari morala napamet ucit",74,12,2,Ne slazem se jer ima mnogo razlicitih primjena,46,8,4,5,4,Tesko mi je povezati sliku i tekst nekad,40,8,2,3,4,Volim skice,11,2,3,3,4,4,3,1,4,4,4,3,4,1,brojevi me zbunjuju radije cu to skroz na kraju,47,9,5,0,1,0,0,0,0,0,1,0,0,4,0,0,1,0,0,4,0,0,0,1,0,0,,5,0,1,0,0,0,4,0,1,0,0,0,0,,4,0,0,1,0,0,2,0,0,0,0,1,0,,3,0,0,0,1,0,2,0,0,0,1,0,0,,3,1,0,0,1,0,0,1,1,1,1,0,1,1,1,1,1,0,1,0,0,1,1,0,0,1,1,1,0,1,1,1,1,0,0.7894736842105263,78.94736842105263,0.6190476190476191,61.904761904761905,0.6,60.0,0.6363636363636364,63.63636363636363,1,0,0,1,1,1,1,1,1,1,1,1,4,3,3
18.3.2026. 13:33:52,1,0,1,0,0,0,0,0,,0,0,0,0,0,0,0,1,Elektrotehničku školu,2,4.0,3.0,2023.0,2023.0,,3.0,,0,0,0,1,0,0,0,0,1,1,0,0,0,0,0,0,0,1,Dobro poznajem i zanima me računalo (dobro poznajem programiranje | u mogućnosti sam prilično samostalno nadograditi i popraviti software i hardware računala | ...) | Ljudi ili bližoj okolini imam ljude inženjerskih zanimanja | Smatram da su inženjerska zanimanja vrlo cijenjena (dobra plaća | velika mogućnost profesionalnog usavršavanja | ...),4,Najvažnije je znati razumjeti i započeti zadatak.,49,7,4,4,"Matematika je alat koji se koristi za rješavanje zadataka. Ako ne znate rukovati alatom, ne možete riješiti zadatak.",116,18,3,4,Poznavajući formule možemo povezati i pronaći ostale fizikalne vrijednosti.,75,9,2,3,2,4,3,3,Jednadžbe se moraju razumjeti što koji član predstavlja.,56,8,2,"Ne postoje ""specifične situacije"", samo veza i korelacija fizikalnih veličina i pojmova",87,12,3,3,5,Skice daju vizualni pogled na zadatak i može dati ideje da se dođe do riješenja.,80,15,3,4,2,"Ako je zadatak lagan, nema potrebe trošiti vrijeme na skice ako nije traženo",76,13,2,3,4,4,4,4,4,4,3,3,4,3,Ovisi o tipu zadatka.,21,4,2,0,0,1,0,0,0,1,0,0,0,4,0,0,1,0,0,4,0,0,0,1,0,0,,5,0,0,1,0,0,4,0,1,0,0,0,0,,4,1,0,0,0,0,3,1,0,0,0,0,0,,3,0,0,0,1,0,2,0,1,0,0,0,0,,2,0,1,0,0,0,0,0,1,1,0,0,1,0,0,1,0,1,0,0,0,1,1,0,1,1,1,0,0,1,0,0,0,1,0.47368421052631576,47.368421052631575,0.42857142857142855,42.857142857142854,0.3,30.0,0.3939393939393939,39.39393939393939,1,0,0,0,1,0,0,0,0,1,0,0,2,1,0
18.3.2026. 14:51:55,1,0,0,0,0,0,0,1,1997.0,0,0,0,0,0,0,0,1,"Strukovnu školu bez nastave fizike (ekonomsku, trgovačku, komercijalnu, …)",1,4.0,,2016.0,2016.0,2.0,,,0,0,0,1,0,0,0,0,1,1,0,0,0,0,0,0,0,1,Dobro poznajem i zanima me računalo (dobro poznajem programiranje | u mogućnosti sam prilično samostalno nadograditi i popraviti software i hardware računala | ...) | Smatram da su inženjerska zanimanja vrlo cijenjena (dobra plaća | velika mogućnost profesionalnog usavršavanja | ...),4,Nisam imao fiziku u srednjoj pa se slabije snalazim.,52,9,3,2,"Dijelom ali zadatk treba postaviti po prilagođenoj formuli, jer bez nje nema ni matematičkog dijela.",100,15,2,2,Uočiti pa prilagoditi formulu pa onda uvrstiti.,47,7,1,4,2,3,3,3,Mislim da ih se mora razumjeti prvo da bi uopce bilo šta riješili.,66,13,3,Nemam neki stav.,16,3,3,3,4,Lakše je uz pomoć skice.,24,5,4,2,1,Crtam tamo gdje mogu zamisliti objekte koji se gibaju.,54,9,1,4,2,3,4,5,5,2,2,5,4,1,Lakše mi ide matematički dio.,29,5,2,0,1,0,0,0,0,1,0,0,0,4,0,0,1,0,0,5,0,0,0,0,0,1,Ako nema utjecaja zraka padaju isto ako ima predmet veceg promjera sporije pada. Masa nema utjecaj.,5,0,1,0,0,0,5,0,1,0,0,0,0,,5,0,0,1,0,0,5,0,0,0,0,1,0,,5,0,0,0,1,0,4,0,0,0,1,0,0,,4,0,0,1,0,1,0,1,1,0,0,0,0,0,0,1,0,0,0,0,1,0,0,0,1,1,0,0,1,1,1,0,1,1,0.3157894736842105,31.57894736842105,0.47619047619047616,47.61904761904761,0.5,50.0,0.3939393939393939,39.39393939393939,1,0,0,1,1,1,1,1,1,1,1,1,4,3,3
18.3.2026. 16:21:08,1,0,0,0,0,1,0,0,,0,0,0,0,0,0,0,1,Elektrotehničku školu,4,2.0,4.0,2025.0,2025.0,3.0,,2.0,0,0,1,0,0,0,0,0,1,0,0,0,0,0,0,0,0,1,Pokazujem sklonost prema praktičnom radu (izrađujem makete | jednostavne uređaje | spretno koristim različite mjerne instrumente | mogu obavljati različite kućne popravke | ...)) | Ljudi ili bližoj okolini imam ljude inženjerskih zanimanja | Smatram da su inženjerska zanimanja vrlo cijenjena (dobra plaća | velika mogućnost profesionalnog usavršavanja | ...),3,Uz danasnje AI alate moguce je brze rijesiti zadartke iz detaljna objasnjenja,77,12,5,2,"Pri rjesavanju fizikalnih zadtaka vaznije je znati fizikalne formule, a manji dio zadtaka su matematicke vjestine",113,16,5,1,Treba kombinirati fizikalne zakone u slozenijim fizikalnim zadacima,67,8,5,5,2,3,5,3,.,1,1,3,.,1,1,3,3,5,Lakše je doći do zaključka ili postupka riješavanja zadataka ako si napravimo skicu,83,13,5,5,5,Pokušavam si olakšati postupak pri riješavanju zadatka i da ga lakše razumijem,78,12,2,2,4,5,5,4,5,3,1,3,2,5,Lakše je riješiti kad su brojevi jer onda znam što i kako mogu kratiti i dijeliti,81,16,1,0,0,0,1,0,0,1,0,0,0,4,0,1,0,0,0,5,0,1,0,0,0,0,,5,0,0,0,1,0,5,0,0,1,0,0,0,,3,0,1,0,0,0,5,1,0,0,0,0,0,,4,1,0,0,0,0,5,0,1,0,0,0,0,,5,0,1,1,1,1,1,1,1,0,1,0,0,0,0,1,0,1,1,0,0,1,1,0,1,1,0,0,0,0,0,0,0,1,0.5789473684210527,57.89473684210527,0.47619047619047616,47.61904761904761,0.2,20.0,0.48484848484848486,48.484848484848484,0,0,0,0,0,0,0,0,0,0,0,0,0,0,0
18.3.2026. 18:37:36,1,0,0,0,0,0,0,1,1999.0,0,0,0,0,0,0,0,1,Elektrotehničku školu,4,3.0,3.0,2018.0,2020.0,3.0,,,0,0,1,0,0,0,0,0,1,1,0,0,0,0,0,0,0,1,Ljudi ili bližoj okolini imam ljude inženjerskih zanimanja | Smatram da su inženjerska zanimanja vrlo cijenjena (dobra plaća | velika mogućnost profesionalnog usavršavanja | ...),2,Za početak ću pokušati sam riješiti odnosno pronaći rješenje ,61,9,3,4,"Ako mi matematičko rješenje ima smisla i odgovora zadatku , u većini slučajeva je točno ",88,15,3,4,"U većini slučajeva je tako, ali ne mora biti ",45,9,5,5,4,4,4,4,Ponekad rješavam rutinski,25,3,3,Neke se mogu koristiti za više situacija,40,7,3,4,4,"Jasnije razumijem zadatak, ako si nacrtan skicu ",48,7,2,3,2,Ako mi nema smisla crtati skicu onda ni neću ,45,9,3,5,4,3,1,5,4,3,3,5,5,3,Ponekad je teže rješavati sa simbolima jer se možemo pogubiti u svemu tome za razliku od brojeva,96,17,3,1,0,0,0,0,0,1,0,0,0,4,0,0,0,0,1,3,0,1,0,0,0,0,,4,0,0,1,0,0,3,0,1,0,0,0,0,,3,1,0,0,0,0,4,1,0,0,0,0,0,,4,1,0,0,0,0,3,0,1,0,0,0,0,,3,1,0,0,0,0,1,1,0,1,1,0,0,0,1,1,1,0,0,0,1,1,0,1,1,1,0,0,1,1,0,0,1,1,0.5263157894736842,52.63157894736842,0.5238095238095238,52.38095238095239,0.6,60.0,0.5151515151515151,51.515151515151516,0,0,0,0,1,0,0,0,0,0,0,0,0,1,0
18.3.2026. 18:40:08,1,0,0,0,0,0,0,1,2003.0,0,0,0,0,0,0,0,1,"Strukovnu školu (strojarsku, građevinsku, medicinsku, …)",2,3.0,3.0,2022.0,2022.0,,3.0,2.0,0,0,1,0,0,0,0,0,1,0,0,0,0,0,0,0,0,1,Smatram da su inženjerska zanimanja vrlo cijenjena (dobra plaća | velika mogućnost profesionalnog usavršavanja | ...),2,Prokomentiram zadatak sa kolegama ,34,4,3,5,Pa tako kako pise,17,4,3,3,Nekad da a nekad ne,19,5,3,5,1,3,3,1,Potrebno je razumjeti jednadžbe,31,4,5,Pa svaka cijelina ima svoje riješenje u obliku jednadžbe,56,9,1,5,5,Lakše je kada se vidi situacija,31,6,1,5,5,Lakše je kada se vidi zadatak na slici,38,8,5,5,5,3,1,5,5,3,1,3,5,1,Lakše je kada piše simbol nego dugacak broj,43,8,5,0,0,0,0,1,0,0,0,0,1,4,0,0,0,0,1,3,0,1,0,0,0,0,,3,0,1,0,0,0,5,0,0,0,0,0,1,Centrifugalna sila – nije stvarna sila u inercijskom sustavu (to je prividna sila,5,0,0,1,0,0,3,0,0,0,0,0,1,"Kad jaje sklizne s postolja, ono zadržava horizontalnu brzinu bicikla",5,1,0,0,0,0,5,0,1,0,0,0,0,,3,1,0,0,0,0,0,1,1,0,0,1,0,0,1,1,1,1,1,1,1,1,0,1,1,1,0,0,0,1,1,1,0,0,0.3684210526315789,36.84210526315789,0.6190476190476191,61.904761904761905,0.6,60.0,0.5454545454545454,54.54545454545454,0,0,0,1,0,0,1,0,0,0,0,0,2,0,0
18.3.2026. 18:40:47,1,0,0,0,0,0,0,1,2000.0,0,0,0,0,0,0,0,1,Elektrotehničku školu,4,3.0,2.0,,2019.0,4.0,,,0,0,1,0,0,0,0,0,1,0,0,0,0,0,0,0,0,1,Smatram da su inženjerska zanimanja vrlo cijenjena (dobra plaća | velika mogućnost profesionalnog usavršavanja | ...),4,"Smatram da ako ne znam započeti, pozovem nadležnu osobu za svojr obrazovanje u pomoć",84,14,2,4,Matematički dio ujedno daje i bodove potrebne za prolaz na ispitima,67,11,3,5,"Ugrubo rečeno, ali da, smatram da tako najbolje rješavam zadatke. ",66,10,2,4,2,2,4,4,"Po meni bitno je povezati jednadžbu s problemom, identificirati značenje pojedinih oznaka i uvrstiti zadane vrijednost ",119,16,4,"S obzirom na broj specifičnih jednadžbi s kojima smo se susretali, smatram da su specifične",91,15,2,3,4,"Skica služi za perspektivu zadatka, te može olakšati i predočiti rješenje. ",75,11,2,5,1,"Ako zadatak traži skicu, onda tek nacrtam. ",43,7,2,4,4,3,2,4,5,1,1,4,5,4,"Stvar navike i subjektivnost, ali realno isto je",48,8,1,0,1,0,0,0,0,0,1,0,0,4,1,0,0,0,0,4,0,1,0,0,0,0,,2,0,1,0,0,0,1,0,0,1,0,0,0,,1,0,1,0,0,0,4,1,0,0,0,0,0,,5,0,0,0,1,0,3,1,0,0,0,0,0,,1,0,0,0,0,0,0,1,1,0,1,0,0,0,0,1,1,1,0,0,1,1,0,1,1,1,0,0,1,1,0,0,1,0,0.3684210526315789,36.84210526315789,0.5238095238095238,52.38095238095239,0.5,50.0,0.42424242424242425,42.42424242424242,0,0,0,1,0,0,0,0,0,1,0,0,2,0,0
18.3.2026. 18:41:40,1,0,0,0,0,0,0,1,2000.0,0,0,0,0,0,0,0,1,Elektrotehničku školu,4,3.0,4.0,2019.0,2019.0,,3.0,,0,0,1,0,0,0,0,0,1,0,0,0,0,0,0,0,0,1,Pokazujem sklonost prema praktičnom radu (izrađujem makete | jednostavne uređaje | spretno koristim različite mjerne instrumente | mogu obavljati različite kućne popravke | ...)) | Smatram da su inženjerska zanimanja vrlo cijenjena (dobra plaća | velika mogućnost profesionalnog usavršavanja | ...),3,"Ako nisam siguran, potražim na internetu ili upitam umjetnu inteligenciju za pomoć",82,12,3,5,Matematika je alat koji se koristi u fizici,43,8,5,5,Svaka jednadžba se može raspisati uz pomoć drugih jednadžbi,59,9,4,4,1,3,4,4,Nije svaka jednadžba intuitivna,31,4,1,Svaka ili većina jednadžbi se može raspisati uz pomoć drugih,60,10,4,4,3,Lakše je za razumjeti zadatak ako se skicira problem,52,9,3,3,3,Lakše je za razumjeti zadatak ako se skicira problem,52,9,3,2,4,4,2,4,5,4,2,3,4,5,Lakše je uvrstiti brojeve i riješavati sa njima nego sa nepoznanicama,69,11,2,0,0,1,0,0,0,0,1,0,0,4,0,0,1,0,0,5,0,0,0,1,0,0,,5,0,0,0,1,0,4,0,0,0,1,0,0,,4,0,1,0,0,0,1,0,0,1,0,0,0,,1,0,0,0,1,0,5,0,0,0,1,0,0,,5,0,0,0,1,0,1,1,1,0,1,0,1,1,1,0,0,0,0,0,0,1,1,1,1,1,1,0,0,1,0,0,0,0,0.631578947368421,63.1578947368421,0.38095238095238093,38.095238095238095,0.5,50.0,0.45454545454545453,45.45454545454545,1,0,0,0,0,0,0,0,0,1,1,1,2,1,1
18.3.2026. 18:44:49,0,1,0,0,0,0,0,1,2002.0,0,0,0,0,0,0,0,1,Jezičnu gimnaziju,2,3.0,3.0,,2021.0,3.0,3.0,,0,0,1,0,0,0,0,0,0,0,0,0,0,0,0,0,0,1,Ljudi ili bližoj okolini imam ljude inženjerskih zanimanja,3,"Ako nisam sigurna da razumijem zadatak, preferiram da mi netko objasni kako ne bi gubila vrijeme.",97,16,3,5,Bez matematike teško se može pristupiti rješavanju zadataka.,60,8,4,3,Nije baš tako jednostavno ali ugrubo se slažem,46,8,2,4,2,3,4,5,Smatram da su jednadžbe jednostavne za riješiti ukoliko znamo sto trazimo i prepoznamo koji parametri su nam poznati.,117,18,4,Slažem se jer sam se dosada iz fizike susrela sa velikim brojem jednadžbi od jednostavnih do složenih a svaka od njih se može izvesti i odnositi na različite situacije ,168,29,4,5,4,Ponekad bez crteža ne mogu ni shvatiti zadatak i smatram da to jako pomaže u rješavanju,87,16,4,4,3,Ponekad pokušam ali većinom ne crtam ako mislim da nema potrebe,63,11,2,5,5,4,3,5,5,3,2,5,5,5,Lakše je shvatiti zadatak kada su brojevi u pitanju,51,9,3,0,1,0,0,0,0,0,0,1,0,4,0,0,1,0,0,4,0,0,0,1,0,0,,3,0,1,0,0,0,3,0,1,0,0,0,0,,3,1,0,0,0,0,3,1,0,0,0,0,0,,3,0,0,0,0,1,3,0,0,0,0,1,0,,3,0,0,0,1,0,0,1,1,0,1,0,0,1,1,1,0,1,0,0,1,1,1,0,1,1,0,0,1,1,0,0,1,0,0.5263157894736842,52.63157894736842,0.5714285714285714,57.14285714285714,0.6,60.0,0.48484848484848486,48.484848484848484,1,0,0,1,1,1,0,0,0,0,0,0,2,1,1
18.3.2026. 18:44:53,1,0,0,0,0,0,0,1,2003.0,0,0,0,0,0,0,0,1,Elektrotehničku školu,2,3.0,2.0,2022.0,2022.0,3.0,,,0,0,1,0,0,0,0,0,1,0,0,0,0,0,0,0,0,1,Smatram da su inženjerska zanimanja vrlo cijenjena (dobra plaća | velika mogućnost profesionalnog usavršavanja | ...),1,"Snalazim se po skriptama, biljeznicama, zadacima…",49,6,3,4,Potrebno je primjeniti matematicka znanja i vjestine za rijesiti zadatke,72,10,4,5,/,1,1,3,3,1,3,3,3,/,1,1,5,/,1,1,1,3,4,Skica je pola zadatka,21,4,2,1,1,/,1,1,1,1,4,3,4,5,2,2,1,1,3,3,/,1,1,4,0,0,1,0,0,0,0,1,0,0,4,0,0,0,0,1,4,0,1,0,0,0,0,,5,0,0,0,1,0,3,0,0,0,1,0,0,,3,1,0,0,0,0,3,0,0,0,0,1,0,,3,1,0,0,0,0,4,0,1,0,0,0,0,,3,1,0,0,1,0,0,0,1,0,0,0,0,0,0,1,1,0,0,0,0,1,0,0,1,0,0,0,0,0,0,1,0,0,0.21052631578947367,21.052631578947366,0.23809523809523808,23.809523809523807,0.2,20.0,0.24242424242424243,24.242424242424242,0,0,0,0,0,0,0,1,0,0,0,0,0,1,0
18.3.2026. 18:44:58,1,0,0,0,0,0,0,1,2003.0,0,0,0,0,0,0,0,1,"Strukovnu školu (strojarsku, građevinsku, medicinsku, …)",4,4.0,4.0,2022.0,2022.0,4.0,,,0,0,1,0,0,0,0,0,1,1,0,0,0,0,0,1,0,1,Smatram da su inženjerska zanimanja vrlo cijenjena (dobra plaća | velika mogućnost profesionalnog usavršavanja | ...),3,"Pomocu interneta danas veoma je lagano doci do rjesenja nekog odredjenog zadatka, tako da se to moze lako rijesiti ali se i trudim sam shvatiti zadatak.",152,26,4,4,"Fizika je u bliskoj poveznici sa matematikom, tako da kada god treba rijesiti neki fizikalni zadatak, tu se primjenjuje i matematika",132,21,4,5,Slazem se,9,2,4,5,3,3,5,3,Trudim se sto bolje nauciti zadanu jednadzbu te njezine parametre za rjesavanje zadatka,87,13,4,Svaka jednadzba moze imati drugacije rjesenje,45,6,4,3,4,"Pomocu skice mi je puno lakse razumjeti zadatak, vizualno mi olaksava",69,11,3,4,4,"Ako sam naucio taj dio koji je vezan za te dijagrame i skice, nacrtat cu ih ako se traze u zadatku",98,21,3,3,4,4,1,4,5,4,3,4,5,3,Meni je podjednako za obje situacije,36,6,4,0,1,0,0,0,1,0,0,0,0,4,0,0,1,0,0,4,0,0,0,0,1,0,,3,0,1,0,0,0,2,0,1,0,0,0,0,,3,1,0,0,0,0,4,1,0,0,0,0,0,,4,0,0,0,0,1,3,0,0,0,0,1,0,,3,0,1,0,1,0,1,1,0,0,1,0,0,1,0,1,0,1,1,0,0,1,1,1,1,1,1,0,1,1,0,1,1,1,0.6842105263157895,68.42105263157895,0.7142857142857143,71.42857142857143,0.6,60.0,0.6060606060606061,60.60606060606061,1,1,1,1,1,1,0,0,0,0,0,0,2,2,2
18.3.2026. 18:45:21,1,0,0,0,0,0,0,1,2002.0,0,0,0,0,0,0,0,1,"Strukovnu školu (strojarsku, građevinsku, medicinsku, …)",3,4.0,3.0,,2021.0,,2.0,,1,0,0,0,0,0,0,0,1,1,0,0,0,0,0,0,0,1,Pokazujem sklonost prema praktičnom radu (izrađujem makete | jednostavne uređaje | spretno koristim različite mjerne instrumente | mogu obavljati različite kućne popravke | ...)) | Smatram da su inženjerska zanimanja vrlo cijenjena (dobra plaća | velika mogućnost profesionalnog usavršavanja | ...),2,Prvo probam nekoliko puta,25,4,4,4,"Nemam razlog
",13,2,4,5,".
",2,1,3,5,3,4,4,3,.,1,1,4,.,1,1,4,3,4,Za lakse rjesavanje i razumijavanje zadatka.,44,6,3,3,4,Za lakše snalaženje.,20,3,3,4,5,3,1,4,5,3,3,4,4,4,Lakše se snalazim sa brojčanim vrijednostima,44,6,3,0,1,0,0,0,1,0,0,0,0,4,0,0,1,0,0,5,0,0,0,1,0,0,,4,0,1,0,0,0,3,0,1,0,0,0,0,,3,1,0,0,0,0,4,1,0,0,0,0,0,,4,0,0,0,0,1,3,0,0,0,0,1,0,,3,1,1,0,1,0,0,1,0,1,1,0,0,1,0,1,0,0,1,0,1,1,0,1,1,1,0,0,1,1,0,0,1,1,0.5789473684210527,57.89473684210527,0.5714285714285714,57.14285714285714,0.7,70.0,0.5454545454545454,54.54545454545454,1,0,0,1,1,1,0,0,0,0,0,0,2,1,1
18.3.2026. 18:45:22,1,0,0,0,0,0,0,1,2001.0,0,0,0,0,0,0,0,1,"Matematičku, prirodoslovno-matematičku gimnaziju",4,2.0,3.0,2020.0,2020.0,4.0,,2.0,0,0,1,0,0,0,0,0,1,0,0,0,0,0,0,0,0,1,Ljudi ili bližoj okolini imam ljude inženjerskih zanimanja | Smatram da su inženjerska zanimanja vrlo cijenjena (dobra plaća | velika mogućnost profesionalnog usavršavanja | ...),3,Nekad mi treba pomoc nekad promislim,36,6,3,2,"Potrebno je shvatiti sta se dogada u zadatku te znat formule, matematicki dio bude vecinom uvrstavanje ali naravno ima izuzetaka gdje je potrebno bit dobar matematicar",167,26,4,5,Slazem se,9,2,2,4,3,3,4,3,"A ponekad razmislim o formuli a nekad samo uvrstavam bez razmisljanja, iz tog razloga ne znam kako bi odgovorio.",112,19,4,Slazem se s ovim,16,4,2,3,4,Slika nam podosta pomaze oko zadatka.,37,6,4,2,2,Nisam bas neki sa skicama iako znam da puno pomazu.,51,10,3,2,3,2,3,4,4,3,2,2,4,4,Lakse je sa brojevima.,22,4,4,0,1,0,0,0,1,0,0,0,0,4,0,0,1,0,0,4,0,0,0,1,0,0,,3,0,1,0,0,0,3,0,1,0,0,0,0,,3,1,0,0,0,0,3,1,0,0,0,0,0,,3,0,0,0,0,1,2,0,0,0,0,1,0,,3,0,0,1,1,0,0,1,0,0,1,0,0,0,0,1,0,0,0,0,0,0,0,0,1,1,0,0,0,1,0,1,1,1,0.3157894736842105,31.57894736842105,0.42857142857142855,42.857142857142854,0.2,20.0,0.3333333333333333,33.33333333333333,1,0,0,1,1,1,0,0,0,0,0,0,2,1,1
18.3.2026. 18:45:24,1,0,0,0,0,0,0,1,2003.0,0,0,0,0,0,0,0,1,Opću gimnaziju,4,3.0,3.0,2022.0,2022.0,3.0,,,0,0,1,0,0,0,0,0,1,1,0,0,0,0,0,0,0,1,Pokazujem sklonost prema praktičnom radu (izrađujem makete | jednostavne uređaje | spretno koristim različite mjerne instrumente | mogu obavljati različite kućne popravke | ...)) | Dobro poznajem i zanima me računalo (dobro poznajem programiranje | u mogućnosti sam prilično samostalno nadograditi i popraviti software i hardware računala | ...),3,"Trudim se sam shvatiti, a i uz internet je lako pronaci odgovore",64,12,3,4,.,1,1,3,5,Pa da,5,2,3,3,1,3,2,3,Trudim se,9,2,5,Na puno nacina se moze doci do rjesenja,39,8,2,2,2,Lakse je zapoceti,17,3,1,5,3,Lakše je,8,2,1,2,5,4,1,5,5,5,1,3,3,5,Lakse mi je kada ima brojeva,28,6,1,0,1,0,0,0,1,0,0,0,0,4,0,0,1,0,0,5,0,0,0,1,0,0,,5,0,1,0,0,0,4,0,1,0,0,0,0,,4,1,0,0,0,0,5,1,0,0,0,0,0,,5,0,0,0,0,1,5,0,0,0,0,1,0,,5,0,0,0,0,0,0,0,1,0,0,0,0,0,0,0,1,1,0,0,0,1,1,1,1,1,1,0,0,0,0,0,1,1,0.3684210526315789,36.84210526315789,0.42857142857142855,42.857142857142854,0.3,30.0,0.3333333333333333,33.33333333333333,1,0,0,1,1,1,0,0,0,0,0,0,2,1,1
18.3.2026. 18:46:16,1,0,0,0,0,0,0,1,2003.0,0,0,0,0,0,0,0,1,Elektrotehničku školu,4,2.0,2.0,2021.0,2021.0,3.0,,,0,0,1,0,0,0,0,0,1,0,0,0,0,0,0,0,0,1,Pokazujem sklonost prema praktičnom radu (izrađujem makete | jednostavne uređaje | spretno koristim različite mjerne instrumente | mogu obavljati različite kućne popravke | ...)) | Smatram da su inženjerska zanimanja vrlo cijenjena (dobra plaća | velika mogućnost profesionalnog usavršavanja | ...),3,Mislim da je započinjane zadatka najvažniji dio te da je najbitniji dio rijesavanja zadatka. Pa ako dođe do problema tu onda ne znam kako dalje.,144,25,4,4,Veoma je bitno znati riješiti matematički dio zadatka ali također je potrebno znati neka fizikalna načela koja se nalaze u zadatku da bi uopce došli do matematičkog dijela.,172,28,2,5,U potpunosti se slažem. Mislim da se većina fizike odnosi na uvrštavanje poznatih vrijednosti u vec definirane formule kako bi dobili nepoznatu vrijednost.,155,23,2,3,1,4,4,2,Mislim da je jako potrebno razumijete jednadžbe.,48,7,2,Mislim da se neke jednadžbe mogu koristiti u vise situacija.,60,10,5,3,4,Mislim da skica dosta olakšava rijesavanje zadatka posto mozemo nacrtat i prisjetit se nekih stvari koje nam mogu pobjeći ako samo u glavi razmišljamo.,151,24,4,4,2,Mislim da je besmisleno crtati skice u nekim problemima.,56,9,3,1,4,5,1,2,5,4,2,2,5,3,Simboli nekada mogu zbuniti ako ih ima previse ,47,8,3,0,1,0,0,0,0,1,0,0,0,4,0,0,1,0,0,5,0,0,0,0,0,1,Pise da je sila otpora zraka zanemariva pa pretpostavljam da se to izvodi u vakuumu pa bi pale u isto vrijeme,5,0,0,0,1,0,4,0,0,0,1,0,0,,3,0,1,0,0,0,5,1,0,0,0,0,0,,5,1,0,0,0,0,5,0,1,0,0,0,0,,5,0,1,0,0,0,0,0,1,1,1,1,1,1,0,1,0,1,0,0,0,1,1,1,0,1,1,0,0,1,0,0,1,1,0.631578947368421,63.1578947368421,0.5714285714285714,57.14285714285714,0.4,40.0,0.5151515151515151,51.515151515151516,1,0,0,0,0,0,0,0,0,0,0,0,1,0,0
18.3.2026. 18:46:27,1,0,0,0,0,0,0,1,1997.0,0,0,0,0,0,0,0,1,Elektrotehničku školu,4,3.0,4.0,2016.0,2016.0,4.0,,3.0,0,0,1,0,0,0,0,0,1,0,0,0,0,0,0,0,0,1,Pokazujem sklonost prema praktičnom radu (izrađujem makete | jednostavne uređaje | spretno koristim različite mjerne instrumente | mogu obavljati različite kućne popravke | ...)),1,Ako ne znam kako riješiti zadatak prvo pokušam sam nekako riješit pomoću materijala iz predavanja. Ukoliko onda ne uspijem potražim pomoć.,138,21,3,3,Pomoću teksta iz zadatka nastojim prvo definirati zadatak tj. Pravilno ga postaviti. Zatim ga riješiti ispravno.,112,16,5,4,Djelomično se slažem jer uvijek nastojim razumijeti zadatak. ,61,8,5,5,1,3,5,2,Svaku jednadzbu nastojim razumijeti. Nekad u zadatku mi intuicija sama govori koju jednazdbu je potrebno primijeniti.,117,16,5,U potpunosti se slažem. Iza svake jednadžbe stoji razlog zašto je baš potrebno nju primijeniti.,95,15,5,5,5,Lakše mi je razmišljati nakon što prije samog rješavanja zadataka napravim skicu. ,82,12,3,5,4,Ne nužno uvijek. Nekad samo kada mi je potrebno pri rješavanju zadatka.,71,12,5,5,1,5,2,4,5,4,3,3,5,4,Prilikom čitanja zadatka dogadalo mi se prije da nisam uvijek dobro postavio zadatak.,85,13,3,0,0,1,0,0,0,0,0,1,0,4,0,0,0,0,1,4,0,1,0,0,0,0,,5,0,0,0,0,1,4,1,0,0,0,0,0,,3,1,0,0,0,0,5,0,0,1,0,0,0,,5,1,0,0,0,0,3,0,1,0,0,0,0,,3,1,0,0,1,0,1,1,1,0,1,1,0,1,1,1,0,1,1,1,1,0,1,1,1,1,1,0,0,1,0,0,0,0,0.5789473684210527,57.89473684210527,0.6190476190476191,61.904761904761905,0.7,70.0,0.6060606060606061,60.60606060606061,0,0,0,0,0,0,0,0,0,0,0,0,0,0,0
18.3.2026. 18:46:45,1,0,0,0,0,0,0,1,2003.0,0,0,0,0,0,0,0,1,Prirodoslovna gimnazija Ruđer Bošković,4,4.0,4.0,2022.0,2022.0,4.0,,,0,0,1,0,0,0,0,0,1,1,0,0,0,0,0,0,0,1,Pokazujem sklonost prema praktičnom radu (izrađujem makete | jednostavne uređaje | spretno koristim različite mjerne instrumente | mogu obavljati različite kućne popravke | ...)) | Smatram da su inženjerska zanimanja vrlo cijenjena (dobra plaća | velika mogućnost profesionalnog usavršavanja | ...),3,Uglavnom se prvo obratim kolegama ili pogledam neke slicne zadatke kao i zbirke ako pise iz cega su zadatci.,108,19,4,3,"Potrebno je poznavati matematiku ako se treba derivirati, integrirati kako bi se doslo do formule ako je nemamo u formulama",123,20,4,5,Istina,6,1,3,4,2,3,3,3,Sve se da naučit,16,4,4,.,1,1,4,2,4,.,1,1,2,3,2,"Ako nije zadano a da se rijesiti bez nacrtane skice, rijetko kad nacrtam",72,13,2,3,4,3,2,5,4,3,3,4,3,4,Kompliciranije je sa slovima,28,4,3,0,1,0,0,0,1,0,0,0,0,4,0,0,1,0,0,4,0,0,0,1,0,0,,4,0,1,0,0,0,4,0,1,0,0,0,0,,3,1,0,0,0,0,3,1,0,0,0,0,0,,3,0,0,0,0,1,2,0,0,0,0,1,0,,2,0,1,0,1,0,0,1,1,0,0,0,0,1,0,1,1,0,0,0,0,1,0,1,1,1,0,0,1,0,0,0,1,1,0.47368421052631576,47.368421052631575,0.42857142857142855,42.857142857142854,0.4,40.0,0.42424242424242425,42.42424242424242,1,0,0,1,1,1,0,0,0,0,0,0,2,1,1
18.3.2026. 18:46:56,1,0,0,0,0,0,0,1,2002.0,0,0,0,0,0,0,0,1,"Matematičku, prirodoslovno-matematičku gimnaziju",4,4.0,4.0,2020.0,2020.0,4.0,,,0,0,1,0,0,0,0,0,1,1,0,0,0,0,0,0,0,1,Smatram da su inženjerska zanimanja vrlo cijenjena (dobra plaća | velika mogućnost profesionalnog usavršavanja | ...),2,Pokušati ću usporediti zadatke sa prijasnjim zadacima koje smo rjesavali. Ako ne uspijem nakon toga cu pitati za pomoc profesora ili asistenta.,143,22,4,4,Smatram da je bitno rjesiti racunski dio zadatka kako bi mogao predociti rješenje i zamisliti ga u konkretnom slucaju.,118,19,4,3,Mislim da je teorijska obrada zadatka jednako bitna ko i uvrstavanje podataka u formule.,88,14,4,5,2,4,4,2,Smatram ako se jednadžbe nerazumiju da tada je jako lako doci do pogreske i iskoristiti krive parametre.,104,17,4,Smatram da fizika sadrzi opce formule za svaku situaciju ali i mnoge specificne za određene probleme,100,16,4,4,3,"Situacija sa skiciranjem zadanog problema ovisi o vrsti zadatka. Ako smatram da skica pomaze pri rjesavanju zadatka, onda cu je nacrtati.",137,21,2,5,4,Smatram da skice pomazu ka pronalasku rjesenja.,47,7,5,4,5,4,1,5,5,5,5,4,5,1,"Smatram da su zadaci sa brojevima i simbolima slične tezine, i ako ponekad zadaci sa simbolima mogu predstaviti tezi problem.",125,20,2,0,1,0,0,0,0,1,0,0,0,4,0,0,0,0,1,5,0,0,0,0,1,0,,5,0,0,0,1,0,4,0,0,0,1,0,0,,4,0,1,0,0,0,4,1,0,0,0,0,0,,4,0,0,0,1,0,4,0,0,0,1,0,0,,3,1,1,0,1,0,1,1,1,1,1,1,0,1,1,0,1,1,1,1,1,1,1,1,1,1,1,1,1,1,1,0,1,1,0.8947368421052632,89.47368421052632,0.8571428571428571,85.71428571428571,1.0,100.0,0.8484848484848485,84.84848484848484,0,1,0,0,0,0,0,0,0,1,1,1,1,2,1
18.3.2026. 18:49:02,1,0,1,0,0,0,0,0,,0,0,0,0,0,0,0,1,Elektrotehničku školu,4,2.0,3.0,2022.0,2022.0,3.0,,,0,0,1,0,0,0,0,0,1,0,0,0,0,0,0,0,0,1,Išao sam u tehničku srednju školu.,2,Prvo bih pokušao pronaći sličan zadatak na internetu ili u nekom drugom izvoru.,79,13,3,5,Zadaci u fizici su čista matematika.,36,6,3,4,"U većini zadataka jedino je potrebno uvrstiti vrijednosti u formule i izračunati ih, dok su neki zadaci logički.",112,18,3,3,3,3,3,2,"Iako se mogu prepisati, potrebno je znati što te jednadžbe znače.",65,11,5,"Svako prodručje fizike(dinamika, kinematika...) ima svoje formule koje se koriste samo u tim situcijama.",104,14,3,3,3,Skice/dijagrame jedino koristim kada su zadani u zadatku.,57,8,2,1,1,Skice i dijagrame crtam jedino kada zadatak traži.,50,8,1,1,4,2,1,1,2,1,3,4,4,3,"Zadaci sa simbolima zahtijevaju više vremena za pisanje zadatka, no ne moraju nužno biti kompliciraniji od numeričkih zadataka.",127,18,4,0,0,0,0,1,0,0,0,0,1,4,0,0,1,0,0,4,0,0,0,1,0,0,,3,0,0,1,0,0,3,0,1,0,0,0,0,,2,1,0,0,0,0,2,0,0,0,0,1,0,,2,1,0,0,0,0,2,0,0,1,0,0,0,,2,1,0,0,0,0,0,0,0,0,0,1,0,0,0,0,1,0,0,0,0,1,0,1,0,0,0,0,1,1,0,1,0,0,0.15789473684210525,15.789473684210526,0.2857142857142857,28.57142857142857,0.4,40.0,0.24242424242424243,24.242424242424242,1,0,0,0,1,0,0,1,0,0,0,0,1,2,0
18.3.2026. 21:53:07,1,0,0,0,1,0,0,0,,0,0,0,0,0,0,0,1,Opću gimnaziju,4,4.0,4.0,2025.0,2025.0,,3.0,2.0,0,1,0,0,0,0,0,0,1,1,0,0,0,0,0,0,0,1,Ljudi ili bližoj okolini imam ljude inženjerskih zanimanja | Smatram da su inženjerska zanimanja vrlo cijenjena (dobra plaća | velika mogućnost profesionalnog usavršavanja | ...) | Nagovor roditelja (ispunjavam želju svojih roditelja),4,"Kad ne znam riješiti zadatak, pitam nekoga za pomoć, inače ću izgubiti volju za rješavanjem.",92,15,3,1,"Pri rješavanju je najbitnije razumije zadatak, tj. koncepte koji su potrebni za njegovo rješavanje i što se u njenu traži.",122,20,3,1,Mislim da rješavanje zadataka iz fizike nije tako jednostavno.,62,9,2,4,1,2,3,3,Jednadžbe su korisne tek nakon što shvatimo zadatak.,52,8,5,"Ima puno formula tj. jednadžbi koje je nemoguće sve znati napamet, a nekada su i dozvoljene formule ograničene ili ne vrijede za trenutni zadatak.",146,24,2,5,2,"Iz skice možemo dobiti neku osnovnu sliku o pojavi u zadatku, no sama skica je u većini slučajeva nedovoljna za rješavanje zadatka.",131,22,5,2,4,"Da, pogotovo kada nije iznešeno dovoljno informacija u tekstu zadatka.",70,10,3,1,1,4,5,3,2,2,1,3,3,4,Brojevi su manje apstraktni od simbola.,39,6,2,0,0,0,0,1,0,0,1,0,0,4,0,0,0,0,1,4,0,0,1,0,0,0,,5,0,0,0,1,0,5,0,0,0,1,0,0,,4,1,0,0,0,0,5,1,0,0,0,0,0,,4,1,0,0,0,0,3,0,1,0,0,0,0,,4,0,0,1,0,1,0,1,1,0,0,0,0,0,1,0,0,0,1,0,0,0,1,0,0,0,0,0,0,0,0,0,0,0,0.3157894736842105,31.57894736842105,0.14285714285714285,14.285714285714285,0.1,10.0,0.21212121212121213,21.21212121212121,0,0,0,0,0,0,0,0,0,0,0,0,0,0,0
19.3.2026. 11:51:34,1,0,0,0,1,0,0,0,,0,0,0,0,0,0,0,1,Elektrotehničku školu,4,2.0,4.0,2025.0,2025.0,3.0,,2.0,0,0,1,0,0,0,0,0,1,0,0,0,0,0,0,0,0,1,Pokazujem sklonost prema praktičnom radu (izrađujem makete | jednostavne uređaje | spretno koristim različite mjerne instrumente | mogu obavljati različite kućne popravke | ...)) | Smatram da su inženjerska zanimanja vrlo cijenjena (dobra plaća | velika mogućnost profesionalnog usavršavanja | ...),3,Ponekad mi se dogodi da nisam siguran kako započeti pa se dogodi nekakav tip blokade u razmišljanju.,100,17,4,3,Jednako je važno i matematički i fizikalno.,43,7,4,4,Moramo naći odgovarajuće jednadžbe da bi došli do rješenja.,59,9,3,4,2,3,4,2,Potrebno je razumjeti jednadžbe.,32,4,4,Često se u zadacima rješavaju jednadžbe.,40,6,5,4,5,Skica je pola zadatka.,22,4,4,4,3,Iako su važne nekada ne znam dobro sebi predočiti što i kako skicirati.,71,13,3,5,5,5,3,4,4,5,4,3,4,4,Lakše je skužiti što je što i manje je zbunjujuće.,50,10,3,0,1,0,0,0,0,0,1,0,0,4,0,0,1,0,0,5,0,0,0,0,0,1,"Razlog je u tome što na sva tijela djeluje ista gravitacija, bez obzira na masu. Dakle, bilijarska kugla i teniska loptica padaju jednako brzo ako nema zraka.",5,0,1,0,0,0,4,0,1,0,0,0,0,,5,0,0,1,0,0,4,0,0,0,0,1,0,,4,0,0,0,1,0,5,0,0,0,1,0,0,,4,0,1,0,1,0,0,1,1,0,1,1,0,1,1,1,0,1,0,0,1,1,1,0,1,1,1,1,0,1,0,0,1,0,0.631578947368421,63.1578947368421,0.6190476190476191,61.904761904761905,0.6,60.0,0.5757575757575758,57.57575757575758,1,0,0,1,1,1,1,1,1,1,1,1,4,3,3
20.3.2026. 08:18:49,1,0,0,1,0,0,0,0,,0,0,0,0,0,0,0,1,Opću gimnaziju,4,4.0,3.0,2024.0,2024.0,,3.0,2.0,1,0,0,0,0,0,0,0,1,1,0,0,0,0,0,0,0,1,Ljudi ili bližoj okolini imam ljude inženjerskih zanimanja,2,Borim se prvo sam. Pokušam potražiti pomoć od prijatelja pa tek od umjetne inteligencije,88,14,1,3,Jest to bitno ako skontaš šta treba izračunati,46,8,1,1,Ajmo reći,9,2,4,3,2,2,2,2,Slažem se,9,2,3,To je otprilike točno,21,4,1,1,1,Ja ne razmišljam kada rješavam fiziku,37,6,2,1,1,Ne crtam skice,14,3,1,1,1,1,4,4,5,3,1,3,1,3,Pa ako je nekome problem analizirati sliku naravno da će mu biti teže,69,13,1,0,0,1,0,0,0,0,0,1,0,4,0,0,0,0,1,5,0,1,0,0,0,0,,5,0,0,0,1,0,3,0,0,0,1,0,0,,2,0,1,0,0,0,2,0,0,1,0,0,0,,2,1,0,0,0,0,3,0,0,1,0,0,0,,2,1,0,0,0,1,1,0,1,0,0,1,0,0,0,0,1,0,0,0,0,0,0,0,1,1,0,0,0,0,0,0,0,0,0.21052631578947367,21.052631578947366,0.19047619047619047,19.047619047619047,0.2,20.0,0.24242424242424243,24.242424242424242,0,0,0,0,0,0,0,0,0,0,0,0,0,0,0
20.3.2026. 08:18:50,1,0,0,0,1,0,0,0,,0,0,0,0,0,0,0,1,Elektrotehničku školu,4,3.0,4.0,2025.0,2025.0,,2.0,,1,0,0,0,0,0,0,0,1,0,0,0,0,0,0,0,0,1,Dobro poznajem i zanima me računalo (dobro poznajem programiranje | u mogućnosti sam prilično samostalno nadograditi i popraviti software i hardware računala | ...),3,"Uvijek pokušam sam riješiti, ako ne ide zovem pomoć",51,9,2,3,Nisam siguran,13,2,3,4,"Prema mojem poznavanju fizike, mislim da je to otprilike tako.",62,10,5,5,2,2,5,4,"Dosta puta ne znam neke stvari u formuli, ali improviziram i dobro bude.",72,13,4,Nisam siguran.,14,2,5,5,5,"Skica pomogne uvijek, kao pola zadatka.",39,6,4,4,5,"Kada ne znam nešto, uvijek probam nešto sa strane.",50,9,3,2,3,4,5,5,3,5,4,5,5,3,Nekako je lakše sa brojevima.,29,5,1,0,1,0,0,0,0,0,1,0,0,4,0,0,0,0,1,4,0,0,0,0,1,0,,4,0,0,0,1,0,2,0,0,0,1,0,0,,2,1,0,0,0,0,5,0,0,1,0,0,0,,5,1,0,0,0,0,1,0,1,0,0,0,0,,1,0,0,0,0,0,1,1,1,0,1,0,0,1,1,1,0,1,1,0,0,0,1,0,1,0,1,1,1,1,0,0,1,0,0.5789473684210527,57.89473684210527,0.5238095238095238,52.38095238095239,0.6,60.0,0.48484848484848486,48.484848484848484,0,1,0,0,0,0,0,0,0,0,0,0,0,1,0
20.3.2026. 08:24:21,1,0,0,0,1,0,0,0,,0,0,0,0,0,0,0,1,"Matematičku, prirodoslovno-matematičku gimnaziju",4,2.0,3.0,2025.0,2025.0,,3.0,,1,0,0,0,0,0,0,0,1,1,0,0,0,0,0,0,0,1,Pokazujem sklonost prema praktičnom radu (izrađujem makete | jednostavne uređaje | spretno koristim različite mjerne instrumente | mogu obavljati različite kućne popravke | ...)) | Ljudi ili bližoj okolini imam ljude inženjerskih zanimanja | Smatram da su inženjerska zanimanja vrlo cijenjena (dobra plaća | velika mogućnost profesionalnog usavršavanja | ...),2,"Koristim se mnogim alatima tokom učenja te većinu stvari shvatim sam, no konzultacije sa profesorima mi znaju biti dosta korisne",128,20,4,1,"Mislim da je najbitnije razumjeti koncept zadatka kojeg rješavamo. Matematičko rješenje samo je jedna interpretacija problema, dok je razumjevanje koncepta pojave u zadatku puno bitnije.",186,25,4,1,"Apsolutno se ne slažem, fizika je mnogo više od rješavanja jednadžba. ",70,11,3,5,1,3,5,2,Mislim da se jednadžbe moraju znati intuitivno jer predstavljaju nešto što opisuje pojavu koju promatramo.,106,15,3,I da i ne. Postoje jednadžbe koje se mogu na mnogo problema primjeniti.,71,13,4,5,5,"Predočenje problema mi je jako bitno kod rješavanja jer vidim što se dešava.
",77,13,2,5,2,Ne radim to baš. Možda nekada kada se zbunim.,45,9,3,4,5,5,1,5,5,1,5,5,5,3,Nemam baš mišljenje. Tu su mi negdje.,37,7,1,0,0,1,0,0,1,0,0,0,0,4,0,0,1,0,0,4,0,0,0,1,0,0,,4,0,1,0,0,0,2,0,1,0,0,0,0,,2,1,0,0,0,0,4,1,0,0,0,0,0,,4,1,0,0,0,0,3,1,0,0,0,0,0,,3,1,1,1,1,1,0,1,1,0,1,1,0,1,1,1,1,1,0,0,1,1,1,1,1,1,0,1,1,1,0,0,0,1,0.6842105263157895,68.42105263157895,0.7142857142857143,71.42857142857143,0.9,90.0,0.7272727272727273,72.72727272727273,1,0,0,1,1,1,0,0,0,0,0,0,2,1,1
20.3.2026. 08:24:35,1,0,0,0,1,0,0,0,,0,0,0,0,0,0,0,1,"Strukovnu školu (strojarsku, građevinsku, medicinsku, …)",4,4.0,3.0,2024.0,2024.0,,3.0,,1,0,0,0,0,0,0,0,1,1,0,0,0,0,0,0,0,1,Dobro poznajem i zanima me računalo (dobro poznajem programiranje | u mogućnosti sam prilično samostalno nadograditi i popraviti software i hardware računala | ...) | Ljudi ili bližoj okolini imam ljude inženjerskih zanimanja | Smatram da su inženjerska zanimanja vrlo cijenjena (dobra plaća | velika mogućnost profesionalnog usavršavanja | ...),3,"Ako ne znam započeti zadatak, pomnije ga proučim i uzmem vremena da promislim, ali zna se dogoditi da ga bez pomoći ne znam započeti.",133,24,2,3,"Matematički dio je važan, ali smatram da nije poanta zadatka. Poanta zadatka je shvatiti određeno gradivo tj. kako nešto funkcionira u stvarnosti.",146,22,2,4,Mislim da se svaki zadatak na kraju svodi na to.,48,10,3,4,5,3,4,4,Postoji puno jednadžbi i mislim da nije moguće znati što svaka predstavlja i na koji način funkcionira.,103,17,5,Slažem se jer postoji jako puno jednadžbi u fizici.,51,9,4,4,2,"Smatram da skica može pomoći sa zadatkom, ali ne u nekoj velikoj mjeri. Ako ne shvaćam zadatak ili formule koje trebam koristiti, skica mi ne pomaže.",149,26,4,2,1,"Kao što sam već rekao, skice mi ne pružaju veliku pomoć, stoga ako nema potrebe za skicom mislim da ju ne bih ni nacrtao.",121,24,3,3,4,3,2,3,4,2,2,4,4,3,"Smatram da ako znamo formulu, možemo zadatak riješiti i pomoću simbola. Također smatram da je moguće u nekim slučajevima lakše se pogubiti u tim simbolima.",155,25,2,0,1,0,0,0,0,1,0,0,0,4,0,0,0,0,1,5,0,1,0,0,0,0,,3,0,0,0,1,0,3,0,0,1,0,0,0,,2,1,0,0,0,0,4,1,0,0,0,0,0,,3,0,0,0,1,0,1,0,0,0,1,0,0,,1,0,0,0,0,0,0,1,0,0,1,0,0,1,1,0,0,0,0,0,0,1,0,1,0,1,0,0,1,1,0,0,1,1,0.42105263157894735,42.10526315789473,0.38095238095238093,38.095238095238095,0.4,40.0,0.3333333333333333,33.33333333333333,0,0,0,0,0,0,0,0,0,1,1,1,1,1,1
20.3.2026. 08:26:12,1,0,0,0,1,0,0,0,,0,0,0,0,0,0,0,1,Elektrotehničku školu,4,4.0,3.0,2025.0,2025.0,,2.0,,1,0,0,0,0,0,0,0,1,0,0,0,0,0,0,0,0,1,Smatram da su inženjerska zanimanja vrlo cijenjena (dobra plaća | velika mogućnost profesionalnog usavršavanja | ...) | Tijekom dosadašnjeg obrazovanja često smo u suradnji s nastavnicima obavljali i osmišljavali zanimljive eksperimente iz fizike i drugih predmeta iz STEM područja,3,"Pokušao bi naći riješenje sam, no ako ne ide pitao bi za pomoć.",63,13,2,1,"Fizika nije samo matematika, nego i fizikalni dokazi nekih teorema.",67,10,2,3,Ovisi o vrsti zadatka,21,4,1,4,2,1,4,2,Ovisi o tipu zadatka dali ja rutinski koristim jednadžbe,56,9,3,"Iako ima puno primjera gdje neka jednadžba dokazuje nešto, također ima i dosta slučajeva gdje nije tako",103,17,4,2,5,Skica pomaže prikazati zadatak slikovno što mi pomaže da dođem do krajnjeg riješenja,84,13,3,1,1,Crtam skice i dijagrame gdje je potrebno da samom sebi objasnim neki koncept ili da mi bude lakse rijesiti neki zadatak,119,21,1,3,4,3,1,4,5,1,3,5,5,5,"Sa brojevima je lakse jer dobivamo neki brojcani rezultat, dok s simbolima lako se izgubiti ako negdje pogrijesimo",114,18,3,0,0,1,0,0,0,0,1,0,0,4,0,0,0,1,0,4,0,0,1,0,0,0,,3,0,0,0,1,0,3,0,1,0,0,0,0,,1,0,0,1,0,0,5,0,0,1,0,0,0,,2,0,1,0,0,0,1,1,0,0,0,0,0,,1,0,0,1,0,0,0,1,1,0,1,1,0,1,0,1,0,0,0,0,0,1,0,1,1,1,0,0,1,1,0,0,0,0,0.3157894736842105,31.57894736842105,0.47619047619047616,47.61904761904761,0.5,50.0,0.3939393939393939,39.39393939393939,0,0,0,0,1,0,1,0,0,0,0,0,1,1,0
20.3.2026. 08:26:37,1,0,0,0,1,0,0,0,,0,0,0,0,0,0,0,1,Elektrotehničku školu,4,5.0,5.0,2025.0,2025.0,,3.0,2.0,1,0,0,0,0,0,0,0,1,0,0,0,0,0,0,1,0,1,Smatram da su inženjerska zanimanja vrlo cijenjena (dobra plaća | velika mogućnost profesionalnog usavršavanja | ...),3,Dodatno razmislim pa onda ako idalje ne znam tražim pomoć,57,10,3,3,Jednako važnon je i postavljanje zadatka,40,6,3,3,Slažem se s tom izjavom s dodatkom da je bitno razumjevanje fizikalnih procesa koji se događaju u zadatku,105,18,2,3,3,2,4,2,Ako ne razumijem jednadžbu imam manju sklonost njezine upotrebe,63,9,2,Dosta tog su izvodi za neki specifični slučaj dok neko opće pravilo vrijedi na više situacija,93,16,4,4,3,Ako imam problem vizualizirati zadatak,38,5,2,3,2,Ne trošim vrijeme na crtanje ako ne trebam,42,8,2,2,4,4,1,4,4,4,3,3,3,2,Simbolički zna biti preglednije i brže za prepisati dio jednadžbe koji je ostao isti,84,14,4,0,1,0,0,0,0,1,0,0,0,4,0,0,1,0,0,4,0,0,0,1,0,0,,4,0,0,0,1,0,4,0,0,0,1,0,0,,4,0,0,1,0,0,4,0,1,0,0,0,0,,3,0,1,0,0,0,4,1,0,0,0,0,0,,3,0,0,0,0,0,0,0,0,0,1,1,1,1,1,0,1,0,0,0,0,1,1,1,1,1,1,0,0,0,1,1,1,1,0.5263157894736842,52.63157894736842,0.6190476190476191,61.904761904761905,0.5,50.0,0.48484848484848486,48.484848484848484,1,0,0,0,0,0,1,0,0,0,0,0,2,0,0
20.3.2026. 08:26:45,0,1,0,0,1,0,0,0,,0,0,0,0,0,0,0,1,Elektrotehničku školu,4,5.0,5.0,2025.0,2025.0,,3.0,,1,0,0,0,0,0,0,0,1,0,0,0,0,0,0,0,0,1,Dobro poznajem i zanima me računalo (dobro poznajem programiranje | u mogućnosti sam prilično samostalno nadograditi i popraviti software i hardware računala | ...),2,"Ako se nađem u takvoj situaciji pokušavam pronaći rješenje, prolistam knjigu, pitam kolegu, pokušavam naći primjer slicnog zadatka te tek onda pitam nastavnika za pomoc. ",170,25,3,2,"Smatram da koliko god važno bilo rijesiti matematicki dio, bez baze teorije i logickog postavljanja zadatka nema ništa ",119,18,4,4,Smatram da je bitna i logika a ne samo cisto uvrstavanje. ,58,11,4,5,2,2,5,1,Smatram da to nikako nije tocno. ,33,6,5,U potpunosti se slazem s ovim stavom. ,38,7,1,3,5,Nakon nacrtano skice sve misli mogu vizualno predočiti sebi te na taj nacin doći brže do rješenja i zaključka o zadatku. ,121,21,1,1,5,Olakšavaju mi rješavanje zadataka,33,4,3,5,5,5,3,5,5,1,2,5,5,3,Ovisi o situaciji i težini zadatka najčešće. ,45,7,5,0,1,0,0,0,0,1,0,0,0,4,0,1,0,0,0,4,0,1,0,0,0,0,,4,0,0,0,1,0,4,0,0,0,1,0,0,,4,0,0,1,0,0,3,0,0,0,1,0,0,,3,1,0,0,0,0,3,0,1,0,0,0,0,,3,1,0,1,1,0,1,1,1,0,1,1,0,0,0,1,1,0,1,0,1,1,1,0,1,1,0,0,1,1,0,1,1,1,0.631578947368421,63.1578947368421,0.7619047619047619,76.19047619047619,0.6,60.0,0.6363636363636364,63.63636363636363,0,0,0,0,0,0,1,0,0,0,0,0,1,0,0
20.3.2026. 08:27:03,0,1,0,0,1,0,0,0,,0,0,0,0,0,0,0,1,"Matematičku, prirodoslovno-matematičku gimnaziju",4,5.0,5.0,2025.0,2025.0,,2.0,,1,0,0,0,0,0,0,0,1,0,0,0,0,0,0,1,0,1,Smatram da su inženjerska zanimanja vrlo cijenjena (dobra plaća | velika mogućnost profesionalnog usavršavanja | ...),3,Ovisi o tipu zadatka i koliko predznanje imam iz samog kolegija.,64,11,3,4,"Razumjeli ili ne razumjeli postupak u nekom zadatku ili kako taj proces funkcionira, mora se biti barem u stanju odraditi matematički dio zadatka te to onda poboljšava i njegovo razumijevanje.",192,30,4,3,"To se možda tako čini na prvu, no puno se tih fizikalnih procesa u zadacima mora razumijeti i izlogicirati da bismo došli do tog stadija da samo uvrštavamo brojeve u formule.",174,31,4,4,3,3,4,4,"Nema svatko mogućnost shvaćanja kompliciranih jednadžbi, no može se istrenirati da ih može koristiti rutinski pri nekim zadacima i procesima.",141,20,4,Puno je grana i dijelova fizike i svaki taj ogranak ima svoje nekakve specifične odredbe i zakone stoga je logično da se neće na sve primjenjivati ista formula niti isti zakon.,176,31,4,3,4,"Ponekad je lakše nešto si izvizualizirati, ja nemam tu sposobnost da u glavi već vidim rješenje nekog problema, stoga mi ga je najlakše nacrtati.",145,24,3,2,3,"Ovisi o tipu zadatka i načinu na koji je postavljen, u nekim zadacima ne mogu bez skice jer ju zadatak traži, u nekim ne mogu shvatiti dobro zadatak bez da si ga ne predočim, a u nekim mi nije potrebno jer mogu riješiti i bez skice.",232,46,2,4,4,4,3,4,4,5,3,4,5,5,Puno je lakše raditi s brojevima jer njih si mogu predočiti i s njima mi je lakše raditi te i rezultat koji na kraju dobijem mogu provjeriti putem kalkulatora. Dok simboli ostavljaju puno više prostora za grešku.,212,37,3,0,0,1,0,0,0,0,1,0,0,4,0,0,0,1,0,3,0,0,0,0,1,0,,4,0,0,0,1,0,3,0,0,0,1,0,0,,4,0,1,0,0,0,3,0,0,1,0,0,0,,3,0,0,1,0,0,2,0,0,1,0,0,0,,3,0,0,0,1,0,1,1,0,0,1,0,0,1,0,1,0,0,0,0,1,1,1,0,1,1,1,0,1,1,0,0,0,0,0.47368421052631576,47.368421052631575,0.5238095238095238,52.38095238095239,0.6,60.0,0.42424242424242425,42.42424242424242,0,1,0,0,0,0,0,0,0,0,0,0,0,1,0
20.3.2026. 08:28:35,1,0,0,0,1,0,0,0,,0,0,0,0,0,0,0,1,"Matematičku, prirodoslovno-matematičku gimnaziju",4,4.0,5.0,2025.0,2025.0,,3.0,3.0,1,0,0,0,0,0,0,0,1,1,0,0,0,0,0,0,0,1,Dobro poznajem i zanima me računalo (dobro poznajem programiranje | u mogućnosti sam prilično samostalno nadograditi i popraviti software i hardware računala | ...) | Ljudi ili bližoj okolini imam ljude inženjerskih zanimanja | Smatram da su inženjerska zanimanja vrlo cijenjena (dobra plaća | velika mogućnost profesionalnog usavršavanja | ...),2,"smatram da ću pokušati riješiti zadatak na temelju znanja kojega već imam, a ako dobijem krivo rješenje, tj. velika odstupanja,probat ću samostalno nastaviti koristeći se materijalima",183,26,4,4,"u fizici moramo primjeniti fizikalne zakone, a podloga svega toga je matematika, stoga moram razumjeti matematički model (koncept) kako bi se zadatak riješio",157,23,3,4,manje više svaki zadatak se temelji na nekom zakonu/jednadžbi stoga treba nekad kombinirati više istih da se dođe do rješenja,125,20,2,4,1,3,4,2,treba ih prvo u potpunosti razumjeti (tj. jedinice koje su u istoj) kako bi ih ispravno riješili,96,17,4,za svaki dio gradiva koje sam učio postojala je neka jednadžba/zakon kojeg sam primjenio na zadatke,99,16,4,3,5,"uvijek je korisno imati skicu koja će vizualno pobolje prikazati npr. sile na neko tijelo, tj. na njima vidimo ono što je u pravom svijetu nevidljivo",149,26,3,4,4,pomažu mi vizualizirati problem zadatka,39,5,4,4,4,5,2,3,4,4,4,3,4,3,smatram da mi bolje rješavanje zadataka tako da odmah uvrstim numeričke vrijednosti za razliku kada ih rješavam simbolički,122,18,4,0,1,0,0,0,0,0,0,1,0,4,0,0,1,0,0,5,0,0,0,1,0,0,,5,0,0,0,1,0,5,0,0,0,1,0,0,,5,0,0,1,0,0,3,0,0,0,0,1,0,,4,1,0,0,0,0,4,1,0,0,0,0,0,,3,1,1,0,0,0,0,1,1,0,1,1,0,1,0,1,0,1,1,1,1,1,1,1,0,1,1,1,0,1,0,1,1,0,0.5789473684210527,57.89473684210527,0.7142857142857143,71.42857142857143,0.7,70.0,0.6363636363636364,63.63636363636363,1,0,0,0,0,0,1,1,1,0,0,0,2,1,1
20.3.2026. 08:29:03,1,0,0,1,0,0,0,0,,0,0,0,0,0,0,0,1,Opću gimnaziju,4,3.0,3.0,2025.0,2025.0,,2.0,2.0,1,0,0,0,0,0,0,0,0,1,0,0,0,0,0,0,0,1,Ljudi ili bližoj okolini imam ljude inženjerskih zanimanja,4,Problem mi je ako ne izvježbam doboljno zadataka da skontam princip racunanja tih istih zadataka,96,15,3,3,Koliko je bitan terorijski dio i prakticni razumijevanja toliko je bitan i matematički dio,90,14,4,5,Apsolutno se slazem s tim da moramo znati teorijsku i praktičnu pozadinu ,73,12,3,4,2,2,4,4,Bitno je znati sastaviti sustav jednadzbi te ih matematički riješiti,68,10,3,"Primjer je kinematika, količina gibanja sa 2 ili vise tijela",60,10,3,4,3,Nekada skica ili dijagram nije potreban ako je trivijalan zadatak ili zadatak koji sam mnogo puta rijesio,105,17,2,4,1,Ako je hitac uvis ili neki jednostavno jos kao npr slobodni pad rijetko crtam skicu,83,15,2,5,3,4,2,5,5,5,2,4,5,1,Kada imamo gotovu formulu lakse je staviti sve podatke u formulu i iz nje napisati i izracunati rezultat jer se na onaj drugi nacin lakse pogubiti,146,26,5,0,0,1,0,0,0,1,0,0,0,4,0,0,1,0,0,4,0,0,0,1,0,0,,4,0,0,0,1,0,4,0,0,0,1,0,0,,4,1,0,0,0,0,3,1,0,0,0,0,0,,4,0,0,0,0,1,3,0,1,0,0,0,0,,3,0,0,0,1,0,0,1,1,0,1,0,0,0,1,0,1,1,0,0,1,0,1,1,1,1,1,0,1,1,1,1,0,1,0.5263157894736842,52.63157894736842,0.6190476190476191,61.904761904761905,0.7,70.0,0.5454545454545454,54.54545454545454,1,0,0,0,0,0,0,0,0,0,0,0,1,0,0
20.3.2026. 08:29:25,1,0,0,0,1,0,0,0,,0,0,0,0,0,0,0,1,Elektrotehničku školu,4,4.0,3.0,2025.0,2025.0,,2.0,2.0,1,0,0,0,0,0,0,0,1,0,0,0,0,0,0,0,0,1,Pokazujem sklonost prema praktičnom radu (izrađujem makete | jednostavne uređaje | spretno koristim različite mjerne instrumente | mogu obavljati različite kućne popravke | ...)) | Smatram da su inženjerska zanimanja vrlo cijenjena (dobra plaća | velika mogućnost profesionalnog usavršavanja | ...),3,Ako uopće nisam siguran što se traži u zadatku onda ću pitati profesora ili nekog od kolega za pomoć inace sam pokušavam riješiti.,130,23,3,2,Mislim da matematički dio nije najteži nego pravilno postavljanje zadatka te dolazak do toga matematičkog dijela.,113,16,3,3,To može biti slučaj ali ne mora uvijek,38,8,4,4,3,2,4,2,Ja mislim da trebamo razumijeti jednadžbe da bi riješavali zadatak.,67,10,4,Mislim kako imamo puno situacija u fizici i ima smisla da nemaju sve istu jednadžbu.,84,15,4,4,5,Kada imam skicu lakše mi je predočiti što se traži te kako doći do toga.,72,15,3,2,2,"ako nema potrebe za skicom uglavnom ju ne nacrtam,ponekad ju ipak nacrtam jer sam prvo mislio da mi je potrebna",111,20,3,4,4,4,2,3,4,4,4,4,4,3,Ponekad nam je lakše ubciti brojeve i riješavati ali često je bolje simbolično te na samom kraju uvrstiti vrijednosti,117,19,5,0,1,0,0,0,0,1,0,0,0,4,0,0,0,0,1,4,0,1,0,0,0,0,,4,0,0,0,0,1,3,0,0,1,0,0,0,,2,1,0,0,0,0,3,1,0,0,0,0,0,,3,0,0,0,1,0,3,0,0,0,1,0,0,,3,0,0,1,0,0,1,1,0,0,1,1,0,1,1,1,0,0,0,0,1,1,1,1,0,1,1,1,1,1,0,1,1,1,0.5789473684210527,57.89473684210527,0.7142857142857143,71.42857142857143,0.7,70.0,0.6060606060606061,60.60606060606061,0,0,0,0,0,0,0,0,0,1,1,1,1,1,1
20.3.2026. 08:30:31,0,1,0,1,0,0,0,0,,0,0,0,0,0,0,0,1,"Matematičku, prirodoslovno-matematičku gimnaziju",4,4.0,4.0,2024.0,2024.0,,4.0,3.0,1,0,0,0,0,0,0,0,1,1,0,0,0,0,0,0,0,1,Smatram da su inženjerska zanimanja vrlo cijenjena (dobra plaća | velika mogućnost profesionalnog usavršavanja | ...),3,"Ovisi, nekad probam razlicite ideje pa uspijem kao shvatiti negdje u sredini kako zapravo poceti, a nekad jednostavno nemam nikakve ideje",137,21,3,2,Smatram da ako ne znam postaviti zadatak kao fizikalno da onda matematicki dio ne znaci puno i opcenito meni je uvijek bilo lakse matematicki dio rijesiti nego fizikalni pa mi to nikad nije pomoglo,197,34,2,5,"Brojcana je vrijednost ja bih rekla najmanje bitna kod rijesavanja zadatka opcenito, a pogotovo jer se cesto dosta stvari pokrati i tako pa te stvari se nece bas direktno vidjeti ako uvrstavamo izracunate brojeve",212,34,1,3,1,4,3,4,"A neke stvari u fizici mi bas nisu intuitivne ili ih ne mogu kako treba vizualizirati pa samo rijesavam rutinski a je toliko s razmijevanjem - al to traje jedno vrijeme obicno mi dode aha trenutak pa shvatim, ali moram priznati da je to vise stvar ovog faksa jer kao profesori ovdje vise objasnjavaju tk da mozemo intuitivno shvatiti za razliku od fizike iz srednje",365,65,2,Nema smisla da je primarna svrha neke jednadzbe isklj za jednu svrhu sve je u svijetu povezano na neki nacin tako da sve te jednadzbe samo prate prirodu pa onda ono sve ima vise svrha…,184,35,5,5,5,lakse je doci do nekih zakljucaka ako imam ispred sebe crtez koji prikazuje problem,83,14,4,2,1,"nisam toliko dobra u fizici da tako znam to napraviti, al kad bih znala crtala bi!",82,16,4,4,4,5,2,5,5,3,4,4,5,4,neke stvari mogu zakljuciti imaju li fizikalnog smisla kad vidim brojeve sta dobijem al opet lako je ubaciti neke svoje vrijednosti pa tako zakljuciti,150,24,5,0,1,0,0,0,0,1,0,0,0,4,0,1,0,0,0,4,0,1,0,0,0,0,,3,0,0,0,1,0,3,0,0,0,1,0,0,,2,1,0,0,0,0,3,1,0,0,0,0,0,,3,1,0,0,0,0,3,1,0,0,0,0,0,,2,0,0,1,0,0,0,0,1,1,0,0,1,1,1,1,0,0,0,1,1,1,1,1,1,1,0,1,1,1,0,1,1,1,0.5263157894736842,52.63157894736842,0.6666666666666666,66.66666666666666,0.8,80.0,0.6060606060606061,60.60606060606061,0,0,0,0,0,0,0,0,0,0,0,0,0,0,0
20.3.2026. 08:31:28,1,0,0,0,1,0,0,0,,0,0,0,0,0,0,0,1,"Matematičku, prirodoslovno-matematičku gimnaziju",4,5.0,4.0,2025.0,2025.0,,2.0,2.0,1,0,0,0,0,0,0,0,1,0,0,0,0,0,0,0,0,1,Zbog radnog mjesta nakon fakulteta | i zbog odabira gimnazije,2,"Ako baš ništa ne razumijem onda pitam za pomoć, ali ako nešto razumijem onda pokušam sam pa pitam kad zapnem.",109,20,4,3,"Treba prvo znati narediti matematički dio iz fizikalnih zakona i znanja, onda tek znati riješiti matematički dio.",113,17,4,4,"Ja mislim da izjava je točna, kako bi se riješavali zadatci iz fizike treba prvo poznavati zakone.",98,17,3,4,3,3,4,3,"Mislim da se ideja koju ta jednadžba predstavlja treba znati, manje za samu jednadžbu",85,14,2,Svakakve jednadžbe se mogu koristiti pri rješavanju problema ako imaju smisla,77,11,3,4,5,Skica pomaže vizualizirati problem i zapisati misli i opažanja,62,9,3,3,4,"Pomaže vizualizirati i zapisati opažanja, pomaže boje razumijeti zadatak.",73,9,3,4,4,3,2,4,4,3,3,4,4,4,"Ja imam problem vidjeti sve te simbole, i onda previše promišljam i znam pomiješati neke stvari s drugima, iako nema baš smisla, zato što imaju isti simbol",155,27,3,0,1,0,0,0,0,1,0,0,0,4,0,0,0,0,1,5,0,0,0,0,1,0,,4,0,0,0,1,0,4,0,0,0,1,0,0,,4,1,0,0,0,0,4,1,0,0,0,0,0,,4,1,0,0,0,0,4,0,1,0,0,0,0,,4,1,1,0,1,0,0,1,0,0,1,0,1,0,1,1,0,0,1,0,1,1,0,1,1,1,0,0,1,1,0,0,1,1,0.5789473684210527,57.89473684210527,0.5238095238095238,52.38095238095239,0.6,60.0,0.5454545454545454,54.54545454545454,0,1,0,0,0,0,0,0,0,0,0,0,0,1,0
20.3.2026. 08:32:14,1,0,0,0,1,0,0,0,,0,0,0,0,0,0,0,1,"Strukovnu školu (strojarsku, građevinsku, medicinsku, …)",1,4.0,3.0,2025.0,2025.0,,2.0,,1,0,0,0,0,0,0,0,1,0,0,0,0,0,0,0,0,1,Smatram da su inženjerska zanimanja vrlo cijenjena (dobra plaća | velika mogućnost profesionalnog usavršavanja | ...),3,"Kad sam u situaciji da mogu prvo sam pokušati pronaći riješenje to i uradim, ali kada sam u situaciji da nemam drugo riješenje potražit ću pomoć.",145,26,3,4,Matematički dio je najveći dio zadatka ali ako mi ne razumijemo što radimo onda ni vrhusko znanje matematike nam neće pomoći.,125,21,4,3,B,1,1,4,4,1,5,5,1,Ne radim intuitivno,19,3,3,N,1,1,5,4,2,Ne praktikujem crtanje skica,28,4,1,1,1,Ne crtam ih,11,3,5,5,5,4,1,5,5,3,2,5,5,5,Navikao sam na brojeve i osjecam se sigurnije dok radim s njima,63,12,2,0,0,0,1,0,0,0,1,0,0,4,0,0,0,0,1,5,0,1,0,0,0,0,,5,0,0,0,0,1,3,0,0,1,0,0,0,,1,0,0,1,0,0,5,1,0,0,0,0,0,,3,1,0,0,0,0,4,0,0,1,0,0,0,,4,0,0,0,1,0,1,1,1,1,1,1,0,1,1,0,1,0,0,1,1,1,1,1,1,1,0,0,1,1,0,0,0,0,0.631578947368421,63.1578947368421,0.5714285714285714,57.14285714285714,0.7,70.0,0.5757575757575758,57.57575757575758,0,0,0,0,0,0,1,0,0,0,0,0,1,0,0
20.3.2026. 08:32:37,1,0,0,0,1,0,0,0,,0,0,0,0,0,0,0,1,Elektrotehničku školu,2,5.0,4.0,2025.0,2025.0,,2.0,,1,0,0,0,0,0,0,0,1,0,0,0,0,0,0,0,0,1,Pokazujem sklonost prema praktičnom radu (izrađujem makete | jednostavne uređaje | spretno koristim različite mjerne instrumente | mogu obavljati različite kućne popravke | ...)) | Smatram da su inženjerska zanimanja vrlo cijenjena (dobra plaća | velika mogućnost profesionalnog usavršavanja | ...),5,Pa ako ne znam kako započeti onda ču sjediti sam na mjestu i ništa ne raditi jer se najvjerojatnije neću sjetit kako se zadatak radi. Tako je bolje onda pitati da pomogne bar na početku pa se možda prisjetim.,208,39,4,2,"Pa u jednu ruku je bitno znati ako skračujemo neke stvari ili slično kod računanja. Ali najvažniji dio zadatka je mislim postaviti
i imati predodžbu o zadatku da ga znamo riješiti.",180,31,4,5,"Pa ubiti je to tako, tražimo formule povezane sa gradivom i sa zadatkom te pomoću podataka koje smo dobili uz zadatak uzimamo odgovarajuće formule i pokušavamo riješiti zadatak.",177,28,3,5,4,4,5,2,Potrebno je znati sve elemente u formuli i koja im je svrha tako da bi znali kako zapravo djeluje ta formula na određenu stvar i da imamo razumijevanje o zadatku. Za neke formule možda nije potrebno veliko objašnjenje ako ga nema a bitno je samo da se tako koristi.,265,49,2,"Pa to nije točno jer  ima više jednadžbi koje mogu utjecati na isti stvar ali ne moraju, znači mogu se odnositi primarno na možda jednu podjelu zadataka ali ne na specifično jednu situaciju. Onda možemo kombinirati među formulama da pronađemo onu koja valja.",258,43,4,4,5,"Pa općenito je lakše rješavati stvari i probleme kada ih vidimo a ne samo pročitamo, tako da je skiciranje važan dio zadatka kako bi si lakše predočili šta se i kako dešava u zadatku.",183,34,3,3,3,Ovisno o situaciji. Ako će meni olakšati onda fa ili ako se uopće ne mogu sjetiti rješavanju zadatka onda mi možda skica/dijagram pomogne. Ali da bez razloga crtam u nekim jednostavnim zadacima to mislim da nema potrebe pa ni neću crtat.,237,41,4,4,5,4,5,3,5,4,3,3,4,4,"Pa nekako da, malo je teže riješiti neki zadatak sa simbolima nego sa brojkama koje možemo samo uvrstiti u formulu i riješiti. No kof simbola moramo skraćivati itd. ",165,28,3,0,1,0,0,0,0,0,1,0,0,4,0,0,0,1,0,4,0,1,0,0,0,0,,3,0,0,0,1,0,3,0,1,0,0,0,0,,3,0,1,0,0,0,5,1,0,0,0,0,0,,4,0,1,0,0,0,3,1,0,0,0,0,0,,3,0,1,1,1,0,0,1,0,1,1,1,1,1,1,1,0,0,0,1,1,1,1,0,0,1,1,0,0,1,0,0,1,0,0.6842105263157895,68.42105263157895,0.6190476190476191,61.904761904761905,0.4,40.0,0.5757575757575758,57.57575757575758,0,0,0,0,1,0,0,0,0,0,0,0,0,1,0
20.3.2026. 09:53:14,1,0,0,0,1,0,0,0,,0,0,0,0,0,0,0,1,"Strukovnu školu (strojarsku, građevinsku, medicinsku, …)",4,3.0,4.0,2025.0,2025.0,,2.0,,1,0,0,0,0,0,0,0,1,0,0,0,0,0,0,1,0,1,Ljudi ili bližoj okolini imam ljude inženjerskih zanimanja | Ima dosta para u poslu,3,Pa kao zavisi od zadatka ako uspijem nekad ono nesta iskombinirati,66,11,4,3,Pa treba znati matematiku da bi mogli rjesavat zadatake iz fizike,65,11,5,3,Znaci i to ali i znaci razumijevanje toga sto se desava u prirodi,65,13,3,4,1,2,3,4,Pa to je točna izjava ali se ipak mora znati sta je šta u jednadzbi,67,15,4,Pa svaka drukcije okolina ili drugačiji scenarij ima svoju jednadžbu,68,10,3,4,4,Zbog toga si mogu lakše predočiti  to,37,7,4,3,2,Nevolim raditi ono sto nije potrebno,36,6,3,4,3,2,4,3,4,4,4,3,3,3,Ja mislim da to zavisi od osobe do osobe,40,9,2,1,0,0,0,0,1,0,0,0,0,4,0,0,0,1,0,4,0,1,0,0,0,0,,3,0,0,1,0,0,4,0,0,1,0,0,0,,3,0,1,0,0,0,2,1,0,0,0,0,0,,2,0,1,0,0,0,4,1,0,0,0,0,0,,2,0,1,0,1,0,0,1,1,0,0,0,0,0,1,1,0,0,0,0,1,0,0,0,0,1,1,1,0,0,0,0,1,1,0.42105263157894735,42.10526315789473,0.2857142857142857,28.57142857142857,0.2,20.0,0.36363636363636365,36.36363636363637,0,0,0,0,0,0,0,0,0,0,0,0,0,0,0
20.3.2026. 09:56:03,1,0,0,0,1,0,0,0,,0,0,0,0,0,0,0,1,Opću gimnaziju,4,4.0,3.0,2025.0,2025.0,,3.0,,1,0,0,0,0,0,0,0,1,0,0,0,0,0,0,0,0,1,Pokazujem sklonost prema praktičnom radu (izrađujem makete | jednostavne uređaje | spretno koristim različite mjerne instrumente | mogu obavljati različite kućne popravke | ...)),1,"Ako nisam siguran kako započeti, tražim odgovore onlajn. A ako ni tada pitam kolegu koji ide samnom na smjer.",109,19,3,1,Po meni je u fizici najbitnije postaviti zadatak a matematički deo je najlakši dio toga,87,15,4,5,"Slažem se sa izjavom potpuno.
Tako ih ja osobno riješavam",57,10,3,3,1,4,5,5,Ja osobno pokušavam da i razumijem jednadžbe ali teže mi ide. Te mi je lakše samo ih iskoristiti bez nekog preteranog razumijevanja,131,22,3,Ima nekih takvih formula ali dobra većina se može koristiti svugdje ne samo u nekim specifičnim situacijama,107,17,4,3,5,Skice i dijagrami mi dosta pomažu u razumijevanju ali i u riješavanju zadataka,78,13,3,5,5,"Koristim ih kako bi ja lakše shvatio i uradio zadatke, čak i kada nema razloga za to",84,17,5,3,3,4,3,5,4,5,2,3,4,2,"Po mom iskustvu, svakako rješavam zadatke da sa simbolima sve riješima i onda na kraju samo uvrstim brojčane vrijednosti.",121,19,5,0,1,0,0,0,0,0,1,0,0,4,0,0,0,1,0,3,0,1,0,0,0,0,,3,0,0,0,1,0,5,0,0,0,1,0,0,,4,1,0,0,0,0,3,1,0,0,0,0,0,,4,1,0,0,0,0,2,0,1,0,0,0,0,,3,1,0,1,1,0,0,0,1,1,1,0,0,1,0,1,0,1,1,1,0,0,1,0,1,1,1,0,0,1,1,1,1,0,0.5263157894736842,52.63157894736842,0.7142857142857143,71.42857142857143,0.6,60.0,0.5757575757575758,57.57575757575758,0,0,0,0,0,0,0,0,0,0,0,0,0,0,0
20.3.2026. 09:56:18,1,0,0,0,1,0,0,0,,0,0,0,0,0,0,0,1,"Strukovnu školu (strojarsku, građevinsku, medicinsku, …)",4,4.0,3.0,2025.0,2025.0,,2.0,2.0,1,0,0,0,0,0,0,0,1,0,0,0,0,0,0,0,0,1,Smatram da su inženjerska zanimanja vrlo cijenjena (dobra plaća | velika mogućnost profesionalnog usavršavanja | ...),5,Zato što me strah i imam lošeg iskustva kada treba rješiti zadatak koji ne razumijem i ne tražim pomoć jer mislim da će imati loše mišljenje o meni,147,28,2,4,Ako ne znam matematiku kako bi onda to trebao rješiti ,54,10,2,4,Vrlo često je potrebno znati rješavati sustav jednadžbi kako bi znali rješiti zadatak,85,13,1,2,3,3,2,2,Ne koristim jednadžbe rutinski ,31,4,3,Neke se odnose samo na jeku situaciju a neke možemo povezati s ostalim ,71,13,3,2,3,Rijetko kada ,13,2,3,3,2,Ne crtam ako ne treba ,22,5,3,3,3,3,3,2,4,3,1,1,3,3,Da jer mi je to malo strano,27,7,1,0,0,0,0,1,0,0,1,0,0,4,0,1,0,0,0,4,0,1,0,0,0,0,,4,0,0,0,1,0,3,0,1,0,0,0,0,,3,1,0,0,0,0,5,1,0,0,0,0,0,,5,0,0,1,0,0,3,0,1,0,0,0,0,,2,0,0,0,0,0,0,0,0,0,0,1,0,0,0,0,0,0,0,0,0,0,0,0,0,1,0,0,0,0,0,0,0,0,0.0,0.0,0.09523809523809523,9.523809523809524,0.0,0.0,0.06060606060606061,6.0606060606060606,0,0,0,0,1,0,0,0,0,0,0,0,0,1,0
20.3.2026. 09:56:40,1,0,0,1,0,0,0,0,,0,0,0,0,0,0,0,1,Elektrotehničku školu,2,4.0,4.0,2025.0,2025.0,,2.0,,1,0,0,0,0,0,0,0,1,0,0,0,0,0,0,1,0,1,Smatram da su inženjerska zanimanja vrlo cijenjena (dobra plaća | velika mogućnost profesionalnog usavršavanja | ...) | Tijekom dosadašnjeg obrazovanja često smo u suradnji s nastavnicima obavljali i osmišljavali zanimljive eksperimente iz fizike i drugih predmeta iz STEM područja,1,Znam nešto i sam zaključiti,27,5,5,3,Ovisi o zadatcima,17,3,3,4,Koritimo formule za rješavanje da,33,5,2,4,3,3,4,3,Trudim se razumijeti ih i znato koristiti,41,7,3,Ima puno formula koje se odnose na iste stvari,46,9,4,4,4,Skuca pomaže vizualizirati problem,34,4,3,3,2,Ovisi koliko je težak zadatak znam li to u glavi,48,10,3,4,4,4,1,3,4,3,3,4,4,4,Teže mi je jer ne znam se potpuno orjentirati,45,9,3,0,1,0,0,0,0,1,0,0,0,4,0,1,0,0,0,3,0,1,0,0,0,0,,3,0,0,0,1,0,3,0,0,0,1,0,0,,3,0,0,0,0,1,3,0,0,0,0,1,0,,3,0,0,0,0,1,3,0,0,1,0,0,0,,3,1,1,0,0,0,0,1,0,0,1,0,0,1,1,1,0,0,0,0,1,1,1,1,0,1,0,0,1,1,0,0,1,1,0.5263157894736842,52.63157894736842,0.5238095238095238,52.38095238095239,0.7,70.0,0.48484848484848486,48.484848484848484,0,0,0,0,0,0,0,1,0,0,0,0,0,1,0
20.3.2026. 09:57:36,1,0,0,0,1,0,0,0,,0,0,0,0,0,0,0,1,Elektrotehničku školu,4,5.0,3.0,2025.0,2025.0,,2.0,,1,0,0,0,0,0,0,0,1,0,0,0,0,0,0,0,0,1,Pokazujem sklonost prema praktičnom radu (izrađujem makete | jednostavne uređaje | spretno koristim različite mjerne instrumente | mogu obavljati različite kućne popravke | ...)) | Smatram da su inženjerska zanimanja vrlo cijenjena (dobra plaća | velika mogućnost profesionalnog usavršavanja | ...),3,"Istina, moram pitati nastavnika da mi pomogne",45,7,1,2,Teže je postaviti zadatak od samog matematičkog rješavanja,58,8,4,4,Istina,6,1,2,4,2,3,4,4,Tako je,7,2,2,Netočno fizika ima malo jednadžbi koje kombiniramo i tako rješavamo probleme,76,11,4,4,5,Vrlo korisno je imati skicu ,28,5,3,4,2,Crtam skice samo kada je potrebno iako znam da su korisne,57,11,2,4,4,4,1,5,5,4,4,4,4,5,Kroz moju naviku lakše mi je je uvrštavati brojeve te uz njih doći do konačnog rješenja,87,16,1,0,1,0,0,0,0,0,1,0,0,4,0,0,0,0,1,4,0,1,0,0,0,0,,3,0,0,0,1,0,2,1,0,0,0,0,0,,1,1,0,0,0,0,2,1,0,0,0,0,0,,2,1,0,0,0,0,1,0,1,0,0,0,0,,1,0,0,1,1,0,0,1,1,0,1,0,1,1,1,1,0,1,0,0,1,1,1,1,1,1,1,1,1,1,0,0,1,0,0.631578947368421,63.1578947368421,0.6666666666666666,66.66666666666666,0.8,80.0,0.6363636363636364,63.63636363636363,0,0,0,0,0,0,0,0,0,0,0,0,0,0,0
20.3.2026. 09:58:24,0,1,0,0,0,1,0,0,,0,0,0,0,0,0,0,1,"Matematičku, prirodoslovno-matematičku gimnaziju",4,3.0,4.0,2025.0,2025.0,,3.0,2.0,1,0,0,0,0,0,0,0,1,0,0,0,0,0,0,0,0,1,Ljudi ili bližoj okolini imam ljude inženjerskih zanimanja | Smatram da su inženjerska zanimanja vrlo cijenjena (dobra plaća | velika mogućnost profesionalnog usavršavanja | ...),1,Smatram da postoje razne metode kako poceti rjesavati zadatak iako ga ne znate.,79,13,2,1,Puno je bitnije znati fizikalne zakone i pravila nego matematicno racunanje kada su u pitanju zadaci fizike i slicnih predmeta.,127,20,3,3,Treba znati i fizikalne zakone i teoriju.,41,7,2,2,1,4,4,3,Nekad se izgubim.,17,3,3,mislim da postoji puno zadataka u kojima se moze pronaci slicnost,65,11,4,2,4,neke stvari je lakse rjesiti ako ih vizualiziras,48,8,3,3,4,"kao sto sam rekla, lakse je kad se vizualizira",46,9,3,4,4,4,2,4,4,3,3,4,4,1,s brojevima se covjek lako pogubi i brzo izgubi te je teze pronaci gresku ukoliko kroz postupak idete brojevima,111,19,5,0,1,0,0,0,0,1,0,0,0,4,0,0,0,0,1,4,0,0,0,0,1,0,,4,0,0,0,1,0,4,0,1,0,0,0,0,,4,1,0,0,0,0,4,1,0,0,0,0,0,,3,0,0,1,0,0,1,0,1,0,0,0,0,,1,1,0,1,0,0,0,0,1,1,1,0,0,1,0,1,0,0,1,0,1,1,1,1,1,1,0,0,1,1,1,1,1,1,0.5263157894736842,52.63157894736842,0.7619047619047619,76.19047619047619,0.9,90.0,0.6060606060606061,60.60606060606061,0,1,0,0,1,0,0,0,0,0,0,0,0,2,0
20.3.2026. 09:58:25,1,0,0,0,0,1,0,0,,0,0,0,0,0,0,0,1,Elektrotehničku školu,4,4.0,4.0,2025.0,2025.0,,3.0,3.0,1,0,0,0,0,0,0,0,1,0,0,0,0,0,0,1,0,1,Pokazujem sklonost prema praktičnom radu (izrađujem makete | jednostavne uređaje | spretno koristim različite mjerne instrumente | mogu obavljati različite kućne popravke | ...)) | Ljudi ili bližoj okolini imam ljude inženjerskih zanimanja | Smatram da su inženjerska zanimanja vrlo cijenjena (dobra plaća | velika mogućnost profesionalnog usavršavanja | ...),3,Pokušam pronaći odgovor u uđbeniku ako postoji ili ptam nekog od kolega.,72,12,2,3,Mislim da je teže shvatiti što treba i sa kojim vrijednostima računati nego sama matematika u zadatcima.,104,17,4,3,"Večina zadataka u fizici se rješava pomoću nekakve skice te se pomocu prikaza sa skice pronalaze vrijednosti, ako ih nema zapisujemo ih kao jednadžbu tj. formulu",161,26,2,3,2,3,4,4,Jednadžbe je moguće zapisati razumijevanjem slice koja prikazuje zadatak(npr. vektorski prikaz sila),100,12,3,"Više jednadžbi se može odnostit na jednu situaciju, isto tako možemo biše situacija povezati s jednom jednadžbom",112,17,4,5,4,Lakse mi je predociti problem,29,5,3,3,2,Ako mislim da mi nije skica potrebna onda ju ne crtam,53,11,2,1,4,2,3,5,1,4,3,4,3,1,Jednostavinje mi je snaci se u zadatku kada koristim simbole nego da imam gomilu nekakvih brojeva,97,16,5,0,0,1,0,0,0,1,0,0,0,4,0,0,1,0,0,4,0,0,0,0,1,0,,4,0,0,0,1,0,4,0,0,0,1,0,0,,4,0,0,1,0,0,3,0,0,1,0,0,0,,5,0,0,0,0,1,4,0,0,0,0,1,0,,4,0,0,0,1,0,0,0,1,0,1,0,0,1,1,1,0,0,0,0,0,1,0,0,1,0,1,0,1,0,1,1,0,1,0.42105263157894735,42.10526315789473,0.47619047619047616,47.61904761904761,0.4,40.0,0.3939393939393939,39.39393939393939,1,1,1,0,0,0,1,0,0,0,0,0,2,1,1
20.3.2026. 09:58:31,1,0,0,0,1,0,0,0,,0,0,0,0,0,0,0,1,Elektrotehničku školu,4,4.0,4.0,2025.0,2025.0,,3.0,2.0,1,0,0,0,0,0,0,0,1,0,0,0,0,0,0,1,0,1,Dobro poznajem i zanima me računalo (dobro poznajem programiranje | u mogućnosti sam prilično samostalno nadograditi i popraviti software i hardware računala | ...),1,Pozvat cu asistenta,19,3,3,4,Mislim da je to bitno,21,5,4,3,Da ,3,1,2,5,1,4,3,4,Treba ih razumjeti da bi ih mogo primjeniti,43,8,4,Da ima puno,11,3,5,4,5,Da jer mi skica pomogne skontati nesto u zadatku sta nisam primjetio u tekstu,77,14,4,3,2,Zaboravim crtat,15,2,3,2,4,2,3,3,4,2,3,2,3,3,Ovisi o situaciji ali nekad s brojevima se covjek moze pogubiti i moze zamjeniti nemi broj i zbog toga zeznuti zadatak,118,21,3,0,1,0,0,0,0,1,0,0,0,4,0,0,1,0,0,5,0,0,0,1,0,0,,5,0,0,0,1,0,3,0,0,1,0,0,0,,1,0,0,1,0,0,1,0,1,0,0,0,0,,1,1,0,0,0,0,1,0,0,1,0,0,0,,1,1,0,0,1,0,0,1,1,1,0,0,0,1,1,1,0,0,0,0,0,1,0,0,0,1,0,0,0,0,0,0,1,1,0.47368421052631576,47.368421052631575,0.2857142857142857,28.57142857142857,0.2,20.0,0.36363636363636365,36.36363636363637,1,0,0,0,0,0,1,0,0,0,0,0,2,0,0
20.3.2026. 09:58:38,1,0,0,0,1,0,0,0,,0,0,0,0,0,0,0,1,Elektrotehničku školu,4,3.0,3.0,2025.0,2025.0,,2.0,,1,0,0,0,0,0,0,0,1,0,0,0,0,0,0,0,0,1,Ljudi ili bližoj okolini imam ljude inženjerskih zanimanja | Smatram da su inženjerska zanimanja vrlo cijenjena (dobra plaća | velika mogućnost profesionalnog usavršavanja | ...),4,Nisam neki fizičar,18,3,4,3,Smatram da je oboje bitno ,26,5,3,4,Mislim da,9,2,4,5,2,3,5,3,Ako nije intuitivno ali mi treba za zadatak onda moram koristiti te jednadzbe,77,13,3,Pa neznam,9,2,5,5,5,Vizualno razmisljanje mi olaksava rijesavanje zadatak pogotovo kod fizike,73,9,3,1,2,Nevidim potrebu za crtanjem skice za sve zadatke ako ih dovoljno razumijem,74,12,1,3,4,4,3,5,3,4,2,5,4,1,Ako znas jedno znas i drugo mozda je sa simbolima cak i lakse jer ne vuces neke decimale ili potencije se mogu izgubiti u racunanju,131,25,5,0,1,0,0,0,0,0,0,1,0,4,0,0,0,1,0,3,0,1,0,0,0,0,,1,0,0,1,0,0,2,1,0,0,0,0,0,,2,0,0,1,0,0,1,0,0,1,0,0,0,,1,1,0,0,0,0,2,0,1,0,0,0,0,,2,0,1,0,0,0,1,1,1,0,1,0,0,1,1,1,0,0,0,0,0,1,1,0,1,0,1,0,1,1,1,1,1,0,0.631578947368421,63.1578947368421,0.5714285714285714,57.14285714285714,0.6,60.0,0.5151515151515151,51.515151515151516,0,0,0,0,0,0,1,0,0,0,0,0,1,0,0
20.3.2026. 09:59:17,1,0,0,0,0,1,0,0,,0,0,0,0,0,0,0,1,Elektrotehničku školu,4,5.0,4.0,2025.0,2025.0,,3.0,3.0,1,0,0,0,0,0,0,0,1,0,0,0,0,0,0,0,0,1,Dobro poznajem i zanima me računalo (dobro poznajem programiranje | u mogućnosti sam prilično samostalno nadograditi i popraviti software i hardware računala | ...) | Smatram da su inženjerska zanimanja vrlo cijenjena (dobra plaća | velika mogućnost profesionalnog usavršavanja | ...),2,"Nekada znam riješiti zadatak kada ga malo duže pogledam, ali na nekim predmetima ili na nekom zadatku, koliko god razmišljam, ne mogu pronaći riješenje pa pitam profesora za pomoć.",180,29,4,3,U nekim zadacima mi nije bilo toliko važno riješiti matematički zadatak koliko mi ga je bilo bitno shvatiti.,108,18,3,4,Isto kao i ranije nekada mi nije toliko bitno uvrstiti vrijednosti nego mi je bitnije zašto.,92,16,3,4,2,4,3,3,Nekada je bitno shvatiti što te formule zapravo znače jer se možda u drugom različitom zadatku u kojemu se traži sličan rezultat treba koristiti ta formula,155,26,2,Jedna formula se može koristiti za različite zadatke ako se dobro preformulira i koristi točno,94,15,4,4,5,Nekad mi je bolje nacrtati skicu jer si onda tako mogu lakše predočiti,70,13,3,3,4,Lakše mi je posložiti zadatak,29,5,2,3,4,5,1,5,4,3,2,4,3,3,"Ovisi koji predmet, nekim je predmetima lakše riješiti simbolički jer nema dodatkog rada, ali su nekada lakši s vrijednostima jer imaš formule.",143,22,2,0,1,0,0,0,0,0,0,1,0,4,0,0,1,0,0,4,0,0,0,0,0,1,Predpostvljamo da nema otpora zraka pa možemo reći da su u vakuumu gdje padaju isto zbog Fg,5,0,0,0,1,0,2,0,0,1,0,0,0,,2,0,1,0,0,0,2,0,0,1,0,0,0,,2,1,0,0,0,0,4,0,1,0,0,0,0,,3,1,1,0,0,0,0,1,1,1,0,0,1,1,1,1,0,0,1,0,0,1,1,1,1,1,0,0,1,0,0,0,1,0,0.5789473684210527,57.89473684210527,0.42857142857142855,42.857142857142854,0.6,60.0,0.5151515151515151,51.515151515151516,1,0,0,0,0,0,0,0,0,0,0,0,1,0,0
20.3.2026. 09:59:21,1,0,0,0,1,0,0,0,,0,0,0,0,0,0,0,1,Elektrotehničku školu,4,4.0,3.0,2025.0,2025.0,,2.0,2.0,1,0,0,0,0,0,0,0,1,0,0,0,0,0,0,0,0,1,Pokazujem sklonost prema praktičnom radu (izrađujem makete | jednostavne uređaje | spretno koristim različite mjerne instrumente | mogu obavljati različite kućne popravke | ...)) | Dobro poznajem i zanima me računalo (dobro poznajem programiranje | u mogućnosti sam prilično samostalno nadograditi i popraviti software i hardware računala | ...) | Smatram da su inženjerska zanimanja vrlo cijenjena (dobra plaća | velika mogućnost profesionalnog usavršavanja | ...),2,Probam sve sam ukoliko bas ne ide probam naci odgovor na internetu i od kolega pa tek onda pitam profesora ako nista drugo ne pomaze,132,25,5,1,Ako ne znamo postavit zadatak odnosno sve jednadzbe i sustave onda necemo ni znati rijesit zadatak brojcano,107,17,4,5,Pa to je tocno tako se rijesavaju zadatci,41,8,2,3,2,3,4,2,Ako se dovoljno vjezba postanu intuitivne iako imaju neke koje znaju bit komplicirane,85,13,1,Opcenite su vecinom,19,3,4,4,5,Skica nam moze pomoci kako bi odredili sile koje djeluju na tijelo i kojom silom samo tijelo djeluje pa je korisno za odredjivane sustava,137,24,2,1,2,Pa ako nema potrebe za skicom zasto bi ju crtao ako je nesto jednostavnije moze se zamislit u glavi i postavit tako,115,22,2,4,2,4,1,4,3,5,4,3,4,5,Jer nam brojcane vrijednosti po prirodu predstavljaju rijesenje dok sa simbolima se nismo svi navikli rukovat,109,16,4,0,1,0,0,0,1,0,0,0,0,4,0,0,0,0,1,4,0,1,0,0,0,0,,3,0,0,1,0,0,4,0,1,0,0,0,0,,3,0,1,0,0,0,4,0,0,1,0,0,0,,2,1,0,0,0,0,4,0,0,0,1,0,0,,3,1,1,1,1,0,0,0,1,0,1,1,1,1,1,1,1,0,0,0,1,0,1,1,1,0,1,1,0,1,0,1,1,1,0.6842105263157895,68.42105263157895,0.6666666666666666,66.66666666666666,0.8,80.0,0.6666666666666666,66.66666666666666,0,0,0,0,1,0,0,0,0,0,1,0,0,2,0
20.3.2026. 09:59:43,1,0,0,0,1,0,0,0,,0,0,0,0,0,0,0,1,Elektrotehničku školu,2,5.0,4.0,2025.0,2025.0,,2.0,,1,0,0,0,0,0,0,0,1,0,0,0,0,0,0,1,0,1,Smatram da su inženjerska zanimanja vrlo cijenjena (dobra plaća | velika mogućnost profesionalnog usavršavanja | ...),4,Ako ne znam trazim nekoga tko zna ,34,7,3,2,Mislim da je bitnije znati sto tacno i na koji nacin izracunati ,64,12,2,3,Donekle je i tocno ali mislimnda je potrebno malo sire znanje,61,11,4,4,2,3,2,3,Slabo ih koristim,17,3,2,Moze se to povezati na vise mjesta,34,7,3,3,3,Ovisi nekad mi jest lakse nacrtat nekad je lakse odma rjesavati,63,11,3,2,2,Vecinom ne crtam,16,3,2,4,4,3,4,4,4,4,1,4,3,1,Lakse je slova pisat nego stalno prepiszvat brojeve,51,8,5,0,1,0,0,0,0,0,1,0,0,4,0,0,1,0,0,3,0,0,1,0,0,0,,2,0,1,0,0,0,3,0,1,0,0,0,0,,1,0,1,0,0,0,3,1,0,0,0,0,0,,2,0,1,0,0,0,1,1,0,0,0,0,0,,1,0,0,1,0,0,1,1,1,0,0,0,1,0,0,0,0,0,0,0,1,1,0,0,1,1,1,0,1,0,1,1,1,0,0.3684210526315789,36.84210526315789,0.47619047619047616,47.61904761904761,0.4,40.0,0.42424242424242425,42.42424242424242,1,0,0,1,1,1,0,0,0,0,0,0,2,1,1
20.3.2026. 10:00:27,1,0,0,0,1,0,0,0,,0,0,0,0,0,0,0,1,Elektrotehničku školu,4,4.0,4.0,2025.0,2025.0,,2.0,,1,0,0,0,0,0,0,0,1,0,0,0,0,0,0,0,0,1,Smatram da su inženjerska zanimanja vrlo cijenjena (dobra plaća | velika mogućnost profesionalnog usavršavanja | ...),3,Nekad pokušam sam a nekad pitam profesora,41,7,4,2,Važno je i fizikalno razjevanje,31,5,3,3,"Većinom je za rješavanje potrebno fizikalno razumijevanje a ne samo ""prebacivanje"" formula",90,12,3,4,2,2,4,3,Kada je potrebno koristim ih,28,5,5,Slažem se,9,2,2,3,4,Kada nešto nacrtam lakše mi je rješavati zadatak,48,8,2,2,3,Nekad su od pomoći,18,4,2,4,4,4,3,4,4,3,3,4,4,3,Ne vidim velike razlike ali urednije je sa simbolima,52,9,3,0,0,0,1,0,0,0,1,0,0,4,0,0,0,0,1,2,0,1,0,0,0,0,,3,0,0,0,1,0,3,0,0,1,0,0,0,,2,1,0,0,0,0,3,0,1,0,0,0,0,,1,0,1,0,0,0,2,0,0,0,1,0,0,,1,0,1,1,0,0,0,1,1,0,1,0,0,0,0,1,1,0,0,0,1,1,1,0,1,1,0,0,1,1,0,0,0,0,0.42105263157894735,42.10526315789473,0.5238095238095238,52.38095238095239,0.5,50.0,0.42424242424242425,42.42424242424242,0,0,0,0,0,0,0,0,0,0,1,0,0,1,0
20.3.2026. 10:00:47,1,0,0,0,0,1,0,0,,0,0,0,0,0,0,0,1,Jezičnu gimnaziju,4,4.0,5.0,2025.0,2025.0,,3.0,2.0,1,0,0,0,0,0,0,0,1,1,0,0,0,0,0,0,0,1,Dobro poznajem i zanima me računalo (dobro poznajem programiranje | u mogućnosti sam prilično samostalno nadograditi i popraviti software i hardware računala | ...) | Smatram da su inženjerska zanimanja vrlo cijenjena (dobra plaća | velika mogućnost profesionalnog usavršavanja | ...),3,"Proučavanjem zadatka često mogu doći do neke metode da počnem, no nekada dođe do to ga da ispadnem s nekom matematičkom istinom koja ne pomaže. (npr. 0=0)",154,27,4,2,"Matematički dio je često samo neka vrsta algebre, dok za samo dolaženje do matematike se treba uspješno postaviti zadatak u fizikalnom smislu. ",143,22,4,4,"To je numeričko rješenje, no još uvijek postoji korak prije koji je prepoznavanje fizikalnih veličina u zadatku. ",113,17,4,4,2,3,2,2,Osobno mi puno bolje ide rješavanje jednadžbe kada razumijem o čemu se priča. ,78,13,4,"Imaju opće jednadžbe, ali ima jako puno izvedenih koji se odnosi samo na nešto specifično koje se iskustveno uče napamet. Npr. jednoliko ubrzano gibanje naspram gibanja bez akceleracije. ",187,28,3,4,5,"Bez skice ili vizualizacije je zadatak apstraktan, i teško je izvući sve sile. ",79,13,2,5,4,"Ako nije eksplicitno traženo, još uvijek nacrtam skice za sebe. ",64,10,3,2,4,5,3,5,5,2,3,4,4,2,Simboli su puno bolji za zadržavanje smisla. U brojčanim vrijednostima se možeš izgubiti što je gdje značilo. ,110,17,5,0,1,0,0,0,0,1,0,0,0,4,0,0,1,0,0,5,0,0,0,0,0,1,"Ako zanemarujemo otpor zraka, u ovom slučaju će jednako brzo pasti obje kugle jer je akceleracija jednaka akceleracija sile teže u ovom sustavu (a=g). Jedina razlika između te dvije kugle će biti njihova kinetička energija ((1/2) m * v^2).",5,0,0,0,1,0,5,0,0,0,1,0,0,,4,1,0,0,0,0,3,0,0,0,0,1,0,,3,1,0,0,0,0,4,0,0,1,0,0,0,,3,0,1,1,1,0,1,1,1,0,0,1,0,0,1,1,1,1,1,0,0,1,1,0,1,1,0,0,1,1,1,1,1,1,0.6842105263157895,68.42105263157895,0.7619047619047619,76.19047619047619,0.5,50.0,0.6666666666666666,66.66666666666666,1,0,0,0,0,0,0,1,0,0,0,0,1,1,0
20.3.2026. 13:31:24,1,0,0,1,0,0,0,0,,0,0,0,0,0,0,0,1,"Matematičku, prirodoslovno-matematičku gimnaziju",4,5.0,4.0,2023.0,2023.0,,3.0,3.0,0,1,0,0,0,0,0,0,0,0,0,0,0,0,0,1,0,1,Nagovor roditelja (ispunjavam želju svojih roditelja),1,Pitam claude,12,2,5,4,Nemam stav o ovome,18,4,5,4,Fizika je sam mat with extra steps,34,7,4,4,2,4,3,2,Vecinu kompleksnih jednadzbi razumije jako mali broj ljudi,58,8,4,Nemam stav,10,2,3,3,5,Vizualizacija problema,22,2,3,2,2,Lijen sam,9,2,3,1,4,2,1,4,3,3,1,4,2,2,Ista stvar,10,2,5,0,1,0,0,0,0,0,1,0,0,4,0,0,1,0,0,4,0,0,0,1,0,0,,4,0,1,0,0,0,3,0,1,0,0,0,0,,3,0,0,0,0,1,3,0,0,0,1,0,0,,2,0,0,0,1,0,2,0,1,0,0,0,0,,2,1,1,0,1,0,1,1,1,1,0,1,0,0,0,1,0,0,0,0,0,1,0,1,1,0,0,0,1,0,1,1,1,0,0.42105263157894735,42.10526315789473,0.38095238095238093,38.095238095238095,0.5,50.0,0.48484848484848486,48.484848484848484,1,0,0,1,1,1,0,0,0,1,0,0,3,1,1
20.3.2026. 21:46:44,0,1,0,0,1,0,0,0,,0,0,0,0,0,0,0,1,Elektrotehničku školu,4,3.0,4.0,2025.0,2025.0,,2.0,2.0,0,0,1,0,0,0,0,0,1,0,0,0,0,0,0,0,0,1,Smatram da su inženjerska zanimanja vrlo cijenjena (dobra plaća | velika mogućnost profesionalnog usavršavanja | ...),3,"Ovisi o zadatku, ponekad samo ima previše stvari u zadatku pa ne znam gdje da krenem. U drugom slučaju, zadatak je nerazumljivo postavljen pa trebam detaljnije objašnjenje.",172,27,5,4,"Kod većinu zadataka se slažem, dok kod drugih bitnija je skica ili graf.",72,13,1,5,"Kad shvatim preko kojih formula riješiti zadatak, sve ostalo je lagano.",71,11,3,1,1,1,5,4,Ponekad je u zadatcima logično koje formule koristiti jer se često ponavljaju.,78,12,4,"Slažem se, no postoje i one koje se mogu iskoristiti u dosta slučajeva.",71,13,3,2,1,Skica me samo još više zbuni jer nisam sigurna jer dobro napravljena.,69,12,5,1,1,Skica me samo još više zbuni jer nisam sigurna jer dobro napravljena.,69,12,1,1,5,3,2,3,4,3,1,5,3,5,"Kod brojčanih vrijednosti lakše je provjeriti točnost, tj. ima li riješenje ""smisla""",84,12,1,0,0,0,1,0,0,0,0,1,0,4,0,0,0,0,1,3,1,0,0,0,0,0,,3,0,0,1,0,0,3,0,0,1,0,0,0,,3,0,0,1,0,0,3,0,0,0,0,1,0,,3,1,0,0,0,0,3,0,1,0,0,0,0,,3,0,1,0,0,0,0,0,1,0,1,0,0,0,0,0,0,0,0,0,0,1,0,1,0,1,0,0,1,0,0,0,0,0,0.21052631578947367,21.052631578947366,0.19047619047619047,19.047619047619047,0.2,20.0,0.21212121212121213,21.21212121212121,0,0,0,0,0,0,1,1,1,0,0,0,1,1,1
26.3.2026. 08:31:33,1,0,0,0,1,0,0,0,,0,0,0,0,0,0,0,1,Elektrotehničku školu,4,3.0,3.0,2025.0,2025.0,,3.0,2.0,0,1,0,0,0,0,0,0,1,0,0,0,0,0,0,0,0,1,Dobro poznajem i zanima me računalo (dobro poznajem programiranje | u mogućnosti sam prilično samostalno nadograditi i popraviti software i hardware računala | ...),1,Sam istrazim,12,2,3,1,Problem razumjet problem i pronaci kako ga rijesiti,51,8,4,5,Nemam sta reci osim da,22,5,4,3,3,3,3,1,Trebas koristit jednadbe,24,3,5,Da,2,1,3,3,4,Za vizualizirat,15,2,3,3,4,Nekad iz navike,15,3,3,3,3,3,3,3,3,3,3,3,3,4,Da,2,1,3,0,0,1,0,0,0,0,1,0,0,3,0,0,1,0,0,3,0,0,0,1,0,0,,3,0,0,1,0,0,3,0,1,0,0,0,0,,3,0,0,1,0,0,3,0,0,1,0,0,0,,3,0,0,1,0,0,3,0,1,0,0,0,0,,3,1,0,1,1,0,1,0,0,0,0,1,0,0,0,1,0,0,1,0,0,0,0,0,0,0,0,0,0,0,0,0,0,0,0.15789473684210525,15.789473684210526,0.19047619047619047,19.047619047619047,0.1,10.0,0.21212121212121213,21.21212121212121,1,0,0,0,1,0,1,0,0,0,0,0,2,1,0
26.3.2026. 08:32:03,1,0,0,0,1,0,0,0,,0,0,0,0,0,0,0,1,Opću gimnaziju,4,4.0,4.0,2025.0,2025.0,,2.0,2.0,0,1,0,0,0,0,0,0,1,1,0,0,0,0,0,0,0,1,Dobro poznajem i zanima me računalo (dobro poznajem programiranje | u mogućnosti sam prilično samostalno nadograditi i popraviti software i hardware računala | ...) | Smatram da su inženjerska zanimanja vrlo cijenjena (dobra plaća | velika mogućnost profesionalnog usavršavanja | ...),2,Ako ne znam započeti zadatak prvo pitam prijatelja ili pogledam na internetu.,77,12,3,5,Slažem se,9,2,4,4,Slažem se,9,2,3,3,3,3,3,3,.,1,1,4,.,1,1,3,3,4,.,1,1,3,4,4,.,1,1,4,4,3,2,2,5,4,4,1,4,4,3,.,1,1,4,0,0,1,0,0,0,0,0,1,0,4,0,0,1,0,0,3,0,0,0,1,0,0,,3,0,0,0,1,0,4,0,1,0,0,0,0,,3,1,0,0,0,0,4,1,0,0,0,0,0,,3,1,0,0,0,0,4,0,1,0,0,0,0,,3,1,0,0,1,0,0,0,0,0,0,0,0,0,0,1,0,1,1,1,1,0,0,1,1,1,1,0,1,1,0,1,0,0,0.21052631578947367,21.052631578947366,0.5238095238095238,52.38095238095239,0.6,60.0,0.42424242424242425,42.42424242424242,1,0,0,0,1,0,0,0,0,0,0,0,1,1,0
26.3.2026. 08:32:14,1,0,0,0,1,0,0,0,,0,0,0,0,0,0,0,1,Elektrotehničku školu,4,5.0,2.0,2025.0,2025.0,,2.0,,0,1,0,0,0,0,0,0,1,1,0,0,0,0,0,0,0,1,Dobro poznajem i zanima me računalo (dobro poznajem programiranje | u mogućnosti sam prilično samostalno nadograditi i popraviti software i hardware računala | ...),3,Pa ako imam zadatak kao tak onda bolje biti siguran i pitat nego ici u pogresnom smjeru,87,17,4,4,Mora se biti tocan,18,4,3,4,Pa tako se rijesavaju,21,4,4,3,3,4,3,2,Pa ne koristim to,17,4,4,Pa u biti istina,16,4,3,3,2,Ne radim to,11,3,3,3,2,Ne radim to,11,3,2,2,3,2,5,3,2,4,1,3,3,5,Lakse mi je imati brojeve,25,5,3,0,0,1,0,0,0,1,0,0,0,4,0,0,1,0,0,4,0,0,0,1,0,0,,4,0,0,0,1,0,4,0,0,0,1,0,0,,4,1,0,0,0,0,4,1,0,0,0,0,0,,4,1,0,0,0,0,4,0,0,1,0,0,0,,4,0,1,0,0,0,1,0,0,1,0,1,0,0,0,0,0,0,0,0,0,0,0,0,0,0,1,0,0,0,0,0,0,1,0.2631578947368421,26.31578947368421,0.14285714285714285,14.285714285714285,0.0,0.0,0.18181818181818182,18.181818181818183,1,0,0,0,0,0,0,0,0,0,0,0,1,0,0
26.3.2026. 08:33:51,1,0,0,0,1,0,0,0,,0,0,0,0,0,0,0,1,"Matematičku, prirodoslovno-matematičku gimnaziju",4,5.0,5.0,2025.0,2025.0,,5.0,5.0,0,1,0,0,0,0,0,0,1,1,0,0,0,0,0,0,0,1,Pokazujem sklonost prema praktičnom radu (izrađujem makete | jednostavne uređaje | spretno koristim različite mjerne instrumente | mogu obavljati različite kućne popravke | ...)) | Smatram da su inženjerska zanimanja vrlo cijenjena (dobra plaća | velika mogućnost profesionalnog usavršavanja | ...),3,"Trudiš se dok ne uspijes, najbolje se uci kada ss muči",54,11,5,3,"Bitno je matematicko razumjevanje derivacija, integrala, rjesavanja jednazbi ali najvaznije je postaviti jednadžbu i razumjevanje fizickih pojaav",145,17,5,1,Rjesavanje zadataka bez razumjevanje je mkguce ali dovoljno je da se jedna stavr promjeni i nista nevalja.,106,17,3,5,1,3,4,1,Potrebno je razumjegi zadaatak. Ne mlze se rjesevati. Moze se dobigiosjecaj da se odmah zna rješiti ali uvjek treba rqzmisliti i razumjeti.,139,22,3,Formule su zadane za opc3nigu situaciju a ne za specifičnu.,59,10,3,4,4,Na slivj s3 mogu oznaciti pojave koje vrijede.,46,8,4,4,2,???,3,1,3,3,2,2,1,1,2,4,2,3,4,1,Uvrstavanje brojeva je najmanji problem. ,41,5,5,1,0,0,0,0,0,0,1,0,0,4,0,0,1,0,0,5,0,0,0,1,0,0,,5,0,0,0,1,0,4,0,0,0,1,0,0,,4,0,1,0,0,0,5,0,0,1,0,0,0,,4,0,1,0,0,0,5,0,0,0,1,0,0,,5,0,1,0,1,1,0,1,1,0,1,1,0,0,1,1,0,1,0,0,0,0,0,1,0,0,1,0,0,1,1,1,1,0,0.5263157894736842,52.63157894736842,0.42857142857142855,42.857142857142854,0.3,30.0,0.48484848484848486,48.484848484848484,1,0,0,0,0,0,0,0,0,0,1,0,1,1,0
26.3.2026. 08:36:19,1,0,0,0,1,0,0,0,,0,0,0,0,0,0,0,1,Elektrotehničku školu,4,5.0,5.0,2025.0,2025.0,,3.0,3.0,0,1,0,0,0,0,0,0,1,0,0,0,0,0,0,0,0,1,Dobro poznajem i zanima me računalo (dobro poznajem programiranje | u mogućnosti sam prilično samostalno nadograditi i popraviti software i hardware računala | ...) | Smatram da su inženjerska zanimanja vrlo cijenjena (dobra plaća | velika mogućnost profesionalnog usavršavanja | ...),1,Istražim sam,12,2,3,2,bitnije je razumjevanje,23,3,4,5,slazem se,9,2,5,5,1,4,4,2,Ako znamo što predstavljaju varijable u jednadžbi trebalo bi biti intuitivno,76,11,3,Situacije se mogu svesti na osnovne jednadžbe,45,7,5,3,5,Puno pomaze,11,2,3,5,3,samo ako mislim da mi će mi pomoći ,35,8,1,2,4,4,2,4,2,5,2,4,2,2,Ne,2,1,4,0,0,1,0,0,0,1,0,0,0,4,0,0,1,0,0,5,0,0,0,1,0,0,,4,0,0,0,1,0,5,0,0,0,1,0,0,,4,0,0,0,1,0,1,0,0,0,0,1,0,,1,0,0,0,0,1,1,0,0,0,0,1,0,,1,1,0,1,1,0,1,1,1,1,1,1,0,1,0,1,0,1,0,0,0,1,1,1,1,0,1,0,1,0,1,1,0,1,0.5789473684210527,57.89473684210527,0.6666666666666666,66.66666666666666,0.7,70.0,0.6363636363636364,63.63636363636363,1,0,0,0,0,0,0,1,0,0,0,0,1,1,0
26.3.2026. 08:37:02,1,0,0,0,1,0,0,0,,0,0,0,0,0,0,0,1,Elektrotehničku školu,4,4.0,4.0,2025.0,2025.0,4.0,2.0,3.0,0,1,0,0,0,0,0,0,1,0,0,0,0,0,0,1,0,1,Smatram da su inženjerska zanimanja vrlo cijenjena (dobra plaća | velika mogućnost profesionalnog usavršavanja | ...),3,"Ako ne znam rijesiti neki zadatak, potrazit cu pomoc i onda na osnovu toga znati za sljedeci put",96,18,4,2,"Mislim da je bitnije zadatak zadati s fizikalne strane tocno, a matematicki je vise manje sablonski ovisno o zadatku",116,19,4,3,"U pravilu i nije tocno, bitnije je shvatiti koji su fizikalni zakoni ostale stvari vezane za taj zadatak, jer se gore navedena tvrdnja je vise vezana za matematiku",163,28,3,4,3,3,4,3,"Mislim da je bitno razmijeti jednadzbu, no ako se koristi u vise zadataka onda postanu “rutinske”",97,16,3,"U pravilu koliko se sjecam i da i ne. Postoje odredene formule za odredeni dio gradiva, no one same ovise o slucaju kojeg imamo u zadatku i na nacin rjesavanja, valjda? Hahaha",175,32,3,3,5,"Ucili su me u srednjoj da je lakse shvatiti zadatak preko skice, sto se i ispostavilo istinito, te doista pomaze u shvacanju zadatka i njegovog rjesavanja",154,26,4,4,4,"Kao u proslom dijelu kojeg sam opisao, lakse je shvatiti sto se radi i sto se trazi preko skice",95,19,3,3,4,2,2,4,4,4,3,3,4,4,Smatram da rjesavanje pomocu simbola kao bude jednostavnije jer nemas konkretne brojeve koje konstantno moras pisati i prebacivati u formulama,142,20,3,0,1,0,0,0,0,0,1,0,0,4,0,0,1,0,0,4,0,0,0,0,1,0,,3,0,0,1,0,0,3,0,0,0,1,0,0,,3,1,0,0,0,0,4,1,0,0,0,0,0,,4,1,0,0,0,0,3,1,0,0,0,0,0,,2,0,1,1,1,0,0,1,0,0,1,0,0,0,0,1,0,1,1,0,0,1,0,1,1,1,1,0,0,1,0,0,1,0,0.47368421052631576,47.368421052631575,0.5238095238095238,52.38095238095239,0.3,30.0,0.45454545454545453,45.45454545454545,1,1,1,0,0,0,0,0,0,0,0,0,1,1,1
26.3.2026. 08:37:32,0,1,0,0,1,0,0,0,,0,0,0,0,0,0,0,1,Klasičnu gimnaziju,4,4.0,4.0,2025.0,2025.0,,2.0,,0,1,0,0,0,0,0,0,1,0,0,0,0,0,0,0,0,1,Dobro poznajem i zanima me računalo (dobro poznajem programiranje | u mogućnosti sam prilično samostalno nadograditi i popraviti software i hardware računala | ...) | Smatram da su inženjerska zanimanja vrlo cijenjena (dobra plaća | velika mogućnost profesionalnog usavršavanja | ...),3,"Ako ne znam zapoceti zadatak, ne znam ga rijesiti dok professor ne krene objasnjavat",84,14,3,4,Ako ne znamo rijesiti zadatak matematicni onda ne mozemo rijesiti zadatak uopce jer je to podloga zadatka,105,17,3,3,Trebamo znati postupak,22,3,3,3,3,3,4,3,Da,2,1,3,Slazem se,9,2,3,3,3,Lakse je rjesavati zadatke kada imam skicu koja objasnjava princip,66,10,3,3,3,Jer je tako lakse objasniti,27,5,2,2,3,3,4,3,3,3,2,3,3,2,Lakse je matematicki,20,3,2,0,0,1,0,0,0,0,1,0,0,4,1,0,0,0,0,3,1,0,0,0,0,0,,3,0,0,1,0,0,3,0,1,0,0,0,0,,3,0,1,0,0,0,3,0,0,1,0,0,0,,3,0,1,0,0,0,3,0,1,0,0,0,0,,3,0,0,0,0,0,0,0,0,0,1,0,0,0,0,0,0,0,0,0,0,0,0,0,0,0,0,0,0,0,1,0,0,0,0.05263157894736842,5.263157894736842,0.09523809523809523,9.523809523809524,0.1,10.0,0.06060606060606061,6.0606060606060606,0,0,0,0,1,0,0,0,0,0,0,0,0,1,0
26.3.2026. 08:37:58,0,1,0,0,0,1,0,0,,0,0,0,0,0,0,0,1,Opću gimnaziju,4,4.0,4.0,2025.0,2025.0,,2.0,3.0,0,1,0,0,0,0,0,0,0,1,0,0,0,0,0,0,0,1,Pokazujem sklonost prema praktičnom radu (izrađujem makete | jednostavne uređaje | spretno koristim različite mjerne instrumente | mogu obavljati različite kućne popravke | ...)) | Smatram da su inženjerska zanimanja vrlo cijenjena (dobra plaća | velika mogućnost profesionalnog usavršavanja | ...) | Tijekom dosadašnjeg obrazovanja često smo u suradnji s nastavnicima obavljali i osmišljavali zanimljive eksperimente iz fizike i drugih predmeta iz STEM područja,3,Ako ne znam nešto započeti prvo pokušavam na više načina doći do odgovora prije nego što pitam asistenta ili profesora za pomoć,127,22,5,2,"Najvažniji dio pri rješavanju zadataka u fizici mi je shvatiti kojim postupkom stvari rade i kako je došlo do toga, te postavljanje pravilnih formula, dok mi je rješavanje matematičkog dijela najlakše ",201,31,5,5,Da bi pravilno tješila zadatak najbitnije je postaviti pravilne formule ,72,10,3,4,1,1,5,2,Kako bi došla do jednadžbe prvo ju trebam razumijeti i razumijeti zašto se ona koristi u tom trenutku ,102,18,3,"Postoje jednadžbe koje su specifične za svaku pojedinačnu situaciju, ali neke se mogu koristiti u više njih ",108,17,4,5,5,Pomoću dijagrama ili skice lakše mi se snaći u zadatku ,55,10,2,4,5,Čak i kad nema potrebe za dijagramima lakše mi je nacrtati jedan kako bi se snašla u zadatku ,93,18,2,4,4,4,1,5,5,5,5,5,5,5,Lakše mi je rješavati zadatke s brojevima jer su razumniji ,59,10,2,0,1,0,0,0,0,0,0,0,1,4,0,0,1,0,0,4,0,0,0,0,0,1,VI) Niti jedno od ponuđenih fizikalnih obrazloženja ne opisuje moje razmišljanje; moje fizikalno obrazloženje je:,4,0,0,1,0,0,5,0,0,1,0,0,0,,3,0,1,0,0,0,4,0,0,1,0,0,0,,3,0,0,0,1,0,4,0,0,1,0,0,0,,4,0,1,1,1,0,0,1,1,0,1,1,0,1,1,1,1,1,1,0,1,1,1,1,1,1,1,1,1,1,0,0,1,0,0.7368421052631579,73.68421052631578,0.8095238095238095,80.95238095238095,0.8,80.0,0.7272727272727273,72.72727272727273,1,0,0,0,0,0,0,0,0,1,0,0,2,0,0
26.3.2026. 08:38:09,1,0,0,0,1,0,0,0,,0,0,0,0,0,0,0,1,Klasičnu gimnaziju,4,4.0,3.0,2025.0,2025.0,,2.0,,0,1,0,0,0,0,0,0,1,0,0,0,0,0,0,0,0,1,Dobro poznajem i zanima me računalo (dobro poznajem programiranje | u mogućnosti sam prilično samostalno nadograditi i popraviti software i hardware računala | ...),2,"Ukoliko ne znam riješiti zadatak probam se sjetiti ono čega znam, ukoliko i dalje ne znam tražim pomoć nastavnika.",114,19,1,2,"Smatram kako je bitnije znati formule, koje su matematički jednostavne.",71,10,3,5,"Za već postojeće zakone i stvari je tako, no ukoliko osoba nešto istražuje onda se ne slažem sa izjavom.",104,19,5,5,4,4,4,3,Ne rješavam fizikalne zadatke toliko da bih rutinski znao formule.,66,10,3,Ima dosta različitih formula ovisno o situaciji za neke zakone.,63,10,4,3,4,"Lakše je vizualizirati i predpostaviti što će se dogoditi, kada si to predočim crtežom.",87,14,5,2,3,"Neka pitanja ne iziskuju skicu, dok neka koja ne znam većinom rješavam logički ili na sreću.",92,16,2,3,4,4,3,5,5,5,3,4,4,5,"Lakše je imati brojčane vrijednosti u zadatku, možemo predpostaviti neke stvari.",80,11,2,0,1,0,0,0,0,1,0,0,0,4,0,0,0,0,1,5,0,1,0,0,0,0,,5,0,0,1,0,0,4,0,0,1,0,0,0,,4,0,1,0,0,0,3,0,0,1,0,0,0,,3,1,0,0,0,0,2,0,0,1,0,0,0,,2,1,0,1,0,0,1,1,0,1,1,0,0,1,0,1,0,0,0,0,0,1,1,0,1,1,1,0,1,1,0,0,1,1,0.5789473684210527,57.89473684210527,0.6190476190476191,61.904761904761905,0.6,60.0,0.5151515151515151,51.515151515151516,0,0,0,0,0,0,0,0,0,0,0,0,0,0,0
26.3.2026. 08:38:09,1,0,0,0,1,0,0,0,,0,0,0,0,0,0,0,1,"Matematičku, prirodoslovno-matematičku gimnaziju",4,2.0,4.0,2025.0,2025.0,,4.0,3.0,0,1,0,0,0,0,0,0,0,1,0,0,0,0,0,1,0,1,Dobro poznajem i zanima me računalo (dobro poznajem programiranje | u mogućnosti sam prilično samostalno nadograditi i popraviti software i hardware računala | ...) | Ljudi ili bližoj okolini imam ljude inženjerskih zanimanja,2,"Uvijek probam rijesiti do kraja bio dobar ili los postupak, pa provjerim rjesenje na kraju.",91,15,4,1,Uglavnom ne matematicka podloga nije sad toliko jako bitna koliko je bitan kontekst zadatka ,92,14,3,4,Pa msm uglavnom je tako trazimo odredjeni kontekst ovisno koja formula opisuje taj kontekst ,92,14,3,2,1,2,4,1,"Potrebno je razumjeti formule kako bi znali sto racunamo, jer ako znamo sta koristimo mozemo aproksimirat rjesenje",114,17,4,"Ima takvih formula al ima i opcenitijih formula
",48,8,4,3,4,Pola rjesenja je vizualizirati problem,38,5,1,2,1,Zasto bi to radio ako ne pomaze mi,34,8,1,2,4,2,1,4,5,4,4,4,4,3,Trebamo imati dobru podlogu iz matematike i znat cemo,53,9,3,0,0,0,1,0,0,0,1,0,0,4,0,0,1,0,0,4,0,0,0,1,0,0,,4,0,0,0,1,0,4,0,0,0,1,0,0,,3,1,0,0,0,0,3,1,0,0,0,0,0,,3,0,1,0,0,0,2,1,0,0,0,0,0,,1,1,1,1,0,0,0,0,1,0,1,1,0,1,0,1,1,0,0,0,0,1,0,1,1,1,1,1,1,1,0,0,0,0,0.42105263157894735,42.10526315789473,0.5714285714285714,57.14285714285714,0.7,70.0,0.5151515151515151,51.515151515151516,1,0,0,0,0,0,0,0,0,0,0,0,1,0,0
26.3.2026. 08:40:09,0,1,0,0,1,0,0,0,,0,0,0,0,0,0,0,1,Elektrotehničku školu,4,5.0,5.0,2025.0,2025.0,,3.0,2.0,0,1,0,0,0,0,0,0,1,0,0,0,0,0,0,0,0,1,Smatram da su inženjerska zanimanja vrlo cijenjena (dobra plaća | velika mogućnost profesionalnog usavršavanja | ...) | Tijekom dosadašnjeg obrazovanja često smo u suradnji s nastavnicima obavljali i osmišljavali zanimljive eksperimente iz fizike i drugih predmeta iz STEM područja | Nagovor roditelja (ispunjavam želju svojih roditelja),2,Teško minje objasniti,21,3,3,2,Bitnije je poznavati fiziku da se može pretpostaviti zadatak pa je onda matematika bitna,88,14,4,4,Teško za objasniti,18,3,3,4,3,4,4,3,Teško za objasniti,18,3,2,Teško za objasniti,18,3,4,3,4,Teško za objasniti,18,3,2,4,3,Teško za objasniti,18,3,4,3,4,2,4,4,3,4,2,3,5,4,Teško za objasniti,18,3,3,0,0,1,0,0,0,0,1,0,0,4,0,0,1,0,0,4,0,0,0,1,0,0,,4,0,0,0,1,0,4,0,0,0,1,0,0,,4,0,0,1,0,0,3,0,0,0,1,0,0,,2,1,0,0,0,0,3,0,1,0,0,0,0,,4,1,0,1,1,0,0,1,0,1,1,0,1,1,0,1,1,1,0,1,0,1,0,0,1,0,1,0,0,1,0,0,0,0,0.5263157894736842,52.63157894736842,0.5238095238095238,52.38095238095239,0.4,40.0,0.48484848484848486,48.484848484848484,1,0,0,0,0,0,1,0,0,0,0,0,2,0,0
26.3.2026. 08:40:14,0,1,0,0,0,1,0,0,,0,0,0,0,0,0,0,1,Elektrotehničku školu,4,5.0,4.0,2025.0,2025.0,,2.0,,0,1,0,0,0,0,0,0,1,0,0,0,0,0,0,0,0,1,Dobro poznajem i zanima me računalo (dobro poznajem programiranje | u mogućnosti sam prilično samostalno nadograditi i popraviti software i hardware računala | ...) | Ljudi ili bližoj okolini imam ljude inženjerskih zanimanja,2,iskreno radije bi pitala kolegu za pomoć ako oni znaju. ,56,10,2,2,"iskreno ne, jer matematiku se može i preko uadataka, bitnije je razumiti zadatak i izvuci formule ",98,16,3,5,treba se znati što se traži u kojem zadatku i odabrati točnu formulu ,69,13,2,4,1,2,3,2,bitno ih je razumijeti,22,4,3,"uvijek iz formule za nešto drugo, možemo izvuci formulu za ono sto tražimo, ako je u skladu s pravilima",103,19,4,3,3,"ovisi kakav je zadatak, često je sama skica bitna kako bi razumjeli zadatak, ali isto tako i često nije bitna",109,20,2,4,2,"ako mi ne pomognu u rješenju, ne želim trošiti vrijeme ",55,10,3,2,4,4,1,5,4,2,1,4,4,3,"ovisi do svake situacije, neki mogu biti teži a neki lakši na takve načine ",75,14,2,0,1,0,0,0,0,1,0,0,0,4,0,0,0,0,1,4,0,1,0,0,0,0,,4,1,0,0,0,0,3,0,0,0,0,0,1,išla sam na eliminacijsko riješenje,2,1,0,0,0,0,4,1,0,0,0,0,0,,4,1,0,0,0,0,2,0,1,0,0,0,0,,2,1,0,1,0,0,0,1,1,0,0,1,0,1,0,0,1,1,0,0,0,1,1,1,1,1,0,0,1,1,0,0,1,1,0.47368421052631576,47.368421052631575,0.6190476190476191,61.904761904761905,0.7,70.0,0.5151515151515151,51.515151515151516,0,0,0,0,0,0,0,0,0,0,0,0,0,0,0
26.3.2026. 08:40:23,1,0,0,0,1,0,0,0,,0,0,0,0,0,0,0,1,Opću gimnaziju,4,5.0,4.0,2025.0,2025.0,,2.0,2.0,0,1,0,0,0,0,0,0,1,0,0,0,0,0,0,0,0,1,Smatram da su inženjerska zanimanja vrlo cijenjena (dobra plaća | velika mogućnost profesionalnog usavršavanja | ...),2,"Prvo pokušam pronaći rješenje u prethodno riješenim zadatcima, zatim pozivam profesora.",87,11,4,1,"Matematički dio mi nije problem, veći mi je problem kada se pogubim koju formulu treba iskoristiti.",99,16,4,5,Slažem se.,10,2,5,5,2,4,4,3,Zavisi od vrste zadatka.,24,4,3,"Ponekad da, ponekad ne.",23,4,5,4,2,"Osim ako nije riječ o računanju kuteva, ne slažem se.",53,10,3,2,1,Smatram da mi nisu potrebne.,28,5,3,4,4,5,2,4,5,4,2,4,5,5,Tada imam bolju percepciju o tome što ću morati raditi u zadatku.,65,12,1,0,1,0,0,0,0,0,0,1,0,4,0,0,0,0,1,4,0,0,0,0,1,0,,4,0,0,1,0,0,4,0,0,1,0,0,0,,4,1,0,0,0,0,3,1,0,0,0,0,0,,3,1,0,0,0,0,3,0,0,1,0,0,0,,3,1,1,1,1,0,1,1,1,1,1,0,0,1,1,0,0,0,0,0,1,1,1,1,1,1,1,0,1,1,0,0,1,0,0.7368421052631579,73.68421052631578,0.5714285714285714,57.14285714285714,0.8,80.0,0.6363636363636364,63.63636363636363,0,1,0,0,0,0,0,0,0,0,0,0,0,1,0
26.3.2026. 08:40:40,1,0,0,0,1,0,0,0,,0,0,0,0,0,0,0,1,"Strukovnu školu (strojarsku, građevinsku, medicinsku, …)",2,5.0,5.0,2025.0,2025.0,,4.0,2.0,0,1,0,0,0,0,0,0,0,0,0,0,0,0,0,0,0,1,Dobro poznajem i zanima me računalo (dobro poznajem programiranje | u mogućnosti sam prilično samostalno nadograditi i popraviti software i hardware računala | ...) | Smatram da su inženjerska zanimanja vrlo cijenjena (dobra plaća | velika mogućnost profesionalnog usavršavanja | ...),2,Uvijek pokušam prvo sam ili uz pomoć prijatelja rješiti.,56,9,3,2,"To je samo mali dio rješavanja, matematičko znanje ne znači ništa ako ne znamo doći do dijela gdje ga trebamo iskoristiti.",122,21,2,4,Istina.,7,1,3,4,2,3,4,3,"Neke jednadžbe su jako intuitivne, dok druge baš i nisu i teško ih je razumjeti bez dobrog znanja o tom djelu gradiva.",118,22,3,Nez isk,7,2,4,4,5,"Skica u puno slučajeva olakšava predstaviti si zadatak, neki se gotovo u potpunosti mogu uraditi preko skice, te samo uvrstimo svoje brojeve.",141,22,3,2,1,Nema potrebe.,13,2,3,3,5,5,3,5,4,5,4,3,4,5,Istina.,7,1,2,0,1,0,0,0,0,0,0,1,0,4,0,0,1,0,0,4,0,0,0,1,0,0,,3,0,0,0,1,0,4,0,0,1,0,0,0,,2,1,0,0,0,0,3,1,0,0,0,0,0,,4,1,0,0,0,0,2,0,0,1,0,0,0,,1,1,0,1,0,0,0,1,1,0,1,0,0,1,1,1,0,0,0,0,0,1,1,0,1,1,1,1,0,1,0,0,1,0,0.5263157894736842,52.63157894736842,0.5238095238095238,52.38095238095239,0.6,60.0,0.48484848484848486,48.484848484848484,1,0,0,0,0,0,0,0,0,0,0,0,1,0,0
26.3.2026. 08:41:06,0,1,0,0,1,0,0,0,,0,0,0,0,0,0,0,1,"Matematičku, prirodoslovno-matematičku gimnaziju",4,5.0,3.0,2025.0,2025.0,,3.0,3.0,0,1,0,0,0,0,0,0,1,0,0,0,0,0,0,0,0,1,Ljudi ili bližoj okolini imam ljude inženjerskih zanimanja | Smatram da su inženjerska zanimanja vrlo cijenjena (dobra plaća | velika mogućnost profesionalnog usavršavanja | ...),3,"Nekad mi treba pomoć, a nekad ne.",33,7,3,4,Iako je zadatak fizikalno točan to nam nece pomoći ako su izračuni krivi.,73,13,5,5,Treba gledati i fizikalne zakone.,33,5,4,4,2,1,5,3,Treba razumijeti iz kojih su fizikalnih zakona i kako došle jednadžbe.,70,11,4,Ponekad tu jednadžbu trebamo sami prilagoditi.,46,6,5,5,5,Zadatak se jqsnije vidi sa skice.,33,6,4,4,4,Mislim da ću bolje razumijeti preko skice.,42,7,4,2,4,3,4,5,5,5,1,5,5,3,Navikla sam na varijable.,25,4,4,0,1,0,0,0,0,0,1,0,0,4,0,0,1,0,0,4,0,0,0,1,0,0,,3,0,0,0,1,0,4,0,0,1,0,0,0,,3,1,0,0,0,0,5,0,0,0,1,0,0,,4,0,1,0,0,0,5,1,0,0,0,0,0,,4,0,0,0,1,0,1,1,1,0,1,0,0,1,1,1,0,1,1,1,0,1,0,0,1,1,1,0,1,1,0,1,1,0,0.631578947368421,63.1578947368421,0.6666666666666666,66.66666666666666,0.4,40.0,0.5757575757575758,57.57575757575758,1,0,0,0,0,0,0,0,0,0,0,0,1,0,0
26.3.2026. 08:41:10,1,0,0,0,0,1,0,0,,0,0,0,0,0,0,0,1,"Strukovnu školu (strojarsku, građevinsku, medicinsku, …)",4,5.0,4.0,2025.0,2025.0,,3.0,2.0,0,1,0,0,0,0,0,0,0,1,0,0,0,0,0,0,0,1,Pokazujem sklonost prema praktičnom radu (izrađujem makete | jednostavne uređaje | spretno koristim različite mjerne instrumente | mogu obavljati različite kućne popravke | ...)) | Dobro poznajem i zanima me računalo (dobro poznajem programiranje | u mogućnosti sam prilično samostalno nadograditi i popraviti software i hardware računala | ...) | Smatram da su inženjerska zanimanja vrlo cijenjena (dobra plaća | velika mogućnost profesionalnog usavršavanja | ...),2,U redu je,9,3,3,5,.,1,1,3,3,.,1,1,3,3,3,3,3,3,Slazem se,9,2,3,.,1,1,3,3,3,.,1,1,3,3,3,.,1,1,3,3,3,3,1,3,3,3,3,3,3,3,.,1,1,3,0,0,1,0,0,0,0,1,0,0,4,0,1,0,0,0,5,0,1,0,0,0,0,,4,0,0,1,0,0,3,0,0,1,0,0,0,,3,0,0,1,0,0,3,0,0,1,0,0,0,,3,0,0,1,0,0,3,0,0,1,0,0,0,,3,1,0,0,0,0,0,0,0,0,0,0,0,0,0,0,0,0,0,0,0,0,0,1,0,0,0,0,0,0,0,0,0,0,0.0,0.0,0.0,0.0,0.2,20.0,0.06060606060606061,6.0606060606060606,0,0,0,0,0,0,1,0,0,0,0,0,1,0,0
26.3.2026. 08:41:40,0,1,0,0,1,0,0,0,,0,0,0,0,0,0,0,1,Opću gimnaziju,4,4.0,4.0,2025.0,2025.0,,2.0,2.0,0,1,0,0,0,0,0,0,0,0,0,0,0,0,0,0,0,1,Dobro poznajem i zanima me računalo (dobro poznajem programiranje | u mogućnosti sam prilično samostalno nadograditi i popraviti software i hardware računala | ...) | Smatram da su inženjerska zanimanja vrlo cijenjena (dobra plaća | velika mogućnost profesionalnog usavršavanja | ...),3,Pitat ću kolegu. ,17,3,4,4,Matematički dio je najbitniji. ,31,4,4,4,Najčešće sam rješavala takve tipove zadataka ,45,6,2,5,3,4,4,3,Mislim da se ne radi o intuiciji vec o iskustvu ,48,10,3,Jedna se može odnositi na vise situacija,40,7,4,4,3,Najčešće ne radim skicu,23,4,3,3,2,Nije istina ,12,2,2,4,5,5,4,5,5,4,2,3,4,4,Više volim brojčane vrijednosti ,32,4,4,0,0,1,0,0,0,1,0,0,0,4,1,0,0,0,0,4,0,1,0,0,0,0,,4,0,0,0,0,1,3,0,1,0,0,0,0,,4,0,1,0,0,0,4,1,0,0,0,0,0,,4,0,0,0,1,0,4,0,1,0,0,0,0,,4,0,1,0,1,0,0,1,0,1,1,0,0,1,1,0,0,0,0,0,1,1,1,0,1,1,1,0,0,1,0,1,0,1,0.631578947368421,63.1578947368421,0.5238095238095238,52.38095238095239,0.5,50.0,0.48484848484848486,48.484848484848484,0,0,0,0,1,0,0,0,0,1,0,0,1,1,0
26.3.2026. 08:43:02,1,0,0,0,1,0,0,0,,0,0,0,0,0,0,0,1,Opću gimnaziju,4,4.0,3.0,2025.0,2025.0,,2.0,2.0,0,1,0,0,0,0,0,0,1,1,0,0,0,0,0,0,0,0,,1,Slažem se,9,2,3,3,Slažem se,9,2,3,3,Slažem se,9,2,4,3,3,3,3,2,Ne slažem se.,13,3,3,Slažem se,9,2,2,3,3,Slažem se.,10,2,3,2,2,Ne slažem se.,13,3,2,3,4,2,3,3,3,4,3,3,3,4,Slažem se.,10,2,2,0,0,1,0,0,0,1,0,0,0,4,0,0,0,0,1,5,0,1,0,0,0,0,,3,0,0,1,0,0,4,0,0,1,0,0,0,,2,1,0,0,0,0,3,1,0,0,0,0,0,,3,1,0,0,0,0,4,0,1,0,0,0,0,,3,1,0,0,0,0,1,0,0,0,0,1,0,0,0,0,0,0,0,0,0,1,0,0,0,0,1,0,0,0,0,0,0,1,0.21052631578947367,21.052631578947366,0.19047619047619047,19.047619047619047,0.1,10.0,0.18181818181818182,18.181818181818183,0,0,0,0,0,0,0,0,0,0,0,0,0,0,0
26.3.2026. 08:43:50,1,0,0,0,1,0,0,0,,0,0,0,0,0,0,0,1,"Strukovnu školu (strojarsku, građevinsku, medicinsku, …)",4,5.0,5.0,2025.0,2025.0,,3.0,2.0,0,1,0,0,0,0,0,0,0,1,0,0,0,0,0,0,0,1,Dobro poznajem i zanima me računalo (dobro poznajem programiranje | u mogućnosti sam prilično samostalno nadograditi i popraviti software i hardware računala | ...) | Smatram da su inženjerska zanimanja vrlo cijenjena (dobra plaća | velika mogućnost profesionalnog usavršavanja | ...),2,"Ukoliko ne znam započeti zadatk, obično krenem sam pokušati ponovno ili pronaći negdje sličan zadatak. Ako to ne uspije onda tražim pomoć.",138,22,4,2,Mislim da je najvažniji dio shvatiti zadatak i moći ga pretvoriti fizikalna jednadžbe i svojstva.,97,15,5,2,Mislim kako je rješavanje zadataka u fizici je samo dobivanje jednadžbi koje se univerzalno mogu primijeniti.,109,16,4,5,1,3,4,2,Smatram kako je puno važnije shvatiti značenje jednadžbi i fizikalne svojstva/zakona nego samo matematičko rješavanje.,118,15,2,Mislim da se dosta jednadžbi mogu koristiti u više slučajeva.,61,10,4,4,4,Skica mi omogućuje zamisliti sve što se događa u zadatku kao jednu cjelinu,74,13,4,5,3,Nisam siguran,13,2,2,2,4,4,2,4,4,4,4,4,4,3,"Ja sam učen rješavati simbolima, a ne matematički",49,8,4,0,1,0,0,0,1,0,0,0,0,4,0,0,0,0,1,2,0,0,0,0,1,0,,2,0,0,0,1,0,2,0,0,0,0,1,0,,1,0,0,1,0,0,2,0,0,0,0,1,0,,2,0,0,0,1,0,2,0,1,0,0,0,0,,2,1,1,1,1,1,1,1,1,0,1,1,1,1,1,1,0,1,0,0,0,1,1,1,1,1,1,1,1,1,0,1,1,1,0.8421052631578947,84.21052631578947,0.7619047619047619,76.19047619047619,0.8,80.0,0.8181818181818182,81.81818181818183,0,1,0,0,0,0,1,1,1,1,0,0,2,2,1
26.3.2026. 08:43:51,1,0,0,0,1,0,0,0,,0,0,0,0,0,0,0,1,"Matematičku, prirodoslovno-matematičku gimnaziju",4,4.0,5.0,2025.0,2025.0,,5.0,4.0,0,1,0,0,0,0,0,0,1,1,0,0,0,0,0,0,0,1,Dobro poznajem i zanima me računalo (dobro poznajem programiranje | u mogućnosti sam prilično samostalno nadograditi i popraviti software i hardware računala | ...) | Smatram da su inženjerska zanimanja vrlo cijenjena (dobra plaća | velika mogućnost profesionalnog usavršavanja | ...),1,"Sam pregledavam materijale ili druge zadatke dok ne pronađem odgovor. Ako ne pronađem, onda ga tražim sam.",106,17,4,2,"Vrlo je važan dio fizike matematika, no ona je tek alat za rješavanje zadatka. Potrebno je prvo znati fizikalne zakone ili znati dovoljno naprednu matematiku kako bi ih izveli.",176,29,4,3,Potrebno je znati koje jednadžbe zapravo vrijede i kakve im modifikacije moramo napraviti.,90,13,4,4,1,4,4,2,"Uvijek je moguće riješiti neki zadatak bez korištenja intuicije, no često to neće biti točno.",93,15,2,"Jednadžbe su uglavnom općenite, a mi koristimo one koje su malo specifičnije za neke situacije jer su jednostavnije.",116,18,5,3,5,Pomaže mi priopćiti zadatak te biti točniji.,44,7,2,4,4,Znam nekada skicirati neke sitnice kako bih si pomogao u razmišljanju.,70,11,4,2,4,4,2,3,4,4,4,5,5,3,Ovisi od zadatka do zadatka.,28,5,4,1,0,0,0,0,0,1,0,0,0,4,0,0,1,0,0,5,0,0,0,1,0,0,,5,0,0,0,1,0,5,0,0,0,1,0,0,,3,0,1,0,0,0,5,0,0,0,0,1,0,,5,0,0,0,1,0,4,0,0,0,1,0,0,,4,1,1,1,1,0,1,1,1,1,1,1,1,1,0,1,1,1,1,1,0,1,1,1,0,1,1,1,1,1,0,1,1,1,0.8947368421052632,89.47368421052632,0.8571428571428571,85.71428571428571,0.7,70.0,0.8484848484848485,84.84848484848484,1,0,0,0,0,0,0,1,0,1,1,1,2,2,1
26.3.2026. 08:44:02,1,0,0,0,1,0,0,0,,0,0,0,0,0,0,0,1,Elektrotehničku školu,4,4.0,4.0,2025.0,2025.0,,2.0,2.0,0,1,0,0,0,0,0,0,1,0,0,0,0,0,0,1,0,1,Dobro poznajem i zanima me računalo (dobro poznajem programiranje | u mogućnosti sam prilično samostalno nadograditi i popraviti software i hardware računala | ...) | Smatram da su inženjerska zanimanja vrlo cijenjena (dobra plaća | velika mogućnost profesionalnog usavršavanja | ...),3,"Većinom ako ne znam rješiti zadatak tražim pomoć kolega, ali ako se ispostavi da nakon malo dužeg vremema ne nađemo pravilno rješenje nemam nikakav problem pitati profesora za pomoć.",182,29,4,3,"Može pomoći znati to rješavati, ali matematika i fizika koliko god su ""slične"" zapravo su različite.",100,16,4,5,Slažem se upotpunosti.,22,3,4,5,2,3,4,2,Ne slazem se jer se ne slažem,29,7,4,"U fizici za većinu stvari imamo određenu formulu samo je na nama pokušati shvatiti šta se traži(sila, snaga, energija, itd.)",124,20,5,3,4,Uvijek dobro dođe imati skice ili sheme nečeg jer se lakše onda razumije možda nešto lakše uoćimo.,98,17,3,2,2,Ne slažem se jer većinu stvari koje ne trebamo skicirat možemo rješit samo pomoću formula.,90,15,3,3,4,4,3,5,5,2,4,5,4,3,"Jednako je teško, samo je možda lakše jer imaš vizualne neke stvari pri rješavanju.",83,14,4,0,1,0,0,0,1,0,0,0,0,4,1,0,0,0,0,3,0,1,0,0,0,0,,3,0,0,1,0,0,3,0,0,1,0,0,0,,2,0,0,1,0,0,4,0,0,0,0,1,0,,3,0,0,0,0,1,1,0,0,1,0,0,0,,1,0,1,0,1,0,1,1,1,0,1,1,0,1,0,1,0,0,0,0,0,1,1,0,1,1,0,1,1,1,0,1,1,1,0.631578947368421,63.1578947368421,0.6190476190476191,61.904761904761905,0.6,60.0,0.5757575757575758,57.57575757575758,0,0,0,0,0,0,1,1,1,0,0,0,1,1,1
26.3.2026. 08:45:07,1,0,0,0,0,1,0,0,,0,0,0,0,0,0,0,1,Elektrotehničku školu,4,5.0,5.0,2025.0,2025.0,,3.0,3.0,0,1,0,0,0,0,0,0,1,1,0,0,0,0,0,1,0,1,Pokazujem sklonost prema praktičnom radu (izrađujem makete | jednostavne uređaje | spretno koristim različite mjerne instrumente | mogu obavljati različite kućne popravke | ...)) | Smatram da su inženjerska zanimanja vrlo cijenjena (dobra plaća | velika mogućnost profesionalnog usavršavanja | ...),2,Prvo bi sam na razlicite nacine pokusao rjesiti taj zadatak dok ne uspijem,74,13,4,3,Mislim da je nacin razmisljanja i odabir valjanih formula bitnije nego sami izracun,83,13,4,5,Slazem se,9,2,4,5,3,3,4,3,Nisam siguran sto pitanje od mene trazi,39,7,5,Slazem se,9,2,4,4,4,Da skica mi moze prikazati nacin rjesavanja zadataka pogotovo kod vektorskih tipova zadataka,92,13,2,4,3,Zavisi kakav zadatak dobijem,28,4,4,3,5,4,3,4,4,4,3,4,4,5,Naravno pogotovo ako imamo vise nepoznanica,43,6,2,0,0,1,0,0,0,0,1,0,0,4,0,0,1,0,0,4,0,0,0,1,0,0,,3,0,1,0,0,0,4,0,1,0,0,0,0,,2,1,0,0,0,0,4,0,0,1,0,0,0,,3,1,0,0,0,0,1,0,1,0,0,0,0,,2,1,1,0,1,0,1,1,0,0,1,0,0,1,1,1,1,1,0,1,0,1,1,0,1,1,1,0,1,1,0,0,0,0,0.631578947368421,63.1578947368421,0.6190476190476191,61.904761904761905,0.6,60.0,0.5757575757575758,57.57575757575758,1,0,0,1,1,1,0,0,0,0,0,0,2,1,1
26.3.2026. 08:45:56,1,0,0,0,1,0,0,0,,0,0,0,0,0,0,0,1,Elektrotehničku školu,4,4.0,4.0,2025.0,2025.0,,2.0,,0,1,0,0,0,0,0,0,1,0,0,0,0,0,0,0,0,1,Pokazujem sklonost prema praktičnom radu (izrađujem makete | jednostavne uređaje | spretno koristim različite mjerne instrumente | mogu obavljati različite kućne popravke | ...)) | Dobro poznajem i zanima me računalo (dobro poznajem programiranje | u mogućnosti sam prilično samostalno nadograditi i popraviti software i hardware računala | ...) | Smatram da su inženjerska zanimanja vrlo cijenjena (dobra plaća | velika mogućnost profesionalnog usavršavanja | ...),2,"Ne znam kako točno započeti, ali svejedno probam riješiti zadatak na neki način. ",81,13,3,3,"Važan je matematički dio, ali je važan i fizikalne dio. ",56,10,5,4,"To je jedan dio, ali je bitno i fizikalnog razumijevanje zadatka. ",66,11,3,4,2,4,3,2,Jednadžbe se mogu jednostavno naučiti napamet iako bi bilo bolje ih znati intuitivno ,85,13,3,"Postoji puno jednadžbi koje se odnose na samo jednu situaciju, ali postoje i one koje su univerzalne za više situacija ",119,20,3,3,3,"Nekad mi puno pomogne, a nekad mi baš i ne pomogne ",51,11,2,3,5,Ako nemam opravdani razlog ne crtam skicu,41,7,2,2,4,3,2,2,4,3,2,1,3,4,"U nekim situacijama je lakše preko brojeva, ali uglavnom preko simbola. ",72,11,4,0,0,1,0,0,0,1,0,0,0,4,0,1,0,0,0,4,0,1,0,0,0,0,,4,0,0,0,1,0,3,0,0,0,1,0,0,,3,0,0,1,0,0,4,0,0,0,0,1,0,,3,1,0,0,0,0,4,0,1,0,0,0,0,,4,1,0,0,1,0,0,1,1,1,0,1,0,0,0,0,1,0,1,0,0,1,0,1,0,1,0,0,0,0,0,1,0,1,0.42105263157894735,42.10526315789473,0.3333333333333333,33.33333333333333,0.2,20.0,0.3939393939393939,39.39393939393939,0,0,0,0,0,0,1,1,1,0,0,0,1,1,1
26.3.2026. 08:46:00,0,1,0,0,1,0,0,0,,0,0,0,0,0,0,0,1,Prirodoslovna gimnazija Ruđer Bošković,4,5.0,4.0,2025.0,2025.0,,4.0,3.0,0,1,0,0,0,0,0,0,1,1,0,0,0,0,0,0,0,1,Ljudi ili bližoj okolini imam ljude inženjerskih zanimanja | Tijekom dosadašnjeg obrazovanja često smo u suradnji s nastavnicima obavljali i osmišljavali zanimljive eksperimente iz fizike i drugih predmeta iz STEM područja,1,"Samostalno riješavam zadatke i također razumijem što se u njima događa. Naime, nemam nikakvih poteškoća sa riješavanjem zadataka",128,18,5,4,Također je znatno važno poznavati svojstva i čimbenike koji se nalaze u teorijskom dijelu.,90,14,5,4,Dijelomicno se slazem. To takoder znaci povezivanje raznih drugih stvari ,73,10,5,5,5,5,5,4,Nije potrebno preveliko matematicko znanje za rijesavanje slicnih zadataka,74,9,2,Ne slazem se jer mnogo zadataka je drugacije,44,8,5,5,5,Nez,3,1,5,5,5,.,1,1,5,5,5,5,5,5,5,5,5,5,5,5,.,1,1,5,0,0,0,1,0,0,0,1,0,0,5,0,0,0,0,1,5,0,0,0,1,0,0,,3,0,0,0,1,0,4,0,0,0,1,0,0,,4,0,0,1,0,0,3,0,0,0,1,0,0,,2,1,0,0,0,0,3,1,0,0,0,0,0,,4,1,1,0,1,0,1,1,0,1,1,0,1,1,1,1,0,1,1,1,1,1,1,0,1,1,1,1,1,1,0,1,0,0,0.7368421052631579,73.68421052631578,0.7142857142857143,71.42857142857143,0.8,80.0,0.7272727272727273,72.72727272727273,0,0,0,0,0,0,1,0,0,0,0,0,1,0,0
26.3.2026. 09:00:56,0,1,0,0,1,0,0,0,,0,0,0,0,0,0,0,1,Opću gimnaziju,4,5.0,5.0,2025.0,2025.0,,4.0,,0,1,0,0,0,0,0,0,1,1,0,0,0,0,0,0,0,1,Ljudi ili bližoj okolini imam ljude inženjerskih zanimanja,2,Ako nisam sigurna oko rješavanja nekog zadatka prvo potražim na internetu način na koji se rješava ili potražim u nekoj knjizi pa tek onda ako ne nađem pravi odgovor onda pitam profesora.,187,32,2,2,Važno je razumjeti zadatak i znati već unaprijed neke teorije i činjenice o nečemu pa tek onda primjeniti matematički izračun.,126,20,5,2,Treba znati bit odnosno razumijevanje svakog zadatka a ne samo suhoparno uvrštavati brojčane vrijednosti u formule.,115,16,1,4,1,1,4,1,Bitno je razumijeti srž zadatka a ne suhoparno ga rješavati.,60,10,4,Večinom za različite situacije u fizici koristimo različite izvode neke jednadžbe ali isto tako često se neke jednadžbe izvode iz jednostavnijih pa u tom slučaju stalno koristimo iste formule.,192,29,4,4,5,Puno je lakše vizualno si predočiti problem i dati neki konkretan primjer pa tek onda rješavati zadatak.,104,17,1,2,1,Ako za neki zadatak stvarno nema potrebe crtati skice i možeš iz glave odgovoriti na zadatak onda ne crtam skice.,113,20,1,4,5,2,4,5,4,5,5,5,4,2,Ljudski mozak lakše razumije preko vizualnih prikaza a ne brojčanih te se lakše može dogoditi pogreška prilikom pisanja brojčanih vrijednosti.,142,20,4,0,1,0,0,0,0,1,0,0,0,4,0,0,0,0,1,2,0,1,0,0,0,0,,2,0,0,0,1,0,2,0,0,0,1,0,0,,2,0,1,0,0,0,2,0,0,1,0,0,0,,2,0,0,0,1,0,2,0,1,0,0,0,0,,2,1,0,1,1,1,0,1,1,0,1,1,0,1,1,1,1,0,0,0,1,1,0,0,1,1,1,1,1,1,1,1,1,1,0.6842105263157895,68.42105263157895,0.8095238095238095,80.95238095238095,0.8,80.0,0.7272727272727273,72.72727272727273,0,0,0,0,0,0,0,0,0,1,0,0,1,0,0
26.3.2026. 09:48:04,1,0,1,0,0,0,0,0,,0,0,0,0,0,0,0,1,"Matematičku, prirodoslovno-matematičku gimnaziju",4,5.0,3.0,2023.0,2023.0,,4.0,2.0,0,1,0,0,0,0,0,0,0,0,0,0,0,0,0,0,0,1,Dobro poznajem i zanima me računalo (dobro poznajem programiranje | u mogućnosti sam prilično samostalno nadograditi i popraviti software i hardware računala | ...) | Smatram da su inženjerska zanimanja vrlo cijenjena (dobra plaća | velika mogućnost profesionalnog usavršavanja | ...),3,Prvo pokušavam pronaći odgovor u pitanjima sličnim postavljenom,63,8,4,3,"Potrebno je dobro izraditi skicu i shvatiti fizikalni problem koji se traži, matematika je pomagalo pri rješavanju",114,17,5,4,"Nakon postavke zadatka, dobivamo odgovarajuću jednadžbu koja je temelj rješenja zadatka",87,11,4,4,1,3,4,3,"Ponekad zadatke rješavam šablonski, znam što se od mene očekuje i koristim jednadžbe bez prevelikog razmišljanja",112,16,4,"Svako područje sadrži jednadžbe koje se koriste prilikom rješavanja zadataka odgovarajućih fizikalnih problema, iako su neke jednadžbe slične.",142,18,3,4,5,"Skica je temelj rješenja fizikalnog problema te  se nakon ispravno nacrtane skice, rješenje zadatka nameće samo",111,16,3,5,5,Riječi svakog profesora su bile: skica je obavezna,50,8,5,3,4,4,2,4,4,4,3,4,4,2,"Simboli daju jednostavniji prikaz, a brojeve uvrštavam naposlijetku",67,8,5,0,1,0,0,0,0,1,0,0,0,4,0,0,1,0,0,4,0,0,0,0,0,1,VI) Niti jedno od ponuđenih fizikalnih obrazloženja ne opisuje moje razmišljanje; moje fizikalno obrazloženje je:,4,0,0,0,1,0,1,0,0,0,0,1,0,,1,1,0,0,0,0,2,1,0,0,0,0,0,,2,0,1,0,0,0,4,1,0,0,0,0,0,,4,0,1,0,1,0,1,1,1,0,1,0,0,0,1,1,0,1,1,1,0,1,1,1,1,1,1,0,1,1,1,1,1,1,0.7368421052631579,73.68421052631578,0.7619047619047619,76.19047619047619,0.6,60.0,0.696969696969697,69.6969696969697,1,0,0,0,0,0,0,0,0,0,0,0,1,0,0
27.3.2026. 10:36:02,1,0,0,1,0,0,0,0,,0,0,0,0,0,0,0,1,Elektrotehničku školu,4,2.0,2.0,2024.0,2024.0,4.0,,2.0,0,0,1,0,0,0,0,0,1,1,0,0,0,0,0,1,0,1,Pokazujem sklonost prema praktičnom radu (izrađujem makete | jednostavne uređaje | spretno koristim različite mjerne instrumente | mogu obavljati različite kućne popravke | ...)) | Nagovor roditelja (ispunjavam želju svojih roditelja),2,Ne znam,7,2,4,3,Ne znam,7,2,4,3,Nez,3,1,3,3,3,3,3,3,Nez,3,1,3,Nez,3,1,3,3,3,Nez,3,1,3,3,3,Nez,3,1,3,3,3,3,3,3,3,2,3,3,2,3,Nez,3,1,3,0,1,0,0,0,0,1,0,0,0,3,0,1,0,0,0,3,0,1,0,0,0,0,,1,0,0,1,0,0,3,1,0,0,0,0,0,,2,1,0,0,0,0,2,0,1,0,0,0,0,,2,0,0,1,0,0,3,0,1,0,0,0,0,,3,1,1,0,1,0,0,0,0,0,0,0,0,0,0,0,0,0,0,0,0,0,0,0,0,0,0,0,0,0,0,0,1,1,0.21052631578947367,21.052631578947366,0.09523809523809523,9.523809523809524,0.1,10.0,0.15151515151515152,15.151515151515152,0,0,0,0,0,0,0,0,0,0,0,0,0,0,0
27.3.2026. 10:36:40,1,0,0,1,0,0,0,0,,0,0,0,0,0,0,0,1,"Strukovnu školu (strojarsku, građevinsku, medicinsku, …)",4,3.0,3.0,,,3.0,,,0,0,1,0,0,0,0,0,1,0,0,0,0,0,0,0,0,1,Dobro poznajem i zanima me računalo (dobro poznajem programiranje | u mogućnosti sam prilično samostalno nadograditi i popraviti software i hardware računala | ...),3,Nije mi potrebna pomoć,22,4,1,5,slazem se,9,2,3,3,djelomični se slazem ,21,3,3,3,3,3,3,1,Ne slazem se sa ovim,20,5,3,djelomično se slazem,20,3,3,3,3,djelomično se slazem,20,3,3,3,3,djelomično se slazem,20,3,3,3,3,3,3,3,3,3,3,3,3,3,djelomično se slazem,20,3,3,0,0,1,0,0,0,0,1,0,0,3,0,1,0,0,0,3,0,0,1,0,0,0,,3,0,0,1,0,0,3,0,0,1,0,0,0,,3,0,0,1,0,0,3,0,0,0,0,1,0,,3,0,0,0,1,0,3,0,0,0,1,0,0,,3,0,0,0,0,0,0,0,0,0,0,1,0,0,0,0,0,0,0,0,0,0,0,0,0,0,0,0,0,0,0,0,0,0,0.0,0.0,0.047619047619047616,4.761904761904762,0.0,0.0,0.030303030303030304,3.0303030303030303,0,0,0,0,0,0,1,1,1,1,1,1,2,2,2
27.3.2026. 10:39:05,1,0,0,0,0,0,0,1,2002.0,0,0,0,0,0,0,0,1,Elektrotehničku školu,4,4.0,5.0,2021.0,2021.0,,2.0,2.0,0,0,1,0,0,0,0,0,1,0,0,0,0,0,0,0,0,1,Moram faks imat u zivotu,4,"Zato sto je lakse pitat nego se patit.
Hvala.
Lijep pozdrav.",60,11,5,4,"Matematika je najbitnija
Ali treba malo i teorije",49,8,5,4,.,1,1,4,4,3,4,4,2,.,1,1,5,.,1,1,4,3,4,.,1,1,4,4,5,.,1,1,4,5,4,2,2,3,4,4,3,5,3,3,.,1,1,4,0,0,1,0,0,0,1,0,0,0,4,0,0,1,0,0,3,0,0,0,0,0,1,VI) Niti jedno od ponuđenih fizikalnih obrazloženja ne opisuje moje razmišljanje; moje fizikalno obrazloženje je:,3,0,0,0,1,0,2,0,0,0,0,1,0,,2,0,1,0,0,0,1,0,0,0,0,1,0,,1,0,0,0,1,0,1,0,0,0,0,1,0,,1,0,1,0,1,0,1,1,0,1,1,1,0,1,0,1,0,1,1,1,1,1,0,1,0,1,1,0,1,0,0,1,0,1,0.5789473684210527,57.89473684210527,0.6666666666666666,66.66666666666666,0.4,40.0,0.6060606060606061,60.60606060606061,1,0,0,0,0,0,0,1,0,1,0,0,2,1,0
27.3.2026. 10:40:42,1,0,1,0,0,0,0,0,,0,0,0,0,0,0,0,1,"Strukovnu školu (strojarsku, građevinsku, medicinsku, …)",3,4.0,4.0,2023.0,2023.0,4.0,4.0,4.0,0,0,1,0,0,0,0,0,1,0,0,0,0,0,0,0,0,1,Pokazujem sklonost prema praktičnom radu (izrađujem makete | jednostavne uređaje | spretno koristim različite mjerne instrumente | mogu obavljati različite kućne popravke | ...)),3,Ne znam,7,2,4,3,.,1,1,4,4,.,1,1,4,4,4,4,4,4,.,1,1,4,.,1,1,4,4,4,.,1,1,4,4,4,.,1,1,1,4,3,3,3,3,3,3,3,3,3,3,.,1,1,3,0,0,0,0,1,0,0,0,0,1,4,0,1,0,0,0,1,0,0,0,1,0,0,,1,0,0,1,0,0,1,0,1,0,0,0,0,,1,0,1,0,0,0,1,0,0,1,0,0,0,,1,1,0,0,0,0,1,1,0,0,0,0,0,,1,0,1,0,1,0,1,1,0,1,1,0,0,1,1,1,0,1,1,0,1,0,0,0,0,0,0,0,0,0,0,0,0,0,0.47368421052631576,47.368421052631575,0.2857142857142857,28.57142857142857,0.2,20.0,0.36363636363636365,36.36363636363637,0,0,0,0,1,0,0,0,0,0,0,0,0,1,0
27.3.2026. 10:41:43,0,1,0,0,1,0,0,0,,0,0,0,0,0,0,0,1,Elektrotehničku školu,4,5.0,5.0,2024.0,2024.0,3.0,,,0,0,1,0,0,0,0,0,1,0,0,0,0,0,0,0,0,1,Ljudi ili bližoj okolini imam ljude inženjerskih zanimanja,3,Tako je kako je.,16,4,2,3,Vazno je i razumjevanje.,24,4,2,3,Tako je kako je,15,4,1,3,4,3,3,4,Bitan je algoritam,18,3,4,Istina je,9,2,3,3,5,Lakse je sa skicom,18,4,3,3,4,Lakse je sa skicom,18,4,3,3,3,3,3,3,3,3,3,3,3,3,Istina lakse je,15,3,3,0,0,1,0,0,0,1,0,0,0,4,0,0,0,0,1,1,0,0,0,0,1,0,,1,0,0,1,0,0,1,0,1,0,0,0,0,,1,0,0,1,0,0,2,0,0,0,0,1,0,,2,0,0,1,0,0,1,0,0,1,0,0,0,,1,0,0,0,0,0,0,0,0,0,0,0,0,0,0,1,0,0,1,0,0,0,0,0,0,0,0,0,0,0,0,0,0,1,0.10526315789473684,10.526315789473683,0.14285714285714285,14.285714285714285,0.0,0.0,0.09090909090909091,9.090909090909092,0,1,0,0,1,0,1,1,1,0,0,0,1,3,1
27.3.2026. 10:41:45,0,1,1,0,0,0,0,0,,0,0,0,0,0,0,0,1,Elektrotehničku školu,4,3.0,4.0,2023.0,2023.0,,2.0,,0,0,1,0,0,0,0,0,0,1,0,0,0,0,0,0,0,0,,2,"Ne slažem se s ovom tvrdnjom jer smatram da mogu samostalno pokušati riješiti zadatak i bez neposredne pomoći nastavnika ili asistenta. Iako ponekad zapnem, trudim se koristiti bilješke, primjere ili dodatne izvore kako bih pronašla rješenje. Vjerujem da mi takav pristup pomaže razviti samostalnost i bolje razumijevanje gradiva.",330,48,4,4,"Djelomično se slažem s ovom tvrdnjom jer je matematički dio važan za dobivanje točnog rješenja u zadatku iz fizike. Međutim, ne slažem se u potpunosti jer je jednako važno razumjeti fizikalne pojmove i pravilno postaviti zadatak. Bez toga, samo računanje nije dovoljno za točno i smisleno rješenje.",298,47,3,3,Hh,2,1,3,3,3,3,3,3,Uanw,4,1,3,Jaj,3,1,3,3,3,Haja,4,1,3,3,3,Uaja,4,1,3,3,3,3,3,3,3,3,3,3,3,3,Haba,4,1,3,0,0,1,0,0,0,0,1,0,0,4,0,0,1,0,0,5,0,0,0,1,0,0,,5,0,0,1,0,0,5,0,1,0,0,0,0,,5,0,0,1,0,0,5,0,0,0,0,1,0,,5,0,0,0,1,0,5,0,0,0,1,0,0,,5,1,1,0,0,0,0,0,0,0,0,0,0,0,0,0,0,0,0,0,0,0,0,0,0,0,0,0,0,0,0,0,0,0,0.05263157894736842,5.263157894736842,0.0,0.0,0.1,10.0,0.06060606060606061,6.0606060606060606,1,0,0,0,1,0,1,1,1,1,1,1,3,3,2
27.3.2026. 10:41:47,1,0,0,1,0,0,0,0,,0,0,0,0,0,0,0,1,Elektrotehničku školu,4,3.0,3.0,2024.0,2024.0,3.0,,2.0,0,0,1,0,0,0,0,0,1,0,0,0,0,0,0,0,0,1,Smatram da su inženjerska zanimanja vrlo cijenjena (dobra plaća | velika mogućnost profesionalnog usavršavanja | ...),3,Pogledat cu primjer s nastave,29,5,4,3,"Neznam, valjda",14,2,3,3,Neznam,6,1,3,3,3,3,3,3,Valjda jesu,11,2,3,Neznam,6,1,3,3,3,Neznam,6,1,3,3,3,Neznam,6,1,3,3,3,3,3,3,3,3,2,4,4,3,Neznam ,7,1,3,0,0,0,1,0,1,0,0,0,0,3,0,0,0,1,0,3,0,0,1,0,0,0,,1,0,0,1,0,0,3,0,0,1,0,0,0,,1,0,0,1,0,0,3,0,0,1,0,0,0,,1,0,0,1,0,0,1,0,0,1,0,0,0,,1,0,1,0,0,0,0,0,0,0,0,0,0,0,0,0,0,0,0,0,0,0,0,0,0,0,0,0,1,1,0,0,0,1,0.15789473684210525,15.789473684210526,0.14285714285714285,14.285714285714285,0.2,20.0,0.12121212121212122,12.121212121212121,0,0,0,0,0,0,1,0,0,0,0,0,1,0,0
27.3.2026. 10:42:03,1,0,1,0,0,0,0,0,,0,0,0,0,0,0,0,1,"Strukovnu školu (strojarsku, građevinsku, medicinsku, …)",4,3.0,3.0,2023.0,2023.0,3.0,,,0,0,1,0,0,0,0,0,1,0,0,0,0,0,0,1,0,1,Smatram da su inženjerska zanimanja vrlo cijenjena (dobra plaća | velika mogućnost profesionalnog usavršavanja | ...),2,Ne znam,7,2,3,3,Ne znam,7,2,3,3,Ne znam,7,2,4,4,3,4,2,2,Ne znam,7,2,3,Ne znam,7,2,3,4,1,Ne znam,7,2,2,1,1,Ne znam,7,2,2,1,2,2,4,4,3,3,4,3,2,3,Ne znam,7,2,2,0,0,1,0,0,0,0,1,0,0,3,1,0,0,0,0,3,1,0,0,0,0,0,,3,0,0,0,1,0,4,0,0,0,1,0,0,,4,0,0,1,0,0,4,0,0,0,1,0,0,,4,1,0,0,0,0,2,0,1,0,0,0,0,,2,1,0,0,0,0,1,1,0,1,0,1,0,0,1,0,1,0,0,0,0,0,0,0,1,0,0,1,0,0,0,0,0,0,0.2631578947368421,26.31578947368421,0.14285714285714285,14.285714285714285,0.3,30.0,0.2727272727272727,27.27272727272727,0,0,0,0,0,0,1,0,0,0,0,0,1,0,0
27.3.2026. 10:42:10,1,0,0,1,0,0,0,0,,0,0,0,0,0,0,0,1,Elektrotehničku školu,3,3.0,3.0,2024.0,2024.0,3.0,,,0,0,1,0,0,0,0,0,1,0,0,0,0,0,0,0,0,1,Smatram da su inženjerska zanimanja vrlo cijenjena (dobra plaća | velika mogućnost profesionalnog usavršavanja | ...),3,.,1,1,2,4,.,1,1,3,3,.,1,1,4,2,3,4,2,4,.,1,1,2,.,1,1,3,2,4,.,1,1,1,3,2,.,1,1,4,2,4,2,2,2,3,2,3,4,2,3,.,1,1,3,0,1,0,0,0,0,1,0,0,0,4,0,1,0,0,0,1,0,1,0,0,0,0,,3,0,0,1,0,0,3,0,1,0,0,0,0,,2,0,1,0,0,0,1,0,0,1,0,0,0,,1,0,0,1,0,0,1,0,0,0,1,0,0,,1,0,0,0,0,0,1,0,0,1,0,0,1,0,0,1,1,0,0,1,0,1,0,1,0,0,0,0,1,0,0,0,1,1,0.3684210526315789,36.84210526315789,0.3333333333333333,33.33333333333333,0.2,20.0,0.3333333333333333,33.33333333333333,0,0,0,0,1,0,0,0,0,0,1,0,0,2,0
27.3.2026. 10:42:12,1,0,0,0,0,0,0,1,2003.0,0,0,0,0,0,0,0,1,Elektrotehničku školu,4,4.0,4.0,2021.0,2021.0,,3.0,2.0,0,0,1,0,0,0,0,0,1,0,0,0,0,0,0,1,0,1,Smatram da su inženjerska zanimanja vrlo cijenjena (dobra plaća | velika mogućnost profesionalnog usavršavanja | ...),2,Naučim sam,10,2,5,3,Skice su vazne,14,3,4,4,Traze se i odnosi fizikalnih velicina,37,6,4,3,3,4,4,2,Treba se nauciti sto velicine predstavljaju,43,6,4,Slazem se,9,2,3,2,5,Skica je vrlo vazna za rjesavanje zadataka,42,7,2,5,5,Skice pomazu kod razumijevanja zadataka,39,5,4,3,4,4,2,2,2,4,3,3,4,4,Lakse je zamisljati brojcane vrijednosti nego odnose formula,60,8,3,0,1,0,0,0,0,1,0,0,0,4,0,0,1,0,0,5,0,0,0,1,0,0,,5,0,0,0,1,0,4,0,0,0,1,0,0,,3,0,0,1,0,0,4,0,0,0,1,0,0,,4,1,0,0,0,0,5,1,0,0,0,0,0,,5,1,1,0,1,0,1,0,0,1,1,1,0,0,0,1,1,1,1,1,0,1,1,1,0,0,1,0,0,1,0,0,1,1,0.6842105263157895,68.42105263157895,0.6190476190476191,61.904761904761905,0.4,40.0,0.5757575757575758,57.57575757575758,1,0,0,0,0,0,1,0,0,0,0,0,2,0,0
27.3.2026. 10:42:13,1,0,0,1,0,0,0,0,,0,0,0,0,0,0,0,1,Elektrotehničku školu,4,4.0,5.0,2024.0,2024.0,4.0,,2.0,0,0,1,0,0,0,0,0,1,0,0,0,0,0,0,0,0,1,Dobro poznajem i zanima me računalo (dobro poznajem programiranje | u mogućnosti sam prilično samostalno nadograditi i popraviti software i hardware računala | ...) | Tijekom dosadašnjeg obrazovanja često smo u suradnji s nastavnicima obavljali i osmišljavali zanimljive eksperimente iz fizike i drugih predmeta iz STEM područja,3,.,1,1,4,4,.,1,1,4,4,.,1,1,4,4,4,4,4,4,.,1,1,4,.,1,1,4,4,4,.,1,1,4,4,3,.,1,1,3,4,4,5,5,5,3,3,5,5,5,3,.,1,1,4,0,1,0,0,0,0,0,1,0,0,4,1,0,0,0,0,4,0,1,0,0,0,0,,3,0,0,1,0,0,3,0,0,1,0,0,0,,3,0,0,1,0,0,3,0,0,0,1,0,0,,4,0,0,1,0,0,3,0,1,0,0,0,0,,2,0,1,0,1,0,1,1,0,1,1,0,0,1,1,1,0,1,0,0,1,1,1,0,1,0,0,1,1,1,0,1,1,0,0.631578947368421,63.1578947368421,0.5714285714285714,57.14285714285714,0.7,70.0,0.5757575757575758,57.57575757575758,0,0,0,0,0,0,1,0,0,0,0,0,1,0,0
27.3.2026. 10:42:55,1,0,0,1,0,0,0,0,,0,0,0,0,0,0,0,1,Elektrotehničku školu,4,2.0,4.0,2023.0,2023.0,,3.0,,0,0,1,0,0,0,0,0,1,0,0,0,0,0,0,1,0,1,Pokazujem sklonost prema praktičnom radu (izrađujem makete | jednostavne uređaje | spretno koristim različite mjerne instrumente | mogu obavljati različite kućne popravke | ...)) | Smatram da su inženjerska zanimanja vrlo cijenjena (dobra plaća | velika mogućnost profesionalnog usavršavanja | ...),3,. ,2,1,3,3,. ,2,1,4,4,. ,2,1,3,3,3,3,3,3,. ,2,1,3,. ,2,1,3,3,3,. ,2,1,3,3,3,. ,2,1,3,3,3,3,3,3,3,3,3,3,3,3,. ,2,1,3,0,1,0,0,0,0,1,0,0,0,4,0,0,1,0,0,1,1,0,0,0,0,0,,1,0,0,0,1,0,3,0,0,0,1,0,0,,4,1,0,0,0,0,4,1,0,0,0,0,0,,4,1,0,0,0,0,4,1,0,0,0,0,0,,3,0,0,0,1,0,0,0,0,0,0,0,0,0,0,0,0,0,0,0,0,0,0,0,0,0,0,0,0,0,0,0,1,1,0.15789473684210525,15.789473684210526,0.09523809523809523,9.523809523809524,0.0,0.0,0.09090909090909091,9.090909090909092,1,0,0,0,0,0,0,0,0,0,0,0,1,0,0
27.3.2026. 10:43:12,1,0,0,1,0,0,0,0,,0,0,0,0,0,0,0,1,Elektrotehničku školu,4,5.0,4.0,2024.0,2024.0,3.0,,,0,0,1,0,0,0,0,0,1,0,0,0,0,0,0,0,0,1,Smatram da su inženjerska zanimanja vrlo cijenjena (dobra plaća | velika mogućnost profesionalnog usavršavanja | ...),1,Ne tražim pomoć nastavnika.,27,4,3,3,"Moramo prvo znati teoriju, a onda rijesavati matematicki dio.",61,9,3,3,Mora se prvo znati teorija.,27,5,3,2,1,3,3,3,Jednadzbe se moraju razumjeti.,30,4,3,Slažem se.,10,2,4,4,4,Skica je najbitnija.,20,3,1,4,3,Skice su bitne.,15,3,3,4,4,3,1,3,4,4,3,3,4,4,Brojke su bitne za rijesavanje zadataka.,40,6,1,0,1,0,0,0,0,1,0,0,0,4,0,1,0,0,0,3,0,1,0,0,0,0,,3,1,0,0,0,0,1,0,0,0,0,1,0,,3,0,1,0,0,0,1,0,0,0,0,1,0,,2,1,0,0,0,0,1,0,0,1,0,0,0,,3,1,0,0,0,0,0,0,1,0,0,0,0,1,1,1,1,1,0,0,1,1,0,1,0,1,1,0,0,1,0,0,1,1,0.47368421052631576,47.368421052631575,0.5238095238095238,52.38095238095239,0.5,50.0,0.45454545454545453,45.45454545454545,0,0,0,0,0,0,0,1,0,0,0,0,0,1,0
27.3.2026. 10:43:23,1,0,0,0,1,0,0,0,,0,0,0,0,0,0,0,1,Elektrotehničku školu,4,3.0,3.0,2024.0,2024.0,2.0,,,0,0,1,0,0,0,0,0,1,0,0,0,0,0,0,0,0,1,Pokazujem sklonost prema praktičnom radu (izrađujem makete | jednostavne uređaje | spretno koristim različite mjerne instrumente | mogu obavljati različite kućne popravke | ...)) | Smatram da su inženjerska zanimanja vrlo cijenjena (dobra plaća | velika mogućnost profesionalnog usavršavanja | ...),1,"Ma ne treba meni pomoć snađem se, improviziram",46,8,3,4,"Pa kak ces rjesit zadatak, ako ne znas osnovne matematicke operacije",68,11,5,3,Moramo prepoznati o cemu se radi u zadatku ,43,8,3,3,3,3,3,5,Slazem se ,10,2,3,Pa onak i da i ne,17,6,3,4,4,Lakse se snaci kad vizualno vidimo o cemu se radi,49,10,2,4,4,Lakse mi se snaci u zadatku kad nacrtam,39,8,3,2,3,5,5,3,5,5,1,4,5,5,Lakse je kad nekakvim osjecajem mozemo zakljuciti rijesenje,59,8,1,0,1,0,0,0,0,0,1,0,0,4,0,0,0,0,1,3,0,0,0,0,1,0,,3,0,1,0,0,0,1,0,0,0,0,1,0,,1,0,0,1,0,0,4,0,0,0,1,0,0,,3,1,0,0,0,0,1,1,0,0,0,0,0,,1,1,0,0,1,0,0,0,0,0,0,0,0,0,1,1,1,1,1,0,0,0,1,0,0,1,1,0,1,1,0,0,1,0,0.42105263157894735,42.10526315789473,0.47619047619047616,47.61904761904761,0.4,40.0,0.3939393939393939,39.39393939393939,0,1,0,1,0,0,1,0,0,0,0,0,2,1,0
27.3.2026. 10:43:37,1,0,1,0,0,0,0,0,,0,0,0,0,0,0,0,1,Elektrotehničku školu,2,4.0,4.0,2023.0,2023.0,2.0,,,0,0,1,0,0,0,0,0,1,0,0,0,0,0,0,0,0,1,Dobro poznajem i zanima me računalo (dobro poznajem programiranje | u mogućnosti sam prilično samostalno nadograditi i popraviti software i hardware računala | ...) | Smatram da su inženjerska zanimanja vrlo cijenjena (dobra plaća | velika mogućnost profesionalnog usavršavanja | ...),4,Ako možda ne znam ili nisam bio na predavanju trebala bi mi pomoc kako bi mogao razumijeti i nastaviti dalje,108,20,5,5,Pa uvijek na kraju je najbitnije da znamo matematički kako se nešto ponaša te iz tog možemo uzeti neki zaključak,112,20,5,3,Mislim da nije samo rješavanje zadataka nego i zaključivanje šta to znači,73,12,4,5,2,4,4,4,Ne moramo razumijeti da bi znali rijesiti,41,7,4,Nema se puno za objasniti,25,5,4,5,5,Uvijek je lakse kad vidimo svojim ocima sta se događa,53,10,5,4,2,To nema smisla,14,3,3,4,5,3,2,4,3,2,3,3,3,4,Lakše je kad vidimo brojeve mozak vec unaprijed riješava,56,9,4,0,1,0,0,0,0,0,1,0,0,4,0,0,0,1,0,4,0,0,1,0,0,0,,4,0,0,0,1,0,3,0,1,0,0,0,0,,3,0,0,0,1,0,4,0,0,0,0,1,0,,2,1,0,0,0,0,1,1,0,0,0,0,0,,2,0,1,0,1,0,1,1,1,1,1,0,0,1,1,1,0,1,0,0,1,1,0,1,1,0,0,0,0,0,0,1,1,0,0.5789473684210527,57.89473684210527,0.42857142857142855,42.857142857142854,0.4,40.0,0.5151515151515151,51.515151515151516,0,0,0,0,1,0,0,1,0,0,0,0,0,2,0
27.3.2026. 10:43:47,1,0,1,0,0,0,0,0,,0,0,0,0,0,0,0,1,"Strukovnu školu (strojarsku, građevinsku, medicinsku, …)",2,2.0,3.0,2023.0,2023.0,,3.0,,0,0,1,0,0,0,0,0,0,0,0,0,0,0,0,0,0,1,Dobro poznajem i zanima me računalo (dobro poznajem programiranje | u mogućnosti sam prilično samostalno nadograditi i popraviti software i hardware računala | ...),3,Pokusavati cu pronaci sam rijesenje nego sto podem za pozivanjem profesora,74,11,2,3,Nije bitno je poznavati fizikalne zakone,40,6,3,3,Ne slazem se sve je bitno,25,6,3,3,3,3,3,4,Pa da ja ih uvijek volim shvatiti iako ih nikad nisam vidio,59,12,5,Da jer se sve radnje mogu opisati formulama,43,8,3,5,4,Da da se lakse opise izracun,28,6,2,4,5,Da zbog svojeg nacina razmisljanja,34,5,1,2,3,3,1,5,4,4,1,5,3,5,Da jer sam vise matematicki tip,31,6,1,0,0,1,0,0,0,0,0,1,0,4,0,0,1,0,0,3,0,0,0,1,0,0,,2,0,0,0,1,0,1,0,0,0,0,0,1,Nemam pojma,1,0,0,1,0,0,2,0,0,1,0,0,0,,2,0,0,0,0,1,2,0,0,0,0,1,0,,2,0,0,0,0,0,0,0,0,0,0,0,0,0,1,1,1,1,1,0,0,0,0,1,1,1,1,0,1,0,0,0,0,0,0.21052631578947367,21.052631578947366,0.38095238095238093,38.095238095238095,0.3,30.0,0.30303030303030304,30.303030303030305,1,0,0,0,0,0,1,0,0,0,0,0,2,0,0
27.3.2026. 10:44:13,1,0,1,0,0,0,0,0,,0,0,0,0,0,0,0,1,Elektrotehničku školu,4,4.0,3.0,2023.0,2023.0,2.0,,,0,0,1,0,0,0,0,0,1,1,0,0,0,0,0,0,0,1,Dobro poznajem i zanima me računalo (dobro poznajem programiranje | u mogućnosti sam prilično samostalno nadograditi i popraviti software i hardware računala | ...) | Ljudi ili bližoj okolini imam ljude inženjerskih zanimanja | Smatram da su inženjerska zanimanja vrlo cijenjena (dobra plaća | velika mogućnost profesionalnog usavršavanja | ...),3,Pročitam zadatak par puta i prvo pokušam sam razumijeti i postaviti zatim riješiti,82,13,5,5,Matematički dio daje mi sliku kako to treba izgledati ,54,9,5,5,Tako je zadatak osmišljen,25,4,5,5,5,5,5,1,Uvijek učim da razumijem jednadzbe,34,5,3,Ne slazem se jer ne mora to biti tako,37,9,3,4,5,Uz sliku lakše se riješi zadatak,32,6,2,3,2,Ovisi koliko je zadatak tezak,29,5,1,5,5,5,1,2,5,5,1,5,5,5,Lakše baratam sa brojevima,26,4,1,0,1,0,0,0,0,0,0,1,0,4,0,0,0,0,1,3,0,1,0,0,0,0,,2,0,1,0,0,0,3,0,1,0,0,0,0,,2,1,0,0,0,0,2,1,0,0,0,0,0,,4,1,0,0,0,0,3,1,0,0,0,0,0,,2,0,1,0,1,0,1,1,0,1,1,1,0,0,1,1,1,0,0,0,1,1,1,1,0,1,1,0,1,1,0,0,1,0,0.6842105263157895,68.42105263157895,0.5714285714285714,57.14285714285714,0.5,50.0,0.5757575757575758,57.57575757575758,0,0,0,1,1,1,0,0,0,0,0,0,1,1,1
27.3.2026. 10:44:23,1,0,1,0,0,0,0,0,,0,0,0,0,0,0,0,1,"Strukovnu školu (strojarsku, građevinsku, medicinsku, …)",2,3.0,3.0,2022.0,2022.0,3.0,,,0,0,1,0,0,0,0,0,1,0,0,0,0,0,0,0,0,1,Smatram da su inženjerska zanimanja vrlo cijenjena (dobra plaća | velika mogućnost profesionalnog usavršavanja | ...),4,"ako ne znam, a zelim znat, trazit cu pomoc",42,9,4,4,bitno je znat kako rijesiti,27,5,4,4,pa tak treba,12,3,3,4,4,4,4,3,neke treba znat,15,3,4,skazem se,9,2,4,4,3,zavisi kakav je zadatak,23,4,4,4,3,zavisi kakav zadatak,20,3,4,4,4,4,4,4,4,4,2,4,4,4,zavisi kakav zadatak,20,3,4,0,1,0,0,0,0,1,0,0,0,4,0,1,0,0,0,4,1,0,0,0,0,0,,4,0,0,0,1,0,4,0,0,0,1,0,0,,4,1,0,0,0,0,4,1,0,0,0,0,0,,4,1,0,0,0,0,4,1,0,0,0,0,0,,4,0,1,0,1,0,0,1,0,1,1,0,0,1,1,0,0,1,0,1,1,1,1,0,1,1,1,0,1,1,0,1,1,1,0.6842105263157895,68.42105263157895,0.7142857142857143,71.42857142857143,0.6,60.0,0.6060606060606061,60.60606060606061,0,0,0,0,0,0,0,0,0,0,0,0,0,0,0
27.3.2026. 10:45:06,1,0,1,0,0,0,0,0,,0,0,0,0,0,0,0,1,Elektrotehničku školu,4,2.0,2.0,2023.0,2023.0,3.0,,,0,0,1,0,0,0,0,0,1,0,0,0,0,0,0,0,0,1,Smatram da su inženjerska zanimanja vrlo cijenjena (dobra plaća | velika mogućnost profesionalnog usavršavanja | ...),3,Ako neznam pitam,16,3,3,3,Bitno je razumijeti matematicki dio,35,5,3,3,Slazem se,9,2,3,3,4,4,3,4,Koristim ih,11,2,3,Slazem se,9,2,3,3,4,Nacrtam,7,1,2,3,1,Ako netrebam necrtam,20,3,3,2,3,4,1,3,5,5,2,4,4,3,Lakse je rjesavato sa brojevima,31,5,1,0,0,0,1,0,0,1,0,0,0,4,0,0,1,0,0,4,0,0,0,1,0,0,,4,0,0,1,0,0,3,0,1,0,0,0,0,,3,0,0,0,1,0,2,0,1,0,0,0,0,,3,0,0,0,1,0,3,0,0,0,1,0,0,,3,0,0,0,0,0,0,0,0,1,0,0,0,0,0,1,1,0,0,0,0,0,1,1,0,1,1,0,1,1,0,0,0,1,0.3157894736842105,31.57894736842105,0.38095238095238093,38.095238095238095,0.4,40.0,0.30303030303030304,30.303030303030305,1,0,0,0,1,0,0,0,0,1,1,1,2,2,1
27.3.2026. 10:45:19,1,0,0,1,0,0,0,0,,0,0,0,0,0,0,0,1,Opću gimnaziju,4,5.0,5.0,2024.0,2024.0,4.0,,2.0,0,0,1,0,0,0,0,0,1,1,0,0,0,0,0,0,0,1,Smatram da su inženjerska zanimanja vrlo cijenjena (dobra plaća | velika mogućnost profesionalnog usavršavanja | ...),3,"Probat ću sam shvatiti rješenje, ukoliko ga ne mogu naći, tražit ću pomoć od nekoga ",84,15,4,5,"Moguće je shvaćati fizikalni dio zadatka, ali bez matematičkog shvaćanja nije moguće zapravo shvatiti rješenje ",111,15,3,3,"Rješavanje obuhvaća najprije shvaćanje, a zatim uvrštavanje ",60,7,4,5,3,1,4,2,Jednadžbe je moguće rješavati i intuitivno ,43,6,3,Moguće je koristiti jednu jednadžbu u vise slučajeva ,53,8,3,3,4,Pomoću dijagrama i grafičkog prikaza lakše je shvatiti zadatak,62,9,3,2,2,"Ako nema potrebe za nečim, neću ni crtati",41,8,1,1,4,3,4,1,3,2,4,3,4,1,Simboli i brojčane vrijednosti predstavljaju istu stvar,55,7,5,0,0,1,0,0,0,1,0,0,0,4,0,0,1,0,0,5,0,0,0,0,0,1,"Ako nema otpora, padaju jednakom brzinom",4,0,0,0,1,0,5,0,0,0,1,0,0,,4,0,0,1,0,0,3,0,0,0,1,0,0,,3,1,0,0,0,0,3,0,0,1,0,0,0,,3,0,1,0,0,0,1,1,0,0,1,1,0,0,0,1,0,0,0,0,0,1,0,0,0,0,0,1,0,1,1,1,0,1,0.3684210526315789,36.84210526315789,0.38095238095238093,38.095238095238095,0.3,30.0,0.36363636363636365,36.36363636363637,1,0,0,0,0,0,1,0,0,0,0,0,2,0,0
27.3.2026. 10:46:00,1,0,1,0,0,0,0,0,,0,0,0,0,0,0,0,1,Elektrotehničku školu,2,3.0,4.0,2023.0,2023.0,4.0,2.0,,0,0,1,0,0,0,0,0,1,1,0,0,0,0,0,0,0,1,Pokazujem sklonost prema praktičnom radu (izrađujem makete | jednostavne uređaje | spretno koristim različite mjerne instrumente | mogu obavljati različite kućne popravke | ...)) | Dobro poznajem i zanima me računalo (dobro poznajem programiranje | u mogućnosti sam prilično samostalno nadograditi i popraviti software i hardware računala | ...) | Smatram da su inženjerska zanimanja vrlo cijenjena (dobra plaća | velika mogućnost profesionalnog usavršavanja | ...) | Tijekom dosadašnjeg obrazovanja često smo u suradnji s nastavnicima obavljali i osmišljavali zanimljive eksperimente iz fizike i drugih predmeta iz STEM područja | Nagovor roditelja (ispunjavam želju svojih roditelja),3,Ako mi treba dugo onda potražim pomoć.,38,7,4,4,.,1,1,3,4,.,1,1,3,3,2,3,3,4,.,1,1,5,.,1,1,3,4,3,Vizualno je bolje,17,3,2,4,3,.,1,1,3,2,4,3,1,4,2,3,2,5,3,1,Brojevi su lakši,16,3,4,0,0,1,0,0,0,0,1,0,0,4,0,0,0,0,1,4,0,1,0,0,0,0,,4,0,0,1,0,0,2,0,0,1,0,0,0,,1,1,0,0,0,0,5,1,0,0,0,0,0,,4,1,0,0,0,0,3,0,0,1,0,0,0,,3,0,1,0,0,0,0,0,1,0,0,0,0,0,1,0,1,1,0,0,0,1,0,1,1,0,0,0,1,0,1,1,0,0,0.2631578947368421,26.31578947368421,0.3333333333333333,33.33333333333333,0.4,40.0,0.3333333333333333,33.33333333333333,0,0,0,0,0,0,0,0,0,0,0,0,0,0,0
27.3.2026. 10:46:37,1,0,0,1,0,0,0,0,,0,0,0,0,0,0,0,1,Elektrotehničku školu,4,2.0,3.0,2023.0,2023.0,,2.0,,0,0,1,0,0,0,0,0,1,0,0,0,0,0,0,0,0,1,Smatram da su inženjerska zanimanja vrlo cijenjena (dobra plaća | velika mogućnost profesionalnog usavršavanja | ...),4,"Pa ako ne znam, pitam",21,5,3,4,Istina,6,1,3,4,Istina,6,1,4,2,1,3,3,4,Pa da,5,2,3,Polu istina ili neistina,24,4,4,3,4,Ponekad,7,1,4,2,2,Ma tesko,8,2,3,3,4,3,3,2,3,2,2,3,4,3,A ono,5,2,3,0,0,0,1,0,0,1,0,0,0,4,0,0,1,0,0,4,0,0,0,1,0,0,,4,0,0,0,1,0,4,0,1,0,0,0,0,,3,1,0,0,0,0,4,1,0,0,0,0,0,,4,0,0,0,0,1,3,0,0,1,0,0,0,,3,0,0,0,0,0,1,0,1,0,0,0,0,1,0,1,0,0,0,0,0,1,0,0,0,0,0,0,0,1,0,0,0,1,0.3157894736842105,31.57894736842105,0.23809523809523808,23.809523809523807,0.2,20.0,0.21212121212121213,21.21212121212121,1,0,0,0,1,0,0,0,0,0,0,0,1,1,0
27.3.2026. 10:47:58,1,0,0,0,0,0,0,1,2003.0,0,0,0,0,0,0,0,1,"Matematičku, prirodoslovno-matematičku gimnaziju",4,4.0,4.0,2021.0,2021.0,,4.0,4.0,0,0,1,0,0,0,0,0,1,1,0,0,0,0,0,0,0,1,Smatram da su inženjerska zanimanja vrlo cijenjena (dobra plaća | velika mogućnost profesionalnog usavršavanja | ...),2,Razmisljam o zadatku dok ga ne shvatim,38,7,4,2,"Fiziku treba razumjeti u teoriji, bez toga matematika nece pomoci",65,10,5,3,Ovisi koje podrucje fizike,26,4,3,4,3,3,4,3,Ovisi koje gradivo fizike u mom iskustvu barem,46,8,3,Ne znam sta bi reko,19,5,3,4,5,Iz skice i dijagrama se najbolje vidi kako zapoceti rjesavati,61,10,2,3,4,Iz skice se najbolje vidi kako rjesiti zadatak,46,8,4,3,4,3,3,4,4,4,3,4,4,4,Smatram da vise znanja treba bez brojeva rjesavati,50,8,2,0,1,0,0,0,0,1,0,0,0,4,0,0,1,0,0,5,0,0,0,0,0,1,Ako zanemarujemo otpor zraka past ce u isto vrijeme,5,0,0,0,1,0,4,0,0,1,0,0,0,,4,1,0,0,0,0,5,1,0,0,0,0,0,,5,1,0,0,0,0,4,0,1,0,0,0,0,,4,1,1,1,1,0,0,1,0,0,1,0,0,0,1,1,1,0,1,1,0,1,0,0,1,1,1,0,1,1,0,0,1,1,0.631578947368421,63.1578947368421,0.6666666666666666,66.66666666666666,0.4,40.0,0.5757575757575758,57.57575757575758,1,0,0,0,0,0,0,0,0,0,0,0,1,0,0
27.3.2026. 10:48:24,1,0,1,0,0,0,0,0,,0,0,0,0,0,0,0,1,Jezičnu gimnaziju,4,3.0,4.0,2023.0,2023.0,,3.0,,0,0,1,0,0,0,0,0,0,0,0,0,0,0,0,0,0,1,Smatram da su inženjerska zanimanja vrlo cijenjena (dobra plaća | velika mogućnost profesionalnog usavršavanja | ...),2,Nemam naviku potražiti pomoć od nastavnika ukoliko nije baš neki težak ili kompliciran zadatak,94,14,4,2,Treba poznavati fizikalne pojmove prije svega a tek onda matematički postupak,77,11,4,2,To vrijedi eventualno na najosnovnijoj razini rješavanja zadataka iz fizike,75,10,2,4,1,3,4,2,Koristim ih ako nemam izbora,28,5,2,Neke jednadžbe se mogu primjeniti u više situacija,50,8,2,3,2,Nisam vješt u predočavanju skica i sl. na papir,47,9,4,4,2,Izbjegavam skice jer mi ne idu,30,6,2,2,4,2,5,1,2,2,2,3,4,3,Sa simbolima je potrebna vještija matematika,44,6,2,0,1,0,0,0,0,0,0,1,0,4,0,0,1,0,0,2,0,0,0,1,0,0,,2,0,0,0,1,0,5,0,0,0,1,0,0,,5,0,0,1,0,0,2,0,0,0,0,1,0,,2,1,0,0,0,0,3,0,1,0,0,0,0,,2,1,1,1,1,1,0,1,1,0,1,1,1,0,0,0,0,1,0,0,0,1,0,0,0,0,0,0,0,1,0,0,1,0,0.5263157894736842,52.63157894736842,0.3333333333333333,33.33333333333333,0.2,20.0,0.42424242424242425,42.42424242424242,1,0,0,0,0,0,1,1,1,0,0,0,2,1,1
27.3.2026. 10:48:25,1,0,0,0,0,0,0,1,2002.0,0,0,0,0,0,0,0,1,Elektrotehničku školu,4,4.0,3.0,2021.0,2021.0,3.0,,,0,0,1,0,0,0,0,0,1,1,0,0,0,0,0,0,0,0,,3,Pokušavam razumijeti sam!,25,3,1,4,Lakše je razumijeti!,20,3,4,4,Tako su koncipirani zadatci.,28,4,3,3,3,3,3,3,Potrebno je određeno znanje.,28,4,3,Svaka veličina ima svoju izraz za dobivanje.,44,7,4,3,2,Teško je predočiti na papir.,28,5,4,2,2,"Ako nije potrebno, neću.",24,4,3,3,4,3,5,3,4,4,2,4,4,1,Lakše je sa brojevima.,22,4,2,1,0,0,0,0,1,0,0,0,0,4,0,0,0,0,1,3,0,1,0,0,0,0,,3,0,0,1,0,0,3,0,1,0,0,0,0,,1,1,0,0,0,0,3,1,0,0,0,0,0,,3,0,0,0,1,0,1,0,0,1,0,0,0,,1,0,0,0,1,0,0,0,0,0,0,0,0,1,0,0,0,0,0,0,0,1,0,0,0,1,1,0,1,1,1,0,1,1,0.3684210526315789,36.84210526315789,0.42857142857142855,42.857142857142854,0.4,40.0,0.30303030303030304,30.303030303030305,0,0,0,0,1,0,0,0,0,1,0,0,1,1,0
27.3.2026. 10:49:29,1,0,0,0,1,0,0,0,,0,0,0,0,0,0,0,1,Opću gimnaziju,4,3.0,4.0,2024.0,2024.0,,2.0,4.0,0,0,1,0,0,0,0,0,1,0,0,0,0,0,0,1,0,1,Pokazujem sklonost prema praktičnom radu (izrađujem makete | jednostavne uređaje | spretno koristim različite mjerne instrumente | mogu obavljati različite kućne popravke | ...)) | Dobro poznajem i zanima me računalo (dobro poznajem programiranje | u mogućnosti sam prilično samostalno nadograditi i popraviti software i hardware računala | ...) | Ljudi ili bližoj okolini imam ljude inženjerskih zanimanja | Smatram da su inženjerska zanimanja vrlo cijenjena (dobra plaća | velika mogućnost profesionalnog usavršavanja | ...),2,Potrazim neki drugi nacin na internetu ,39,6,4,4,Matematicki postupak je ujedno i samo rijesenje zadatka,55,8,4,4,.,1,1,5,4,4,4,5,2,Pa moramo razumijeti sto se dogada u jednadzbi,46,8,3,Moze ali ne mora,16,4,4,4,3,Povremeno,9,1,2,2,3,"Znam, ali ne moramo",19,4,2,3,5,4,2,4,4,4,4,4,4,2,Ne mora znaciti,15,3,5,0,0,1,0,0,0,0,1,0,0,4,0,0,1,0,0,5,0,0,0,0,1,0,,5,0,0,0,1,0,4,0,0,0,1,0,0,,4,0,1,0,0,0,4,0,0,1,0,0,0,,4,1,0,0,0,0,4,0,1,0,0,0,0,,4,1,1,0,1,0,1,1,0,1,1,1,0,1,1,0,1,0,0,0,0,1,1,1,1,1,1,1,1,1,1,1,0,0,0.6842105263157895,68.42105263157895,0.6190476190476191,61.904761904761905,0.9,90.0,0.6666666666666666,66.66666666666666,1,1,1,0,0,0,0,0,0,0,0,0,1,1,1
3.4.2026. 12:42:04,1,0,1,0,0,0,0,0,,0,0,0,0,0,0,0,1,"Matematičku, prirodoslovno-matematičku gimnaziju",4,4.0,3.0,2023.0,2023.0,,4.0,3.0,0,1,0,0,0,0,0,0,1,1,0,0,0,0,0,0,0,1,Ljudi ili bližoj okolini imam ljude inženjerskih zanimanja | Smatram da su inženjerska zanimanja vrlo cijenjena (dobra plaća | velika mogućnost profesionalnog usavršavanja | ...),2,Ako ne znam rijesiti zadatak pokusavat cu sam rijesit sve dok potpuno ne izgubim strpljenje,91,15,2,1,Mislim da je matematike svakako nuzna u rjesavanju zadataka ali za najbolje razumijevanje ipak je puno bitnije znanje fizike i teorija ,135,21,4,4,Moglo bi se tako reci jer vec imamo izraene formule u svim segmentima fizike i rjesavanjem zadataka potvrdujemo postojece teorije,129,20,1,5,1,3,4,3,"Postoje problemi u kojima su jednadbe prekompleksne za neko dublje razumijevanje pa je tada nepotrebno, ali kod jednostavnijih nama blizih problema mislim da bi bilo dobro razumijeti sto one tocno oznacavaju",207,31,1,Puno jednadbi se moze iskoristiti u jako puno razlicitih situacija,66,10,2,3,4,Slazem se da nekad crtanje skice moze pomoci laksem vizualiziranju problema,75,11,2,3,1,Ako nema razloga vjerojatno necu crtati skice,45,7,2,2,4,1,1,5,5,4,1,5,5,1,Mislim da je to nebitno i da bi trebalo biti potpuno jednako,60,12,2,0,1,0,0,0,0,0,1,0,0,4,0,0,1,0,0,5,0,0,0,1,0,0,,5,0,0,0,1,0,2,0,0,0,1,0,0,,2,0,1,0,0,0,4,0,0,1,0,0,0,,4,1,0,0,0,0,1,0,1,0,0,0,0,,1,1,0,1,1,0,0,1,1,0,1,0,1,0,0,1,1,0,0,0,0,1,0,1,1,1,1,0,1,1,1,0,1,0,0.5263157894736842,52.63157894736842,0.5714285714285714,57.14285714285714,0.6,60.0,0.5454545454545454,54.54545454545454,1,0,0,0,0,0,0,0,0,0,0,0,1,0,0
7.4.2026. 14:01:20,1,0,0,0,0,1,0,0,,0,0,0,0,0,0,0,1,"Strukovnu školu bez nastave fizike (ekonomsku, trgovačku, komercijalnu, …)",1,2.0,,2025.0,2025.0,3.0,,,0,0,0,1,0,0,0,0,0,0,0,0,0,0,0,0,0,1,Smatram da su inženjerska zanimanja vrlo cijenjena (dobra plaća | velika mogućnost profesionalnog usavršavanja | ...) | Nagovor roditelja (ispunjavam želju svojih roditelja),4,"Ako nemam predznanje, neću znati kako riješiti zadatak",54,8,4,2,Bitno je i postaviti zadatak,28,5,5,2,"Nije samo ""brojčana vrijednost""",31,4,3,4,2,2,4,3,Treba znati za što služe,24,5,3,Nisam siguran,13,2,5,3,5,Skice su potrebne za lakše i bolje razumijevanje,48,8,2,2,2,Ne pomaže u svakoj situaciji,28,5,2,3,4,5,3,5,4,5,1,5,5,5,Sa brojevima se svakodnevno suočavamo i nemoguće je zabuniti se s brojem kao što se može zabuniti sa simbolom,109,19,3,0,0,1,0,0,0,0,0,1,0,4,0,0,0,0,1,4,0,0,0,0,1,0,,4,0,1,0,0,0,3,0,1,0,0,0,0,,3,1,0,0,0,0,4,1,0,0,0,0,0,,4,1,0,0,0,0,2,0,1,0,0,0,0,,2,0,1,1,1,1,0,1,1,0,1,0,0,1,0,1,1,0,0,0,0,1,1,0,1,1,1,0,1,1,0,0,0,0,0.631578947368421,63.1578947368421,0.5714285714285714,57.14285714285714,0.5,50.0,0.5151515151515151,51.515151515151516,0,1,0,1,1,1,0,0,0,0,0,0,1,2,1
8.4.2026. 10:55:28,1,0,0,0,0,1,0,0,,0,0,0,0,0,0,0,1,"Matematičku, prirodoslovno-matematičku gimnaziju",4,5.0,5.0,2005.0,2010.0,5.0,,5.0,1,0,0,0,0,0,0,0,1,0,0,0,0,0,0,0,0,1,Pokazujem sklonost prema praktičnom radu (izrađujem makete | jednostavne uređaje | spretno koristim različite mjerne instrumente | mogu obavljati različite kućne popravke | ...)),2,Ne znam.,8,2,4,5,Ne znam.,8,2,4,5,Ne znam.,8,2,4,4,4,5,5,5,Ne znam.,8,2,5,Ne znam.,8,2,4,4,4,Ne znam.,8,2,4,4,4,Ne znam.,8,2,4,4,4,4,4,5,5,5,5,5,5,5,Ne znam.,8,2,5,0,0,0,1,0,0,0,1,0,0,4,0,0,1,0,0,4,0,0,1,0,0,0,,5,0,0,1,0,0,4,0,0,0,1,0,0,,4,0,0,0,1,0,4,0,0,0,1,0,0,,4,0,1,0,0,0,4,0,1,0,0,0,0,,4,1,1,0,1,0,1,1,0,1,1,0,0,1,1,1,0,1,1,1,1,1,1,0,1,1,1,1,1,1,0,1,0,0,0.6842105263157895,68.42105263157895,0.7142857142857143,71.42857142857143,0.8,80.0,0.696969696969697,69.6969696969697,1,0,0,0,0,0,0,0,0,0,0,0,1,0,0
8.4.2026. 11:13:50,1,0,0,0,1,0,0,0,,0,0,0,0,0,0,0,1,"Matematičku, prirodoslovno-matematičku gimnaziju",4,3.0,3.0,2025.0,2025.0,,3.0,3.0,0,1,0,0,0,0,0,0,1,1,0,0,0,0,0,0,0,1,Dobro poznajem i zanima me računalo (dobro poznajem programiranje | u mogućnosti sam prilično samostalno nadograditi i popraviti software i hardware računala | ...),2,"Ne mora nužno biti da moram dobiti pomoć nekoga, eventualno mogu sam pokušavati te možda shvatiti, ali ako uopće ne znam nešto što je novo onda mogu probati zaključiti ili potražiti na internetu ako je dozvoljeno.",213,36,4,3,"Bitno je dobro izračunati matematički dio, ali bitno je i dobro postaviti zadatak i formule zaključcima iz fizike.",114,18,5,5,Fizika se skroz vrti oko formula koje treba iskoristiti po mom mišljenju.,73,12,4,4,1,3,4,2,Treba se razumijeti jednadžbe da ih se najbolje iskoristi,57,9,2,Jednadžbe se često koriste u mnogo situacija ne samo jednoj,59,10,3,3,4,Skica uvelike zna pomoći pri rješavanju problema ,49,7,2,2,3,"Ne baš, češće kada ima smisla crtati skicu",42,8,3,4,4,4,1,5,5,4,5,4,4,2,"Nekada može biti lakše baratati sa brojevima, ali nije problem ni sa simbolima ",79,13,4,0,1,0,0,0,0,1,0,0,0,4,0,0,0,0,1,4,0,1,0,0,0,0,,4,0,0,0,1,0,3,0,0,1,0,0,0,,3,1,0,0,0,0,5,1,0,0,0,0,0,,5,1,0,0,0,0,5,0,1,0,0,0,0,,5,1,1,0,1,0,1,1,1,0,1,1,1,0,0,1,1,0,0,0,1,1,1,1,1,1,1,1,1,1,1,1,1,1,0.7368421052631579,73.68421052631578,0.7619047619047619,76.19047619047619,0.9,90.0,0.7575757575757576,75.75757575757575,0,0,0,0,0,0,0,0,0,0,0,0,0,0,0
8.4.2026. 11:28:32,1,0,0,1,0,0,0,0,,0,0,0,0,0,0,0,1,Elektrotehničku školu,4,4.0,4.0,2024.0,2024.0,,4.0,2.0,0,1,0,0,0,0,0,0,1,1,0,0,0,0,0,0,0,1,Dobro poznajem i zanima me računalo (dobro poznajem programiranje | u mogućnosti sam prilično samostalno nadograditi i popraviti software i hardware računala | ...) | Smatram da su inženjerska zanimanja vrlo cijenjena (dobra plaća | velika mogućnost profesionalnog usavršavanja | ...),2,Prvo se pokusa rijesiti zadatak na sve nacine a onda pitati prvo kolege za pomoc. Tek onda nastavnika,101,18,3,4,Matematika je temelj fizike,27,4,4,4,Vecina se rjesava sa vec gotovim formulama ili izvedenim formulama iz originalnih,81,12,3,4,1,3,4,4,Jednadzbe treba znati izvuci iz definicije,42,6,3,"Mislim da se vecina odnosi na najcesci problem koji obuhvaca sve njih, ne specificno jedan problem",98,16,4,4,5,Skica je najbolji pocetak u zadatku,35,6,2,3,4,Skice mogu objasniti bolje nesto iako se mozda rjede treba primjeniti. Npr ocekivani odgovor se cesto moze izvuci iz dobre skic3,128,21,2,4,4,3,2,4,4,3,3,4,4,4,"Brzo se moze izgubiti ako sve odma uvrstimo, takoder je lakse za buduce znati sto se moze promjeniti sa nekom drugom jednadzbom",127,22,4,0,0,1,0,0,0,0,0,1,0,4,0,0,1,0,0,5,0,0,0,1,0,0,,5,0,0,0,1,0,4,0,0,0,1,0,0,,4,0,0,0,1,0,3,0,0,0,1,0,0,,3,1,0,0,0,0,3,0,1,0,0,0,0,,3,1,0,0,1,0,0,1,1,0,1,0,0,1,1,1,1,0,1,0,1,1,0,1,1,1,0,0,1,1,0,1,0,0,0.5263157894736842,52.63157894736842,0.5714285714285714,57.14285714285714,0.7,70.0,0.5454545454545454,54.54545454545454,1,0,0,0,0,0,0,0,0,0,0,0,1,0,0
8.4.2026. 11:39:06,1,0,0,1,0,0,0,0,,0,0,0,0,0,0,0,1,"Matematičku, prirodoslovno-matematičku gimnaziju",4,5.0,5.0,2024.0,2024.0,,4.0,4.0,0,1,0,0,0,0,0,0,1,1,0,0,0,0,0,0,0,1,Pokazujem sklonost prema praktičnom radu (izrađujem makete | jednostavne uređaje | spretno koristim različite mjerne instrumente | mogu obavljati različite kućne popravke | ...)) | Smatram da su inženjerska zanimanja vrlo cijenjena (dobra plaća | velika mogućnost profesionalnog usavršavanja | ...) | Tijekom dosadašnjeg obrazovanja često smo u suradnji s nastavnicima obavljali i osmišljavali zanimljive eksperimente iz fizike i drugih predmeta iz STEM područja,4,Nisam najsigurniji,18,2,4,4,Vecinom,7,1,3,5,Slazem se,9,2,4,3,4,4,5,4,Treba ih znati racunati,23,4,3,Ima nekad i previse,19,4,4,4,3,Puno pomogne,12,2,4,5,5,Uvijek moze pomoci,18,3,3,5,5,5,3,4,4,4,5,3,4,4,Slova uvijek zbune,18,3,5,1,0,0,0,0,0,1,0,0,0,5,0,1,0,0,0,4,0,0,1,0,0,0,,1,0,0,1,0,0,5,0,1,0,0,0,0,,4,1,0,0,0,0,2,0,1,0,0,0,0,,3,0,1,0,0,0,4,0,0,1,0,0,0,,3,0,1,0,0,0,1,0,0,1,1,0,0,1,1,0,0,1,1,0,1,1,1,0,1,1,1,1,0,1,0,1,1,1,0.6842105263157895,68.42105263157895,0.6666666666666666,66.66666666666666,0.6,60.0,0.5757575757575758,57.57575757575758,0,0,0,0,1,0,0,0,0,0,0,0,0,1,0
8.4.2026. 11:39:18,1,0,1,0,0,0,0,0,,0,0,0,0,0,0,0,1,Elektrotehničku školu,4,4.0,3.0,2023.0,2023.0,,3.0,2.0,0,1,0,0,0,0,0,0,1,0,0,0,0,0,0,0,0,1,Pokazujem sklonost prema praktičnom radu (izrađujem makete | jednostavne uređaje | spretno koristim različite mjerne instrumente | mogu obavljati različite kućne popravke | ...)) | Dobro poznajem i zanima me računalo (dobro poznajem programiranje | u mogućnosti sam prilično samostalno nadograditi i popraviti software i hardware računala | ...) | Smatram da su inženjerska zanimanja vrlo cijenjena (dobra plaća | velika mogućnost profesionalnog usavršavanja | ...),3,"Ako ne znam kako početi zadatak, velika je vjerojatnost da ne znam što zadatak od mene traži.",93,17,5,3,Matematičkim dijelom samo potvrđujemo teorijsku osnovu.,55,6,3,3,"Ne svodi se sve na rješavanje jednadžbi, prije samog rješavanja za dobivanje brojčanih rezultata, potrebno je znati što računamo i zašto.",137,21,3,5,1,3,5,3,Jednadžbe je potrebno razumjeti kako bi ih mogli primjeniti. Samo uvrštavanje vrijednosti u jednadžbu nije rješavanje zadatka.,126,17,3,Mnoge jednadžbe se mogu koristiti neovisno o situaciji.,55,8,5,5,5,Vizualizacija postavke problema u zadatku pomaže pri odabiru strategije rješavanja.,83,10,2,5,5,"Skice mi pomažu kako bi bolje razumio problem koji rješavam.
",61,10,3,3,4,5,3,5,5,3,3,4,4,3,"Teže je riješiti fizikalni zadatak pomoću simbola ukoliko ne razumijemo što rješavamo.
",87,12,5,0,1,0,0,0,0,1,0,0,0,4,0,0,1,0,0,5,0,0,0,1,0,0,,4,0,0,1,0,0,4,0,0,1,0,0,0,,4,0,1,0,0,0,4,0,0,1,0,0,0,,4,0,0,0,1,0,3,0,0,0,1,0,0,,3,0,1,0,0,0,0,1,1,0,1,0,0,1,1,1,1,1,1,0,0,1,1,0,1,1,0,0,1,1,0,1,1,1,0.6842105263157895,68.42105263157895,0.7142857142857143,71.42857142857143,0.5,50.0,0.5757575757575758,57.57575757575758,1,0,0,0,0,0,0,0,0,1,1,1,2,1,1
8.4.2026. 11:39:32,1,0,0,1,0,0,0,0,,0,0,0,0,0,0,0,1,Opću gimnaziju,4,5.0,5.0,2024.0,2024.0,,3.0,3.0,0,1,0,0,0,0,0,0,0,0,0,0,0,0,0,0,0,1,Ljudi ili bližoj okolini imam ljude inženjerskih zanimanja,1,Nacu rjesenje,13,2,3,3,Logicki,7,1,2,4,Pa da,5,2,5,3,3,3,3,3,potrebne su,11,2,3,opce su,7,2,3,3,3,da,2,1,3,3,3,lakse mi,8,2,3,3,3,3,3,3,3,3,3,3,3,3,ovisi ak znam simbol,20,4,3,0,1,0,0,0,0,1,0,0,0,4,0,1,0,0,0,3,0,0,0,1,0,0,,1,0,1,0,0,0,3,0,1,0,0,0,0,,2,0,0,0,1,0,1,0,0,1,0,0,0,,1,0,0,0,1,0,1,0,0,0,0,1,0,,1,1,0,0,0,0,1,0,0,0,0,0,0,0,0,0,0,0,0,0,0,0,0,0,0,0,0,0,0,0,0,0,1,1,0.15789473684210525,15.789473684210526,0.09523809523809523,9.523809523809524,0.1,10.0,0.12121212121212122,12.121212121212121,0,0,0,1,1,1,0,0,0,1,0,0,2,1,1
8.4.2026. 11:43:12,1,0,0,1,0,0,0,0,,0,0,0,0,0,0,0,1,Opću gimnaziju,4,3.0,3.0,2024.0,2024.0,,3.0,2.0,0,1,0,0,0,0,0,0,1,0,0,0,0,0,0,0,0,1,Dobro poznajem i zanima me računalo (dobro poznajem programiranje | u mogućnosti sam prilično samostalno nadograditi i popraviti software i hardware računala | ...),2,Pokušam se snaći sam,20,4,5,4,Fizika mi je cesce jasnija od matematickog dijela zadatka,57,9,2,3,Ovisi o zadatku,15,3,5,4,1,3,4,2,Vecinom koristim intuiciju pri rješavanju fizike,48,6,4,Ima puno formula koje su specificne za odredjene situacije,58,9,1,2,3,moze pomoci,11,2,5,3,2,"Ako je jasno iz riječi, ne crtam",32,7,3,2,4,2,5,4,3,2,1,3,2,5,Simboli samo zbunjuju i potrebno je pamtiti koji sta predstavlja,64,10,1,0,1,0,0,0,0,1,0,0,0,4,1,0,0,0,0,1,0,0,0,0,1,0,,1,0,1,0,0,0,1,0,1,0,0,0,0,,1,1,0,0,0,0,1,0,1,0,0,0,0,,1,0,1,0,0,0,1,0,1,0,0,0,0,,1,1,1,0,0,0,1,1,1,0,1,1,0,0,0,0,0,0,0,0,0,1,0,0,1,0,0,0,0,0,0,0,1,1,0.42105263157894735,42.10526315789473,0.2857142857142857,28.57142857142857,0.2,20.0,0.3333333333333333,33.33333333333333,0,1,0,1,1,1,0,0,0,0,0,0,1,2,1
8.4.2026. 11:43:51,0,1,0,1,0,0,0,0,,0,0,0,0,0,0,0,1,Jezičnu gimnaziju,4,5.0,5.0,2024.0,2024.0,,4.0,3.0,0,1,0,0,0,0,0,0,1,0,0,0,0,0,0,0,0,1,Dobro poznajem i zanima me računalo (dobro poznajem programiranje | u mogućnosti sam prilično samostalno nadograditi i popraviti software i hardware računala | ...) | Ljudi ili bližoj okolini imam ljude inženjerskih zanimanja | Smatram da su inženjerska zanimanja vrlo cijenjena (dobra plaća | velika mogućnost profesionalnog usavršavanja | ...),2,Prvo se obratim literaturi i nastavnim materijalima te internetom,65,9,1,3,"Matematički dio fizike je relativno laksi, bitno je shvatiti kako postaviti zadatak i jednadzbe po pitanj fizike",112,17,5,5,Svi zadaci se na to svode,25,6,4,5,2,5,4,3,Potrebno je oboje za olaksano rjesavanje,40,6,4,Fizika se i proucava na temelju stvarnih pojava i situacija,59,10,5,4,5,Skice olaksavaju rjesavanje jer daju visualizaciju problema,59,7,1,4,5,Lakse je biti siguran u svoj odgovor uz pomoc skice,51,10,4,2,5,5,3,5,5,5,3,4,4,2,Uz pomoc simbola puno toga se moze pokratiti te ubrzati proces ako prvo izrazimo rjesenje simbolima a tek onda utipkavamo rjesenja,130,21,5,0,0,1,0,0,0,1,0,0,0,4,0,1,0,0,0,5,0,1,0,0,0,0,,5,0,0,0,0,1,2,0,0,0,0,1,0,,4,1,0,0,0,0,4,1,0,0,0,0,0,,3,1,0,0,0,0,4,1,0,0,0,0,0,,3,1,0,0,1,0,1,1,1,1,1,0,0,1,1,1,1,1,1,1,0,1,1,0,1,1,1,0,1,1,1,1,0,1,0.7894736842105263,78.94736842105263,0.8095238095238095,80.95238095238095,0.7,70.0,0.7272727272727273,72.72727272727273,0,0,0,0,0,0,0,0,0,0,0,0,0,0,0
8.4.2026. 11:45:05,1,0,0,1,0,0,0,0,,0,0,0,0,0,0,0,1,"Strukovnu školu (strojarsku, građevinsku, medicinsku, …)",2,4.0,4.0,2024.0,2024.0,,3.0,2.0,0,1,0,0,0,0,0,0,1,1,0,0,0,0,0,1,0,1,Dobro poznajem i zanima me računalo (dobro poznajem programiranje | u mogućnosti sam prilično samostalno nadograditi i popraviti software i hardware računala | ...) | Smatram da su inženjerska zanimanja vrlo cijenjena (dobra plaća | velika mogućnost profesionalnog usavršavanja | ...) | Tijekom dosadašnjeg obrazovanja često smo u suradnji s nastavnicima obavljali i osmišljavali zanimljive eksperimente iz fizike i drugih predmeta iz STEM područja,2,"S obzirom da danas studenti imaju pristup velikoj kolicini informacija na internetu (youtube, razlicite knjige, LLM-ovi…), mislim da ne bi trebalo biti problem poceti zadatak. ",176,25,3,4,.,1,1,3,3,.,1,1,2,3,2,3,4,4,.,1,1,3,.,1,1,3,3,2,.,1,1,4,2,1,.,1,1,2,3,4,4,2,4,4,2,2,3,4,4,.,1,1,1,0,1,0,0,0,0,0,1,0,0,4,0,0,1,0,0,1,0,0,0,1,0,0,,1,0,0,0,1,0,2,0,1,0,0,0,0,,3,1,0,0,0,0,2,1,0,0,0,0,0,,2,0,0,0,1,0,2,0,1,0,0,0,0,,2,1,0,0,0,0,0,0,1,0,1,0,0,0,0,0,0,0,0,0,0,1,1,1,1,1,0,0,0,1,0,0,1,0,0.3157894736842105,31.57894736842105,0.3333333333333333,33.33333333333333,0.5,50.0,0.30303030303030304,30.303030303030305,1,0,0,0,1,0,0,0,0,1,0,0,2,1,0
8.4.2026. 11:45:23,1,0,0,1,0,0,0,0,,0,0,0,0,0,0,0,1,"Strukovnu školu (strojarsku, građevinsku, medicinsku, …)",2,5.0,5.0,2024.0,2024.0,,3.0,3.0,0,1,0,0,0,0,0,0,1,0,0,0,0,0,0,0,0,1,Dobro poznajem i zanima me računalo (dobro poznajem programiranje | u mogućnosti sam prilično samostalno nadograditi i popraviti software i hardware računala | ...) | Smatram da su inženjerska zanimanja vrlo cijenjena (dobra plaća | velika mogućnost profesionalnog usavršavanja | ...),2,Pa pretežno ne ispitujem ništa ,31,5,3,3,Mislim da je važnije poznavanje formula sama matematika je osnovna,66,10,3,4,Više manje da uvrštavanje vrijednosti u formule,47,7,4,4,3,3,4,3,Nekad ni ne pomišljam o jednadžbi samo znam koja se treba koristiti,67,12,4,Slazem se,9,2,4,4,3,Lakše mi je predočiti situaciju,31,5,3,2,2,"Pretežno ne, ako nije potrebno smatram totrišenjem vremena",58,8,3,3,4,4,2,4,4,4,4,4,4,4,Kod brojčanog možemo shvatiti ima li rješenje smisla,52,8,3,0,0,1,0,0,0,1,0,0,0,4,0,0,1,0,0,3,0,0,0,1,0,0,,3,0,0,0,1,0,4,0,0,0,1,0,0,,4,0,1,0,0,0,3,0,0,1,0,0,0,,4,0,0,0,1,0,4,0,0,0,1,0,0,,4,1,0,0,0,0,1,1,0,0,1,0,0,1,1,0,0,0,0,0,0,1,1,1,1,1,1,1,1,1,0,0,0,1,0.5263157894736842,52.63157894736842,0.47619047619047616,47.61904761904761,0.8,80.0,0.48484848484848486,48.484848484848484,1,0,0,0,0,0,0,0,0,1,1,1,2,1,1
8.4.2026. 11:49:19,1,0,0,1,0,0,0,0,,0,0,0,0,0,0,0,1,Elektrotehničku školu,4,5.0,5.0,2024.0,2024.0,,3.0,4.0,0,1,0,0,0,0,0,0,1,0,0,0,0,0,0,0,0,1,Dobro poznajem i zanima me računalo (dobro poznajem programiranje | u mogućnosti sam prilično samostalno nadograditi i popraviti software i hardware računala | ...) | Ljudi ili bližoj okolini imam ljude inženjerskih zanimanja | Smatram da su inženjerska zanimanja vrlo cijenjena (dobra plaća | velika mogućnost profesionalnog usavršavanja | ...),1,Istražim iz svih mogućih izvora i pitam kolege.,47,8,3,2,Bitno je poznavati formule i prepoznati problem.,48,7,4,5,Slazem se tim.,14,3,3,5,3,4,5,3,Nije nužno razumijevanja zašto se nešto tako radi.,50,8,2,Postoje opce jednadzbe.,23,3,2,3,1,Nemam potrebu za vizualizacijom.,32,4,2,4,1,Ne crtam ih.,12,3,1,3,5,4,2,5,4,4,3,4,4,2,Simbole je lakse zapamtit i povezati s formulom.,48,8,4,0,1,0,0,0,0,0,0,1,0,4,0,1,0,0,0,3,1,0,0,0,0,0,,3,0,0,0,0,1,2,0,0,1,0,0,0,,1,0,0,1,0,0,1,0,1,0,0,0,0,,1,1,0,0,0,0,1,0,0,1,0,0,0,,1,1,0,1,1,0,0,1,0,1,1,0,1,0,0,0,1,1,0,0,0,1,1,1,1,1,1,0,1,1,1,1,1,0,0.5789473684210527,57.89473684210527,0.6666666666666666,66.66666666666666,0.7,70.0,0.6060606060606061,60.60606060606061,0,0,0,0,0,0,1,0,0,0,0,0,1,0,0
8.4.2026. 11:51:45,1,0,0,1,0,0,0,0,,0,0,0,0,0,0,0,1,"Matematičku, prirodoslovno-matematičku gimnaziju",4,5.0,4.0,2024.0,2024.0,,4.0,3.0,0,1,0,0,0,0,0,0,1,1,0,0,0,0,0,0,0,1,Dobro poznajem i zanima me računalo (dobro poznajem programiranje | u mogućnosti sam prilično samostalno nadograditi i popraviti software i hardware računala | ...) | Smatram da su inženjerska zanimanja vrlo cijenjena (dobra plaća | velika mogućnost profesionalnog usavršavanja | ...),2,"Ako ne znam započeti rješavati, onda ću pronaći primjere ili slično, ali uglavnom ću probati rješiti samostalno",111,17,4,2,"Teorija je važnija, koje formule postupke koristiti, i znati što se traži u zadatku",83,14,5,5,Opisano je u pitanju zadatka,28,5,3,5,2,4,5,2,"Ako je u zadatku postavljeno što je što i koje su vrijednosti, potrebno je znati simbole i zatim uvrstiti u formulu",115,21,4,Da,2,1,5,4,5,"Gibanja, kretanja utjecaji raznih sila, najlakše je skicirati, trenje, elastičnost opruge i sl",94,13,1,1,1,Ne,2,1,3,4,5,3,2,4,3,4,2,2,4,3,Nekad je jednostavnije jedno nekad drugo,40,6,3,0,1,0,0,0,0,0,1,0,0,3,0,0,1,0,0,5,0,0,0,1,0,0,,3,0,0,0,1,0,5,0,0,0,1,0,0,,3,0,1,0,0,0,5,0,0,0,0,0,1,U istom referentnom sustavu ako je zanemariv otpor zraka jaje ce padati okomito dolje,5,1,0,0,0,0,5,0,1,0,0,0,0,,5,1,1,1,1,0,0,1,1,1,1,1,0,1,1,1,1,0,0,0,1,1,0,1,1,0,1,0,0,1,0,0,1,0,0.6842105263157895,68.42105263157895,0.5714285714285714,57.14285714285714,0.6,60.0,0.6060606060606061,60.60606060606061,1,0,0,0,0,0,0,0,0,0,0,0,1,0,0
8.4.2026. 11:56:53,1,0,0,0,1,0,0,0,,0,0,0,0,0,0,0,1,"Matematičku, prirodoslovno-matematičku gimnaziju",4,4.0,4.0,2024.0,2024.0,,4.0,2.0,0,1,0,0,0,0,0,0,1,1,0,0,0,0,0,0,0,1,Dobro poznajem i zanima me računalo (dobro poznajem programiranje | u mogućnosti sam prilično samostalno nadograditi i popraviti software i hardware računala | ...) | Smatram da su inženjerska zanimanja vrlo cijenjena (dobra plaća | velika mogućnost profesionalnog usavršavanja | ...),4,Pa ako neznamo kako zapoceti nemozemo nastaviti zadatak te zato sto ostatak zadatka ovisi o pocetku,99,16,3,2,"pa moramo dobro znati i tocno odrediti sve fsktore koji utjecu na trazeno, dok je matematicki dio laksi",103,18,3,4,"To je nacin rjesavanja zadataka, prvo moramo tocno odrediti jednadzbi koja se trazi",83,13,3,4,3,2,4,4,da,2,1,4,Pa mpgu se neke razlicite situacije rijesiti istom jednadzbom,61,9,4,3,4,Pomaze mi pri pravilnom odredivanju,35,5,3,3,2,Ne,2,1,3,2,5,4,2,5,4,5,4,4,5,4,Pa zato sto vecinu zadataka rjesavamo brojevima pa pomocu simbola moramo traziti sto cemo pokratiti i sl,104,17,4,1,0,0,0,0,0,1,0,0,0,4,0,0,1,0,0,5,0,0,0,1,0,0,,5,0,0,0,1,0,5,0,0,0,1,0,0,,4,0,1,0,0,0,5,0,0,0,0,1,0,,5,1,0,0,0,0,5,0,1,0,0,0,0,,5,0,0,1,0,0,0,1,0,0,1,0,0,1,0,1,0,0,0,0,0,1,1,1,1,1,1,1,1,1,0,1,1,1,0.47368421052631576,47.368421052631575,0.6666666666666666,66.66666666666666,0.7,70.0,0.5151515151515151,51.515151515151516,1,0,0,0,0,0,0,1,0,0,0,0,1,1,0
8.4.2026. 11:57:08,1,0,0,1,0,0,0,0,,0,0,0,0,0,0,0,1,Elektrotehničku školu,4,4.0,4.0,2024.0,2024.0,,2.0,,0,1,0,0,0,0,0,0,1,0,0,0,0,0,0,0,0,1,Dobro poznajem i zanima me računalo (dobro poznajem programiranje | u mogućnosti sam prilično samostalno nadograditi i popraviti software i hardware računala | ...) | Smatram da su inženjerska zanimanja vrlo cijenjena (dobra plaća | velika mogućnost profesionalnog usavršavanja | ...),4,Uglavnom potražim pomoc LLMa.,29,4,3,3,Ne znam.,8,2,4,5,dosta zadataka se može svesti na određen sablon.,48,8,2,5,3,3,3,2,Uglavnim se oslanjam na intuiciju uz jednadzbe ,47,7,4,slazem se,9,2,2,3,3,Lakše mi je predočiti zadatak ako imam skicu,44,8,5,1,2,Ne crtam ako nema razloga,25,5,1,1,3,2,5,4,3,2,1,2,5,3,Jednako je ako ne i lakse resavati simbolima i uvrstiti vrednosti na kraju,74,13,5,0,0,0,0,1,0,0,1,0,0,4,0,0,1,0,0,5,0,0,0,0,0,1,teniska loptica ima brapaviju povrsinu i stoga veci otpar zraka i pada neznatno sporije od bilijarske kugle u uraku ali jednako brzo u vakumu,5,0,0,0,1,0,5,0,0,1,0,0,0,,2,0,0,1,0,0,3,0,0,0,0,1,0,,4,1,0,0,0,0,4,0,1,0,0,0,0,,3,0,0,0,1,0,0,1,0,0,0,1,0,0,0,0,0,0,0,0,0,0,0,0,1,0,0,0,0,1,0,1,0,0,0.15789473684210525,15.789473684210526,0.19047619047619047,19.047619047619047,0.2,20.0,0.18181818181818182,18.181818181818183,1,0,0,0,0,0,1,1,1,0,0,0,2,1,1
8.4.2026. 11:57:10,1,0,1,0,0,0,0,0,,0,0,0,0,0,0,0,1,"Strukovnu školu (strojarsku, građevinsku, medicinsku, …)",2,4.0,2.0,2023.0,2023.0,,3.0,,0,1,0,0,0,0,0,0,0,1,0,0,0,0,0,1,0,1,Dobro poznajem i zanima me računalo (dobro poznajem programiranje | u mogućnosti sam prilično samostalno nadograditi i popraviti software i hardware računala | ...) | Smatram da su inženjerska zanimanja vrlo cijenjena (dobra plaća | velika mogućnost profesionalnog usavršavanja | ...),2,Najbitniji je početak zadatka,29,4,4,4,Znanjem o fizikalnom stanju se može nadoknaditi znanje iz matematike,68,10,4,2,Bitnije je znati fizikalne procese,34,5,2,5,2,5,4,2,Intuicija znatno pomaže ili je čak uvijet za pravo razumijevanje,64,10,1,Uglavnom je fizika utemeljena na manji broj osnovnih zakona,59,9,4,2,5,Lakse je razumijevanje,22,3,4,4,3,.,1,1,2,2,5,5,2,3,5,2,3,4,4,3,Mislim da nema razlike,22,4,2,0,1,0,0,0,0,1,0,0,0,4,0,0,0,0,1,4,0,1,0,0,0,0,,5,0,0,0,1,0,5,0,0,0,1,0,0,,5,0,0,1,0,0,4,0,0,0,0,1,0,,4,1,0,0,0,0,4,0,1,0,0,0,0,,3,1,1,0,1,1,0,1,1,1,1,1,1,1,0,1,0,1,0,0,0,1,1,1,0,1,0,0,1,1,0,0,1,1,0.7368421052631579,73.68421052631578,0.5714285714285714,57.14285714285714,0.6,60.0,0.6363636363636364,63.63636363636363,0,0,0,0,0,0,1,1,1,0,0,0,1,1,1
8.4.2026. 11:57:22,0,1,0,1,0,0,0,0,,0,0,0,0,0,0,0,1,"Matematičku, prirodoslovno-matematičku gimnaziju",4,5.0,5.0,2024.0,2024.0,,3.0,2.0,0,1,0,0,0,0,0,0,1,0,0,0,0,0,0,0,0,1,Dobro poznajem i zanima me računalo (dobro poznajem programiranje | u mogućnosti sam prilično samostalno nadograditi i popraviti software i hardware računala | ...) | Tijekom dosadašnjeg obrazovanja često smo u suradnji s nastavnicima obavljali i osmišljavali zanimljive eksperimente iz fizike i drugih predmeta iz STEM područja,2,"Ukoliko nisam sigurna kako započeti rješavanje zadatka, pogledam materijale i taj predmet i prethodno riješene zadatke pa uglavnom dobijem neku ideju za rješavanje.",164,23,4,3,"Mislim da je važno znati riješiti i matematički dio zadatka, ali i dobro poznavati pojmove iz fizike potrebne za rješavanje.",124,20,4,4,Kada shvatimo o kojem je problemu riječ možemo pronaći jednadžbu/formulu potrebnu za rješavanje.,96,13,3,4,2,4,4,2,Trebamo razumjeti jednadžbe da bi ih znali primijeniti u zadacima.,66,10,3,"Dosta jednadžbi se može izvesti iz nekih drugih ""temeljnih"" jednadžbi.",70,10,4,4,5,Puno je jasnije kada nacrtam skicu prije rješavanja. Tada lakše mogu shvatiti kako npr. djeluju sile.,101,16,2,4,3,Crtam skice samo kada mi je to potrebno za shvaćanje zadatka. ,62,11,2,4,5,4,1,5,5,5,3,5,5,3,Ako sam unaprijed upoznata sa simbolima onda mi je nekad i jasnije riješiti zadatke s njima.,92,16,5,0,0,1,0,0,0,0,0,1,0,4,0,0,0,0,1,3,0,1,0,0,0,0,,4,0,0,0,1,0,4,0,0,0,1,0,0,,4,1,0,0,0,0,4,1,0,0,0,0,0,,3,1,0,0,0,0,4,0,1,0,0,0,0,,3,1,1,0,1,0,0,1,1,1,1,1,0,1,1,1,1,1,0,0,1,1,1,1,1,1,1,0,1,1,0,1,0,0,0.6842105263157895,68.42105263157895,0.7142857142857143,71.42857142857143,0.8,80.0,0.696969696969697,69.6969696969697,0,0,0,0,0,0,0,0,0,0,0,0,0,0,0
8.4.2026. 11:58:24,0,1,0,0,1,0,0,0,,0,0,0,0,0,0,0,1,Elektrotehničku školu,4,5.0,5.0,2024.0,2024.0,,4.0,4.0,0,1,0,0,0,0,0,0,1,0,0,0,0,0,0,0,0,1,Pokazujem sklonost prema praktičnom radu (izrađujem makete | jednostavne uređaje | spretno koristim različite mjerne instrumente | mogu obavljati različite kućne popravke | ...)) | Dobro poznajem i zanima me računalo (dobro poznajem programiranje | u mogućnosti sam prilično samostalno nadograditi i popraviti software i hardware računala | ...) | Smatram da su inženjerska zanimanja vrlo cijenjena (dobra plaća | velika mogućnost profesionalnog usavršavanja | ...),2,Znam se snalaziti u objavljenim materijalima ili pronađem na internetu neke izvore koji objašnjavaju zadatke,108,15,3,5,Ostatak zadatka je pretvaranje jedinica i uvrštavanje brojeva,61,8,2,5, ..,3,1,4,4,2,4,4,1,Potrebno je razumijevanje ponašanja formule u različitim situacijama i kako je nastala kako bi se znalo gdje se i kako moze primijeniti,135,22,2,Ne znam ,8,2,3,3,3,Ovisi o tipu zadatka,20,4,2,1,1,Pa ako nema opravdanog razloga nema smisla trošiti vrijeme ,59,9,1,2,3,1,4,4,5,4,2,2,4,3,Ovisi o tipu zadatka. Nekad brojevi mogu imati puno decimala i dolazi do greške kod zaokruživanja.,98,16,5,0,0,0,1,0,0,0,0,1,0,4,0,0,1,0,0,4,0,0,0,1,0,0,,3,0,0,0,1,0,4,0,0,0,1,0,0,,4,0,1,0,0,0,3,0,0,1,0,0,0,,4,0,1,0,0,0,5,0,0,0,1,0,0,,5,1,0,0,0,0,1,1,1,1,1,1,1,0,0,0,1,0,0,0,0,0,0,0,1,1,1,0,0,1,0,1,0,0,0.47368421052631576,47.368421052631575,0.38095238095238093,38.095238095238095,0.3,30.0,0.42424242424242425,42.42424242424242,1,0,0,0,0,0,0,0,0,0,1,0,1,1,0
8.4.2026. 11:58:34,0,1,0,1,0,0,0,0,,0,0,0,0,0,0,0,1,Elektrotehničku školu,4,5.0,5.0,2024.0,2024.0,,3.0,,0,1,0,0,0,0,0,0,1,1,0,0,0,0,0,0,0,1,Ljudi ili bližoj okolini imam ljude inženjerskih zanimanja | Smatram da su inženjerska zanimanja vrlo cijenjena (dobra plaća | velika mogućnost profesionalnog usavršavanja | ...),3,Pokušavam pronaći nekakav postupak tijekom rješavanja zadatka. ,63,7,2,4,Matematika mi olakšava rješavanje fizikalnih zadataka.,54,6,4,4,"Uglavnom smo imali zadatke iz fizike za koju postoji određena formula, mi je moramo pronaći te uvrstiti vrijednosti u nju.",122,20,4,4,2,3,4,2,Svaku jednadžbu treba razumjeti.,32,4,4,Samo se slažem sa izjavom.,26,5,4,3,5,Kada vidim nešto vizuelno lakše mi je skontati o čemu se radi.,62,12,2,2,4,Vizualno mi je lakše skontati o čemu se radi.,45,9,4,4,4,4,3,4,4,4,2,4,4,3,Mislim da je jednaka težina.,28,5,5,0,1,0,0,0,0,0,0,1,0,3,0,0,1,0,0,4,0,0,0,1,0,0,,4,0,0,0,1,0,4,0,0,0,1,0,0,,4,0,0,1,0,0,5,0,0,1,0,0,0,,4,1,0,0,0,0,4,0,1,0,0,0,0,,4,0,0,0,1,0,1,1,1,0,1,1,0,1,0,1,1,0,1,1,1,1,1,0,1,1,1,0,1,1,0,1,1,0,0.6842105263157895,68.42105263157895,0.8095238095238095,80.95238095238095,0.6,60.0,0.6363636363636364,63.63636363636363,1,0,0,0,0,0,1,0,0,0,0,0,2,0,0
8.4.2026. 11:58:40,0,1,0,1,0,0,0,0,,0,0,0,0,0,0,0,1,"Matematičku, prirodoslovno-matematičku gimnaziju",4,5.0,4.0,2024.0,2024.0,,3.0,4.0,0,1,0,0,0,0,0,0,1,1,0,0,0,0,0,0,0,1,Pokazujem sklonost prema praktičnom radu (izrađujem makete | jednostavne uređaje | spretno koristim različite mjerne instrumente | mogu obavljati različite kućne popravke | ...)) | Dobro poznajem i zanima me računalo (dobro poznajem programiranje | u mogućnosti sam prilično samostalno nadograditi i popraviti software i hardware računala | ...),1,Snađem se s materijalima,24,4,3,3,Bitno je znati i teorijski dio,30,6,4,4,Otprilike za jednostavnijim zadatcima,37,4,3,3,3,3,4,1,Jednadžbe pokazuju svojstva nekog zakona ili nekih odnosa tako da je potrebno njihovo razumjevanje,98,14,4,Postoji više različitoh jednandžbi,34,4,2,5,4,"Ovisno o zadatku, skica može puno pomoći ukoliko mi je teško vizualizirati problem u glavi",90,15,2,5,3,"Skice crtam jedino kada mi je potrebno za razumjevanje situacije u zadatku, a ako već razumijem što se događa nije mi potrebno nacrtati ako ima malo podataka",157,27,1,2,5,3,1,4,4,5,5,4,5,1,Rješavanje sa simbolima mi je jednako razumljivo kao i sa vrijednostima,71,11,5,0,1,0,0,0,0,1,0,0,0,4,0,0,0,1,0,5,0,1,0,0,0,0,,5,0,0,0,1,0,5,0,0,0,1,0,0,,5,0,1,0,0,0,5,0,0,1,0,0,0,,5,0,0,0,1,0,5,0,0,0,1,0,0,,5,1,0,0,1,0,0,0,0,0,1,1,0,0,1,1,1,1,0,0,0,1,0,1,1,1,1,1,1,1,1,1,1,1,0.47368421052631576,47.368421052631575,0.7142857142857143,71.42857142857143,0.7,70.0,0.6060606060606061,60.60606060606061,0,0,0,0,0,0,0,0,0,1,1,1,1,1,1
8.4.2026. 11:58:44,0,1,0,1,0,0,0,0,,0,0,0,0,0,0,0,1,Opću gimnaziju,4,5.0,5.0,2024.0,2024.0,,3.0,2.0,0,1,0,0,0,0,0,0,1,1,0,0,0,0,0,0,0,1,Dobro poznajem i zanima me računalo (dobro poznajem programiranje | u mogućnosti sam prilično samostalno nadograditi i popraviti software i hardware računala | ...) | Smatram da su inženjerska zanimanja vrlo cijenjena (dobra plaća | velika mogućnost profesionalnog usavršavanja | ...),2,"Ukoliko ne razumijem zadatak, prvo potražimo pomoć u dodatnim materijalima i čujem se s kolegama.",97,15,1,2,"Radi lakšeg i točnijeg računanja potrebno je znati i teoriju zadatka tj. kako sve možemo doći do rezultata, nije dovoljno samo znati upotrijebiti formule.",154,24,2,5,U potpunosti se slažem s izjavom.,33,6,2,4,2,4,4,4,"Razumijem kako bih trebala više znati o jednadžbama, međutim lakše mi ih je samo rutinski rješavati.",100,16,5,Postoji više formula za računanje jedne stvari.,47,7,5,2,5,Lakše mi je razumijeti što se traži ako dobro skiciram sustav zadatka.,70,12,4,5,5,"Iako to zadatak ne traži, ipak se volim koristiti skicama i dijagramima.",72,12,1,4,5,5,4,5,5,4,2,4,5,2,Iz simbola mi je puno lakše vidjeli utjecaj određenih vrijednosti nego kada se samo navedu u tekstu zadatka.,108,18,5,0,1,0,0,0,0,0,0,1,0,4,0,0,1,0,0,5,0,0,0,0,0,1,VI) Niti jedno od ponuđenih fizikalnih obrazloženja ne opisuje moje razmišljanje; moje fizikalno obrazloženje je:,4,0,0,0,1,0,5,0,0,0,1,0,0,,5,0,1,0,0,0,5,0,0,1,0,0,0,,4,0,0,0,1,0,5,0,0,0,1,0,0,,5,1,0,1,0,0,0,1,1,1,1,0,0,1,0,1,0,1,1,0,1,1,1,0,1,1,1,0,1,1,1,1,1,0,0.5789473684210527,57.89473684210527,0.8095238095238095,80.95238095238095,0.8,80.0,0.6363636363636364,63.63636363636363,1,0,0,0,0,0,0,0,0,1,1,1,2,1,1
8.4.2026. 11:58:56,1,0,0,0,1,0,0,0,,0,0,0,0,0,0,0,1,Elektrotehničku školu,4,3.0,4.0,2025.0,2025.0,,2.0,2.0,1,0,0,0,0,0,0,0,1,0,0,0,0,0,0,0,0,1,Pokazujem sklonost prema praktičnom radu (izrađujem makete | jednostavne uređaje | spretno koristim različite mjerne instrumente | mogu obavljati različite kućne popravke | ...)) | Smatram da su inženjerska zanimanja vrlo cijenjena (dobra plaća | velika mogućnost profesionalnog usavršavanja | ...) | Tijekom dosadašnjeg obrazovanja često smo u suradnji s nastavnicima obavljali i osmišljavali zanimljive eksperimente iz fizike i drugih predmeta iz STEM područja,3,Nekad se dogodi da upotpunosti nznm riješiti ali uglavnom sam skužim zadatak tijekom vremena,92,14,4,4,Jer je matematika osnova svega bez matematičkog znanja ne mogu se rješavati zadaci,82,13,4,4,Fizika se oslanja na zadatke iz određenih događaja koja su uglavnom povezana sa više fizikalnih pojava,102,16,3,3,3,4,4,3,Ovisi o zadatku što se traži pa je ta činjenica nekada točna nekada nije,72,14,4,Ima puno formula što je istina,30,6,3,4,4,Jer je tako lako uočiti situaciju pa je i lakše riješiti zadatak,64,12,3,4,2,Pa ako je lakši zadatak onda samo računam da ne trošimo vrijeme,63,12,3,4,3,4,3,2,4,4,3,3,4,4,Po meni je lakše rješavati zadatak s brojila nego sa simbolima,62,11,3,0,1,0,0,0,0,1,0,0,0,4,0,0,0,1,0,3,0,0,1,0,0,0,,2,0,0,1,0,0,3,0,0,1,0,0,0,,2,0,1,0,0,0,3,0,1,0,0,0,0,,2,0,0,0,0,1,2,0,0,0,1,0,0,,3,0,1,0,1,0,0,0,0,1,1,0,0,0,1,1,0,1,0,0,1,0,1,0,0,1,1,0,0,1,0,0,1,1,0.5263157894736842,52.63157894736842,0.47619047619047616,47.61904761904761,0.3,30.0,0.42424242424242425,42.42424242424242,0,0,0,0,0,0,0,0,0,0,1,0,0,1,0
8.4.2026. 12:00:18,1,0,0,0,1,0,0,0,,0,0,0,0,0,0,0,1,"Matematičku, prirodoslovno-matematičku gimnaziju",4,3.0,2.0,2020.0,2020.0,,3.0,2.0,0,1,0,0,0,0,0,0,1,0,0,0,0,0,0,0,0,1,Dobro poznajem i zanima me računalo (dobro poznajem programiranje | u mogućnosti sam prilično samostalno nadograditi i popraviti software i hardware računala | ...) | Na prezentaciji FERITa je rečeno da ćemo imati priliku ići na praksu u CROTEAM (tvorci Serious Sama i Talos Principlea),4,"Ili to ili googlam ili tražim AI ili u nastavnim materijalima, koristim sve što mi je dostupno kako bih pokušao sam shvatiti zadatak",132,23,2,3,Nisam imao dovoljno dobrog profesora fizike u srednjoj da bi mogao komentirati išta na tu temu.,95,16,3,4,"Uz svoje minimalno znanje o fizici koja me uopće ne zanima, mogu reći da se djelomično slažem s tom izjavom",107,20,2,2,2,4,2,4,"Da, u to malo fizike što sam imao i prošao većinu sam zadataka rješavao rutinski, bez razumijevanja.",100,17,3,Nisam imao dovoljno dobrog profesora fizike u srednjoj da bi mogao komentirati išta na tu temu.,95,16,2,3,4,"Da, bilo mi je lakse razumjeti o cemu se radi ako sam si prvo nacrtao situaciju.",80,16,2,2,1,Zasto bi ih crtao ako nema razloga za to?,41,9,2,3,2,3,5,4,4,4,1,4,2,4,Da oduvijek mi je bilo lakse rjesavati numericke nego simbolicne zadatke.,73,11,1,0,1,0,0,0,0,1,0,0,0,4,0,0,1,0,0,4,0,0,0,1,0,0,,3,0,0,0,0,1,3,0,1,0,0,0,0,,3,1,0,0,0,0,2,1,0,0,0,0,0,,3,1,0,0,0,0,3,0,1,0,0,0,0,,3,0,0,0,0,0,0,0,1,1,0,0,0,0,0,1,1,0,0,0,0,0,0,0,1,1,1,0,1,0,0,0,1,1,0.3157894736842105,31.57894736842105,0.38095238095238093,38.095238095238095,0.2,20.0,0.30303030303030304,30.303030303030305,1,0,0,0,1,0,0,0,0,0,0,0,1,1,0
8.4.2026. 12:04:42,1,0,0,1,0,0,0,0,,0,0,0,0,0,0,0,1,Elektrotehničku školu,4,5.0,3.0,2024.0,2024.0,,2.0,,0,1,0,0,0,0,0,0,1,0,0,0,0,0,0,0,0,1,Dobro poznajem i zanima me računalo (dobro poznajem programiranje | u mogućnosti sam prilično samostalno nadograditi i popraviti software i hardware računala | ...) | Smatram da su inženjerska zanimanja vrlo cijenjena (dobra plaća | velika mogućnost profesionalnog usavršavanja | ...),2,"Uglavnom je profesor/asistent zaokupiran drugim studentima pa mi je jednostavije sam skužiti kako se rješava, ali nekad prečujem šta priča što zna pomoći.",154,23,3,1,"Najbitniji dio je uočiti o kojem se tipu zadatka radi, upoznati se sa formulama i kako se taj ""problem"" ponaša u prirodi.",121,22,5,4,"Pa, u obrazovnom sustavu se stekne takva misao, ali rješavanje fizikalnih problema je puno složenije od samo uvršavanja u formulu, ali čak i da je, treba znati šta ta brojčana vrijednost predstavlja.",199,32,5,5,1,3,5,1,Ne pamtim formule.,18,3,1,"Ima puno formula koje u matematici predstavljaju jedan te isti račun, jedino se razlikuju u nekom koeficijentu, npr kod gravitacije i elektromagnetske sile.",156,23,5,3,5,Volim skicirati,15,2,4,5,5,Volim skicirati.,16,2,5,5,4,5,1,2,1,1,4,4,5,4,Lakše je raditi sa brojevima zbog nekog razloga,47,8,1,0,1,0,0,0,0,0,0,1,0,4,0,0,1,0,0,5,0,0,0,0,0,1,"Zanemarujemo otpor zraka pa tijela padaju kao u vakuuma, cca 9.81m/s²",4,0,0,0,1,0,3,0,0,0,1,0,0,,3,0,0,1,0,0,4,0,0,0,0,1,0,,4,1,0,0,0,0,4,0,1,0,0,0,0,,4,1,0,1,1,0,1,1,1,0,1,1,1,1,0,1,0,1,1,1,1,1,1,1,0,0,0,1,1,1,0,0,1,0,0.631578947368421,63.1578947368421,0.6666666666666666,66.66666666666666,0.8,80.0,0.6666666666666666,66.66666666666666,1,0,0,0,0,0,1,1,1,0,0,0,2,1,1
8.4.2026. 12:08:25,1,0,0,0,1,0,0,0,,0,0,0,0,0,0,0,1,"Strukovnu školu (strojarsku, građevinsku, medicinsku, …)",4,3.0,4.0,2024.0,2024.0,3.0,3.0,4.0,0,1,0,0,0,0,0,0,1,0,0,0,0,0,0,0,0,1,Dobro poznajem i zanima me računalo (dobro poznajem programiranje | u mogućnosti sam prilično samostalno nadograditi i popraviti software i hardware računala | ...) | Smatram da su inženjerska zanimanja vrlo cijenjena (dobra plaća | velika mogućnost profesionalnog usavršavanja | ...),2,"Ako ne znam zadatak probam ga podijeliti na dijelove i pogledam koji dijelovi su mi jasni a koji ne. Ako još nisam siguran kako nastaviti probam dobiti mišljenja kolega i njihove poglede na zadatak, a ako ni oni ne razumiju tek onda probam pitati profesora ili asistenta.",271,47,5,3,Također je jako važno razumijeti kako stvari koje računamo funkcioniraju u pravom svijetu,89,13,5,5,Slažem se s tom izjavom jer glavna bit rješavanja fizičkih zadataka je da se dobije neka korisna brojčana vrijednost.,117,19,3,5,5,2,4,5,Često ne razumijem točne detalje nekih funkcija no znam da ako ih iskoristim dobit ću točno riješenje.,102,17,3,"Vjerujem da se dosta jednadžbi može koristiti za razne situacije no opet se svrstavaju u određena polja fizike, npr. ne možemo koristiti jednadžbu za otpor pri računanju tlaka.",176,28,5,3,5,Shvaćam stvari puno bolje kada su nacrtane nekih grafom ili skicom i lakše mi je predočiti si kako sve unutar situacije ponaša.,127,22,3,4,2,Ako je zadatak lagan i ne zahtijeva skicu i/ili dijagram često ga i ne nacrtam.,79,15,3,1,4,5,1,5,4,5,4,4,5,5,Puno je lakše grafički prikazati situaciju brojčano nego sa simbolima koji mogu biti bilo koje vrijednosti unutar nekog raspona.,128,19,1,0,0,0,0,1,0,1,0,0,0,4,0,0,1,0,0,3,0,0,0,1,0,0,,1,0,0,1,0,0,4,0,0,1,0,0,0,,4,0,0,1,0,0,4,0,0,0,0,1,0,,4,1,0,0,0,0,5,0,1,0,0,0,0,,5,1,1,0,1,0,0,1,0,0,1,0,0,1,0,1,0,1,0,0,0,1,1,1,1,1,1,1,1,1,0,0,0,1,0.5263157894736842,52.63157894736842,0.5714285714285714,57.14285714285714,0.8,80.0,0.5454545454545454,54.54545454545454,1,0,0,0,0,0,1,1,1,0,0,0,2,1,1
8.4.2026. 12:12:04,0,1,0,1,0,0,0,0,,0,0,0,0,0,0,0,1,Elektrotehničku školu,4,5.0,5.0,2024.0,2024.0,,3.0,2.0,0,1,0,0,0,0,0,0,1,0,0,0,0,0,0,0,0,1,Dobro poznajem i zanima me računalo (dobro poznajem programiranje | u mogućnosti sam prilično samostalno nadograditi i popraviti software i hardware računala | ...) | Ljudi ili bližoj okolini imam ljude inženjerskih zanimanja,5,Smatram da pomoć od profesora puno znači jer nam dodatno pojasni zadatak (kako ga postaviti i riješiti) te nam može odmah pojasniti dodatne zadatke.,148,24,3,3,"Djelomično da, ali je važnije znati šta nas zadatak traži i način na koji ga najbolje mažemo riješiti. (najtočnije)",115,19,5,4,Rješavanje zadataka u fizici se odnosi na sposobnost da što točnije daodemo do riješenja.,89,14,4,5,1,4,5,1,Jednadžbe u fizici je potrebno razumiti u potpunosti kako bismo znali koje trebamo koristiti,92,14,2,Dosta jednadžbi se odnose za pojedino područje u fizici i iz tih osnovnih dobivamo izvedene za pojedine situacije.,114,18,5,4,4,"Za zadatke koji se tiču prijeloma svjetlosti, mehanike, sile potrebno je nacrtati skicu ali za zadatke poput moderne fizike nije uvijek potrebno nacrtati skicu",159,24,2,4,2,skicu crtam samo ako smatram da ce mi pomoći pri riješavanju zadatka ili ako si želim dodatno pojasniti nešto,109,19,4,3,5,5,1,5,5,3,5,5,5,2,lako nekada brojčane vrijednosti mogu dovesti do greške smatram da je lakše riješiti ako odmah možemo vidjeti brojeve,117,18,2,1,0,0,0,0,1,0,0,0,0,4,0,0,0,0,1,5,0,0,0,0,1,0,,5,0,0,1,0,0,5,0,0,1,0,0,0,,5,0,0,1,0,0,3,0,1,0,0,0,0,,3,0,0,0,1,0,5,0,0,0,1,0,0,,5,0,0,0,1,0,1,1,1,1,1,1,1,1,1,1,1,1,0,1,0,1,1,1,1,1,0,1,1,1,1,0,1,1,0.7894736842105263,78.94736842105263,0.7619047619047619,76.19047619047619,0.8,80.0,0.7575757575757576,75.75757575757575,0,1,0,0,0,0,1,0,0,1,1,1,2,2,1
8.4.2026. 14:06:46,1,0,0,0,0,1,0,0,,0,0,0,0,0,0,0,1,Opću gimnaziju,4,3.0,4.0,2025.0,2025.0,,2.0,2.0,0,0,1,0,0,0,0,0,0,0,0,0,0,0,0,0,0,1,Ljudi ili bližoj okolini imam ljude inženjerskih zanimanja | Smatram da su inženjerska zanimanja vrlo cijenjena (dobra plaća | velika mogućnost profesionalnog usavršavanja | ...),4,"Ako je zadatak takav da ga ne znam ni započeti, onda ću definitivno prvo probati kroz nekakvu literaturu proći ili pitati nekog drugog.",135,23,4,2,"Treba poznavati fizikalne pojave, a matematika se koristi kao alat.",67,10,4,2,"Rješavanje zadataka u fizici podrazumijva da znamo fizikalne pojave u izraze, podatci uopče ne moraju biti zadani.",114,17,4,4,3,3,4,2,"Iako fizika traži poznavanje fizikalnih aspekata, mora se uzeti u obzir matematika te se određeni matematički alati moraju poznavati (jednadžbe).",145,20,3,"Svaka jednadžba nešto označava, ali više jednadžbi može ukazivati na istu situaciju ili na više određenih situacija.",116,17,4,4,5,"Skica nam znatno može pomoći jer možemo točno predočiti kako i što se događa u određenoj situaciji. Također, ne moramo zamišljati u glavi, lakše je na papiru.",158,27,2,4,4,Pogledaj pitanje br. 15.,24,4,4,4,4,4,2,4,4,5,5,5,4,4,Uvijek je lakše ako postoje konkretni brojevi koji se mogu koristiti u zadanim izrazima nego samo simboli.,106,17,4,0,1,0,0,0,0,0,1,0,0,4,0,0,1,0,0,5,0,0,0,0,1,0,,5,0,0,0,1,0,5,0,0,0,0,1,0,,4,1,0,0,0,0,5,1,0,0,0,0,0,,3,0,0,0,0,1,3,0,1,0,0,0,0,,3,0,1,1,1,1,1,1,0,0,1,1,0,1,1,1,1,1,1,1,1,1,1,1,1,1,1,1,1,1,0,1,1,0,0.7894736842105263,78.94736842105263,0.9047619047619048,90.47619047619048,0.8,80.0,0.8181818181818182,81.81818181818183,1,1,1,0,0,0,0,0,0,0,0,0,1,1,1
8.4.2026. 14:51:29,1,0,0,0,1,0,0,0,,0,0,0,0,0,0,0,1,"Strukovnu školu (strojarsku, građevinsku, medicinsku, …)",4,5.0,3.0,2025.0,2025.0,,2.0,2.0,1,0,0,0,0,0,0,0,1,0,0,0,0,0,0,0,0,1,Smatram da su inženjerska zanimanja vrlo cijenjena (dobra plaća | velika mogućnost profesionalnog usavršavanja | ...),5, ,1,0,1,3, ,1,0,1,3, ,1,0,4,2,4,1,3,2, ,1,0,3, ,1,0,1,3,2, ,1,0,3,4,2, ,1,0,2,3,3,2,3,2,2,3,3,3,1,4, ,1,0,3,0,0,1,0,0,0,1,0,0,0,4,0,1,0,0,0,3,0,0,1,0,0,0,,2,0,0,0,1,0,4,0,1,0,0,0,0,,2,0,1,0,0,0,2,1,0,0,0,0,0,,4,0,0,0,1,0,3,0,1,0,0,0,0,,3,0,0,0,0,0,1,0,0,0,0,1,0,0,0,0,0,1,0,0,0,0,0,0,0,0,0,0,0,0,0,0,0,1,0.10526315789473684,10.526315789473683,0.14285714285714285,14.285714285714285,0.0,0.0,0.12121212121212122,12.121212121212121,0,0,0,0,1,0,0,0,0,1,0,0,1,1,0
8.4.2026. 16:07:33,1,0,0,0,1,0,0,0,,0,0,0,0,0,0,0,1,"Matematičku, prirodoslovno-matematičku gimnaziju",4,4.0,2.0,2025.0,2025.0,,3.0,,0,1,0,0,0,0,0,0,1,1,0,0,0,0,0,0,0,1,Dobro poznajem i zanima me računalo (dobro poznajem programiranje | u mogućnosti sam prilično samostalno nadograditi i popraviti software i hardware računala | ...) | Smatram da su inženjerska zanimanja vrlo cijenjena (dobra plaća | velika mogućnost profesionalnog usavršavanja | ...),2,"Mogu naći na internetu, bilješkama iz predavanja ili pitati kolegu",66,10,4,1,Bitnije je znati formule i kako zakoni fizike funkcioniraju u određenom zadatku.,80,12,2,4,Mogu se rješiti i sa više razumjevanja ali i ovo je validan način.,66,13,4,4,1,3,3,2,Bilo bi dobro razumjeti ih ali nije potrebno za prolaz.,55,10,3,"Mislim da ih sadržava puno, ali se sve izvode iz nekih osnovnih.",64,12,4,4,1,Nije mi potrebna skica za uvrštavanje vrijednosti u jednadžbu jer već znam što zadane vrijednosti predstavljaju.,112,16,2,1,1,Ne vidim potrebu.,17,3,1,1,4,3,3,5,4,3,1,5,4,2,Nema razloga zašto bi to bilo teže.,35,7,5,1,0,0,0,0,0,1,0,0,0,4,0,0,1,0,0,5,0,0,0,1,0,0,,5,0,0,0,1,0,3,0,0,0,1,0,0,,3,0,0,1,0,0,5,0,0,0,0,1,0,,5,0,0,0,1,0,4,0,0,0,1,0,0,,4,1,1,1,0,0,1,1,1,0,0,1,0,1,1,0,1,0,0,0,0,1,0,0,1,1,0,0,1,1,1,1,1,1,0.5789473684210527,57.89473684210527,0.6190476190476191,61.904761904761905,0.6,60.0,0.5757575757575758,57.57575757575758,1,0,0,0,0,0,1,1,1,1,1,1,3,2,2
8.4.2026. 22:52:53,0,1,0,0,1,0,0,0,,0,0,0,0,0,0,0,1,"Matematičku, prirodoslovno-matematičku gimnaziju",4,4.0,4.0,2025.0,2025.0,,3.0,3.0,0,1,0,0,0,0,0,0,1,1,0,0,0,0,0,0,0,1,Smatram da su inženjerska zanimanja vrlo cijenjena (dobra plaća | velika mogućnost profesionalnog usavršavanja | ...),2,Ako ne pitam profesoria ili asistenta pokušavam sama riješiti problem na razne načine,85,13,4,2,"Mislim da je bitnije znati postaviti zadatak, odnosno znati fizikalne zakone po kojima se to radi",97,16,3,4,i povezati s fizikalnim zakonima,32,5,2,4,2,4,3,4,Većinom ne razmišljam previše zašto je takva jednadžba,54,8,3,mogu se i na širokom području korisitit,39,7,3,2,5,skica mi puno pomogne,21,4,5,4,4,lakše mi je tako shvatiti zadatak,33,6,3,2,3,3,3,5,4,3,2,3,4,4,lakše je i orobjeriti jel zadatak točan ako imam konkretne vrijednosti,70,11,2,0,1,0,0,0,0,1,0,0,0,4,0,0,1,0,0,3,0,0,0,0,1,0,,3,0,0,0,1,0,4,0,0,0,1,0,0,,3,0,1,0,0,0,4,0,0,1,0,0,0,,4,1,0,0,0,0,3,0,1,0,0,0,0,,4,1,1,1,0,0,0,1,1,1,0,0,0,0,0,1,0,1,1,0,0,0,0,0,1,1,0,0,0,1,0,0,1,1,0.42105263157894735,42.10526315789473,0.42857142857142855,42.857142857142854,0.3,30.0,0.42424242424242425,42.42424242424242,1,1,1,0,0,0,0,0,0,0,0,0,1,1,1
9.4.2026. 10:08:41,1,0,0,0,1,0,0,0,,0,0,0,0,0,0,0,1,Elektrotehničku školu,4,4.0,4.0,,2025.0,,2.0,,0,1,0,0,0,0,0,0,1,0,0,0,0,0,0,0,0,1,Dobro poznajem i zanima me računalo (dobro poznajem programiranje | u mogućnosti sam prilično samostalno nadograditi i popraviti software i hardware računala | ...),2,pokusam sam shvatit,19,3,3,4,treba i shvatiti zadatak,24,4,4,4,slazem se,9,2,5,3,1,3,4,4,donkle se slazem,16,3,4,donekle se slazem,17,3,4,3,4,lakse je rijesiti zadatak ukoliko se prikaze graficki,53,8,2,4,3,ponekad,7,1,2,3,4,4,2,4,5,3,4,4,4,4,lakse je ukoliko se dobiju brojcane vrijednosti,47,7,2,0,1,0,0,0,0,0,1,0,0,4,0,0,1,0,0,4,0,0,0,1,0,0,,3,0,0,0,0,1,2,0,1,0,0,0,0,,1,1,0,0,0,0,2,1,0,0,0,0,0,,2,0,0,0,1,0,2,0,1,0,0,0,0,,2,1,0,0,1,0,1,0,1,0,1,0,0,1,0,1,1,1,0,0,0,1,1,1,1,1,0,1,1,1,0,0,1,0,0.5263157894736842,52.63157894736842,0.5714285714285714,57.14285714285714,0.8,80.0,0.5454545454545454,54.54545454545454,1,0,0,0,1,0,0,0,0,1,0,0,2,1,0
9.4.2026. 10:47:01,1,0,1,0,0,0,0,0,,0,0,0,0,0,0,0,1,Klasičnu gimnaziju,2,,,2001.0,2001.0,,2.0,2.0,0,1,0,0,0,0,0,0,0,1,0,0,0,0,0,0,0,0,,3,3,1,1,1,2,3,1,1,1,1,Da,2,1,3,2,3,3,3,3,"Da
",3,1,3,"Da
",3,1,3,3,3,Da,2,1,3,3,3,"Da

",4,1,3,3,3,3,3,3,3,3,3,3,3,3,Da,2,1,3,1,0,0,0,0,0,1,0,0,0,3,1,0,0,0,0,2,0,0,0,0,0,1,VI) Niti jedno od ponuđenih fizikalnih obrazloženja ne opisuje moje razmišljanje; moje fizikalno obrazloženje je:,2,0,0,0,1,0,3,1,0,0,0,0,0,,1,1,0,0,0,0,4,1,0,0,0,0,0,,1,0,0,1,0,0,3,0,0,1,0,0,0,,3,0,0,1,0,1,0,0,0,0,0,0,0,0,0,0,0,0,0,0,0,0,0,0,0,0,0,0,0,0,0,0,1,1,0.15789473684210525,15.789473684210526,0.14285714285714285,14.285714285714285,0.0,0.0,0.12121212121212122,12.121212121212121,0,0,0,0,0,0,0,0,0,0,0,0,0,0,0
9.4.2026. 10:52:40,1,0,0,0,1,0,0,0,,0,0,0,0,0,0,0,1,Elektrotehničku školu,2,5.0,3.0,2025.0,2025.0,,3.0,2.0,1,0,0,0,0,0,0,0,1,0,0,0,0,0,0,0,0,1,Ljudi ili bližoj okolini imam ljude inženjerskih zanimanja | Smatram da su inženjerska zanimanja vrlo cijenjena (dobra plaća | velika mogućnost profesionalnog usavršavanja | ...),2,Koristim chatgpt,16,2,3,4,Važno je i znati kako početi,28,6,3,4,Slažem se,9,2,4,4,2,4,3,3,da,2,1,5,da,2,1,3,3,4,vrlo je to korisno ,19,4,3,2,2,Zašto bih ako nemam razloga ,28,5,2,2,4,3,3,3,2,4,2,4,4,3,Mislim da je lakše s brojevima ,31,6,3,0,1,0,0,0,0,0,1,0,0,4,0,0,1,0,0,3,0,0,0,1,0,0,,3,0,0,0,1,0,2,0,0,0,1,0,0,,2,0,0,1,0,0,3,0,0,0,0,1,0,,3,0,1,0,0,0,3,1,0,0,0,0,0,,3,1,0,0,0,0,1,1,1,1,0,0,0,0,0,1,0,0,0,0,0,1,0,0,0,0,1,0,1,1,0,0,1,0,0.42105263157894735,42.10526315789473,0.2857142857142857,28.57142857142857,0.3,30.0,0.3333333333333333,33.33333333333333,1,0,0,0,0,0,1,1,1,0,0,0,2,1,1
9.4.2026. 10:53:01,0,1,0,0,0,1,0,0,,0,0,0,0,0,0,0,1,Opću gimnaziju,4,4.0,4.0,2025.0,2025.0,,3.0,4.0,1,0,0,0,0,0,0,0,1,0,0,0,0,0,0,0,0,1,Pokazujem sklonost prema praktičnom radu (izrađujem makete | jednostavne uređaje | spretno koristim različite mjerne instrumente | mogu obavljati različite kućne popravke | ...)),1,Pokušavam sama riješiti i potruditi se. ,40,6,3,3,Bitno je i razumjeti. ,22,4,3,3,"Potrebno je prvo postaviti jednadzbe i razmisliti o tome, a onda krenuti u matematički izračun. ",96,15,5,4,1,3,3,3,Potrebo je razumjeti jednadzbe jer se time postavlja zadatak. ,62,9,5,Sve je receno slažem se. ,25,5,3,3,3,Tako dobijem uvid i vizualno si bolje predoćim. ,48,8,3,3,3,Nekada ne crtam dijagrame i skice ako je rjesanje vidljivo i bez toga. ,71,13,3,3,3,3,3,3,3,3,3,4,2,4,Kada imamo konkretne vrijednosti to nam pojednostavljuju racun. ,64,8,2,0,0,0,1,0,0,1,0,0,0,4,0,0,0,1,0,1,0,0,1,0,0,0,,2,0,1,0,0,0,1,0,0,1,0,0,0,,2,0,0,0,1,0,2,0,1,0,0,0,0,,1,0,1,0,0,0,2,0,0,1,0,0,0,,1,1,0,0,0,0,1,1,1,0,0,0,0,0,0,0,0,0,0,0,0,0,0,0,0,0,0,0,1,0,0,0,0,1,0.21052631578947367,21.052631578947366,0.09523809523809523,9.523809523809524,0.2,20.0,0.18181818181818182,18.181818181818183,0,0,0,1,0,0,0,0,0,0,0,0,1,0,0
9.4.2026. 10:53:24,0,1,0,0,1,0,0,0,,0,0,0,0,0,0,0,1,"Matematičku, prirodoslovno-matematičku gimnaziju",4,5.0,5.0,2025.0,2025.0,,4.0,2.0,1,0,0,0,0,0,0,0,1,0,0,0,0,0,0,0,0,1,Dobro poznajem i zanima me računalo (dobro poznajem programiranje | u mogućnosti sam prilično samostalno nadograditi i popraviti software i hardware računala | ...) | Tijekom dosadašnjeg obrazovanja često smo u suradnji s nastavnicima obavljali i osmišljavali zanimljive eksperimente iz fizike i drugih predmeta iz STEM područja,2,trudim se sama naći način,25,5,2,3,"bitno je razumiti fizikalno, ali na kraju je bitna i matematika",63,11,5,3,"slažem se, ali ne bitno i razumijevanje",39,7,2,2,1,2,4,4,"nekada mi nisu intuitivne, ali kada razmislim razumijem ih",58,9,4,"neke se odnose, a neke ne",25,6,3,3,4,Nekada mi vizualna pomoc treba,30,5,3,2,4,Ušlo mi je u naviku jer pomogne,31,7,3,3,4,2,1,3,4,2,4,4,3,3,Ovisi o situaciji i gradivu,27,5,3,0,0,1,0,0,0,1,0,0,0,3,0,1,0,0,0,3,1,0,0,0,0,0,,1,0,0,0,1,0,4,0,0,1,0,0,0,,3,0,0,0,1,0,3,0,1,0,0,0,0,,1,1,0,0,0,0,2,0,1,0,0,0,0,,1,1,0,0,1,0,0,0,1,0,1,0,0,0,0,1,0,0,1,0,0,1,0,1,0,1,0,1,1,0,0,0,0,1,0.3157894736842105,31.57894736842105,0.3333333333333333,33.33333333333333,0.4,40.0,0.36363636363636365,36.36363636363637,0,0,0,0,0,0,0,0,0,0,0,0,0,0,0
9.4.2026. 10:54:38,1,0,0,0,1,0,0,0,,0,0,0,0,0,0,0,1,"Matematičku, prirodoslovno-matematičku gimnaziju",4,4.0,4.0,2025.0,2025.0,,3.0,3.0,1,0,0,0,0,0,0,0,1,0,0,0,0,0,0,0,0,1,Smatram da su inženjerska zanimanja vrlo cijenjena (dobra plaća | velika mogućnost profesionalnog usavršavanja | ...) | Tijekom dosadašnjeg obrazovanja često smo u suradnji s nastavnicima obavljali i osmišljavali zanimljive eksperimente iz fizike i drugih predmeta iz STEM područja,3,"Ako neznam odajke poceti, pocnem pisanjem neceg sta znam pa dok ne dodjemo do necega sto je vezano za zadatak.",110,20,4,4,"Matematika je kvljucan dio, ali treba prvo donijeti neke fizikalne zakljucke.",77,11,5,4,To je to ubiti.,15,4,3,4,1,3,3,1,Treba ih se rezumijeti.,23,4,4,Ima ocenitih ali ima i specificnih,34,6,4,4,4,Da je,5,2,2,3,3,"Nemora se traziti, ali pomaze.",30,5,3,3,4,4,3,3,4,5,2,5,4,2,Maltene isto.,13,2,4,1,0,0,0,0,0,0,1,0,0,4,0,0,0,0,1,5,0,0,0,0,1,0,,5,0,0,0,1,0,5,0,0,0,1,0,0,,5,0,0,1,0,0,5,0,0,0,1,0,0,,4,0,1,0,0,0,5,1,0,0,0,0,0,,4,0,1,0,1,0,0,1,1,0,0,1,0,1,1,1,1,0,0,0,0,1,1,0,0,1,1,0,1,1,1,1,1,0,0.631578947368421,63.1578947368421,0.6190476190476191,61.904761904761905,0.5,50.0,0.5454545454545454,54.54545454545454,0,1,0,0,0,0,1,0,0,0,0,0,1,1,0
9.4.2026. 10:55:19,1,0,0,0,1,0,0,0,,0,0,0,0,0,0,0,1,Elektrotehničku školu,4,5.0,5.0,2025.0,2025.0,,2.0,2.0,1,0,0,0,0,0,0,0,1,0,0,0,0,0,0,1,0,1,Smatram da su inženjerska zanimanja vrlo cijenjena (dobra plaća | velika mogućnost profesionalnog usavršavanja | ...),4,Pa znam nesto al ne znam dovoljno za zapocet,44,9,5,4,Pa treba znati koje komponente iz fizike se koriste u matematickom postupku,75,12,5,5,Sve je receno,13,3,3,5,4,5,5,5,Ne znam kako cu drugacije osim jednadzbi,40,7,5,Sve je receno,13,3,4,4,5,Skica pomaze predociti situaciju u zadatku i tako olaksava rjesavanje,69,10,3,3,2,Necu crtat ako ne moram,23,5,1,5,5,4,3,5,3,2,1,3,5,1,Nekako je lakse kad su brojevi u pitanju,40,8,1,0,1,0,0,0,1,0,0,0,0,4,1,0,0,0,0,1,1,0,0,0,0,0,,1,1,0,0,0,0,1,1,0,0,0,0,0,,1,1,0,0,0,0,1,1,0,0,0,0,0,,1,1,0,0,0,0,1,1,0,0,0,0,0,,1,0,1,0,1,0,0,1,0,1,1,0,0,1,1,1,0,0,0,0,1,1,1,0,1,0,0,0,0,1,1,0,1,1,0.631578947368421,63.1578947368421,0.5238095238095238,52.38095238095239,0.6,60.0,0.48484848484848486,48.484848484848484,0,0,0,0,0,0,0,0,0,0,0,0,0,0,0
9.4.2026. 10:55:42,1,0,0,0,1,0,0,0,,0,0,0,0,0,0,0,1,Elektrotehničku školu,4,4.0,5.0,2025.0,2025.0,,3.0,3.0,1,0,0,0,0,0,0,0,1,1,0,0,0,0,0,0,0,1,Smatram da su inženjerska zanimanja vrlo cijenjena (dobra plaća | velika mogućnost profesionalnog usavršavanja | ...),3,Nekad da nekad ne,17,4,4,1,Vazno je znati zakone fizike,28,5,5,4,Da,2,1,2,5,3,5,5,4,Ne mora biti intuitivno da bi bilo tocno,40,8,3,Neke su opcenite a neke su specificne,37,7,4,4,5,Uvijek crtam skicu ili dijagram,31,5,2,2,5,Uvijek crtam,12,2,4,5,4,5,2,4,5,1,3,4,5,1,Isto je,7,2,4,0,0,0,1,0,0,0,1,0,0,4,0,1,0,0,0,2,0,0,0,1,0,0,,1,0,0,1,0,0,1,0,1,0,0,0,0,,1,0,0,0,0,1,1,0,0,1,0,0,0,,1,0,0,0,1,0,1,0,0,1,0,0,0,,1,0,1,1,1,0,0,1,0,1,1,0,0,1,1,1,1,0,1,1,1,1,1,1,1,1,0,0,1,1,1,1,0,0,0.631578947368421,63.1578947368421,0.7619047619047619,76.19047619047619,0.8,80.0,0.6666666666666666,66.66666666666666,0,0,0,0,1,0,0,0,0,1,0,0,1,1,0
9.4.2026. 10:56:08,1,0,0,0,1,0,0,0,,0,0,0,0,0,0,0,1,Elektrotehničku školu,4,5.0,5.0,2025.0,2025.0,,3.0,2.0,1,0,0,0,0,0,0,0,1,0,0,0,0,0,0,0,0,1,Pokazujem sklonost prema praktičnom radu (izrađujem makete | jednostavne uređaje | spretno koristim različite mjerne instrumente | mogu obavljati različite kućne popravke | ...)),3,-,1,1,2,3,Fiziklani dio zadatka je isto jako bitan,40,7,3,4,Slazem se,9,2,4,3,1,4,4,2,Jednadzbe treba razumjeti,25,3,1,Neke jednadbe se koriste za vise situacija,42,7,4,4,5,Skica je od velike pomoci,25,5,2,2,5,Skica pomaze,12,2,2,2,4,3,2,3,4,2,1,4,4,4,Kad su neke velicine poznate odosno brojke su lakse je,54,10,1,0,1,0,0,0,0,1,0,0,0,4,0,0,0,0,1,1,0,1,0,0,0,0,,1,0,0,0,1,0,2,0,1,0,0,0,0,,1,0,0,1,0,0,1,1,0,0,0,0,0,,1,1,0,0,0,0,1,0,1,0,0,0,0,,1,0,0,0,0,0,1,0,1,1,1,1,1,1,1,1,1,0,1,0,0,1,0,1,0,1,0,0,1,1,0,0,1,1,0.6842105263157895,68.42105263157895,0.5714285714285714,57.14285714285714,0.4,40.0,0.5454545454545454,54.54545454545454,0,0,0,0,1,0,1,0,0,0,0,0,1,1,0
9.4.2026. 10:59:20,1,0,0,0,1,0,0,0,,0,0,0,0,0,0,0,1,Klasičnu gimnaziju,4,3.0,3.0,2025.0,2025.0,,3.0,3.0,1,0,0,0,0,0,0,0,1,1,0,0,0,0,0,0,0,1,Smatram da su inženjerska zanimanja vrlo cijenjena (dobra plaća | velika mogućnost profesionalnog usavršavanja | ...),2,Idgaf,5,1,5,3,Fuck you,8,2,5,4,Neću,4,1,4,2,1,2,5,2,Zašto bi to napravio?,21,4,2,Ovo ni sam ne kontam šta pita,29,7,5,5,5,Volim crtati :P,15,3,5,5,5,Volim crtati :P,15,3,5,1,4,5,5,1,4,5,5,5,5,5,:(,2,1,1,0,0,0,0,1,0,0,0,1,0,4,0,0,1,0,0,5,0,0,0,1,0,0,,5,0,0,0,1,0,5,0,0,0,1,0,0,,5,0,1,0,0,0,5,0,0,1,0,0,0,,5,0,0,0,1,0,5,0,0,0,1,0,0,,5,1,1,0,1,0,1,0,1,0,1,1,1,1,1,1,0,1,1,1,0,1,1,0,0,1,1,1,1,1,0,0,0,0,0.6842105263157895,68.42105263157895,0.6190476190476191,61.904761904761905,0.6,60.0,0.6363636363636364,63.63636363636363,1,0,0,0,0,0,0,0,0,1,1,1,2,1,1
9.4.2026. 11:00:05,1,0,0,1,0,0,0,0,,0,0,0,0,0,0,0,1,Elektrotehničku školu,4,5.0,5.0,2025.0,2025.0,,3.0,3.0,0,0,1,0,0,0,0,0,1,1,0,0,0,0,0,0,0,1,Pokazujem sklonost prema praktičnom radu (izrađujem makete | jednostavne uređaje | spretno koristim različite mjerne instrumente | mogu obavljati različite kućne popravke | ...)) | Smatram da su inženjerska zanimanja vrlo cijenjena (dobra plaća | velika mogućnost profesionalnog usavršavanja | ...),2,Pitam kolege i istrazim na internetu ili dobivenoj literaturi,61,9,5,4,Matematika je alat koji nam je potreban za rijesit zadatke iz fizike,68,12,4,5,Uvrstavanje brojeva kada smo napisali sve jednadžbe zakona zadatka,66,9,4,4,1,3,5,2,Intuitivne su jednadžbe te se njihovim razumijevanjem može riješiti zadatak,75,10,5,Svaka situacija ima svoje fizikalne zakone,42,6,4,5,5,Lakše je riješiti uz skicu,26,5,1,5,5,Bolje je razumijevanje uz skicu,31,5,2,5,4,5,2,5,5,3,2,5,4,2,Lakše je baratat s brojevima,28,5,4,0,0,1,0,0,0,0,0,1,0,4,0,0,0,1,0,4,0,1,0,0,0,0,,4,0,0,0,1,0,4,0,0,0,1,0,0,,4,0,0,0,0,1,4,0,0,0,0,1,0,,4,1,0,0,0,0,2,0,1,0,0,0,0,,4,1,1,0,1,0,1,1,1,0,1,1,0,1,1,1,1,1,1,0,1,1,1,1,1,1,0,0,1,1,1,1,0,0,0.6842105263157895,68.42105263157895,0.7619047619047619,76.19047619047619,0.9,90.0,0.7272727272727273,72.72727272727273,0,0,0,0,0,0,0,1,0,0,0,0,0,1,0
9.4.2026. 11:00:17,0,1,0,0,1,0,0,0,,0,0,0,0,0,0,0,1,"Matematičku, prirodoslovno-matematičku gimnaziju",4,5.0,5.0,2025.0,2025.0,,4.0,3.0,1,0,0,0,0,0,0,0,1,0,0,0,0,0,0,0,0,1,Smatram da su inženjerska zanimanja vrlo cijenjena (dobra plaća | velika mogućnost profesionalnog usavršavanja | ...) | Tijekom dosadašnjeg obrazovanja često smo u suradnji s nastavnicima obavljali i osmišljavali zanimljive eksperimente iz fizike i drugih predmeta iz STEM područja,2,Ukoliko imam dovoljno vremena pokušat ću razmisliti malo bolje i riješiti zadatak ,82,12,5,1,Ako ne znamo fizikalne zakone i kako postaviti zadatak ne možemo ni doći do matematičkog dijela,95,16,5,3,"Više se odnosi na povezivanje fizikalnih zakona i problema u zadatku, a nakon toga tek uvrštavanje vrijednosti ",111,17,4,5,1,3,5,1,Jednadžbe proizlaze iz fizikalnih zakona te su zbog toga intuitivne i ne trebaju se učiti na pamet,98,17,3,Ponekad se više istih ili sličnih jednadžbi odnosi na različite situacije,73,11,5,4,3,Nekada je moguće jednako lako riješiti i bez skice,50,9,4,4,2,Ukoliko mi ne treba skica za razumijevanje zadatka ne crtam ju,62,11,2,4,5,5,2,5,5,4,3,4,4,1,Jednako je rješavati ukoliko razmijem postupak,46,6,4,0,1,0,0,0,0,0,1,0,0,4,0,0,1,0,0,1,0,0,0,1,0,0,,1,0,0,0,1,0,1,1,0,0,0,0,0,,1,1,0,0,0,0,1,1,0,0,0,0,0,,1,0,0,0,0,1,1,0,0,0,0,1,0,,1,1,1,1,1,0,1,1,1,0,1,1,0,1,1,0,0,1,0,0,1,1,1,1,1,1,1,0,1,1,1,1,1,0,0.6842105263157895,68.42105263157895,0.7619047619047619,76.19047619047619,0.9,90.0,0.7272727272727273,72.72727272727273,1,0,0,0,0,0,0,0,0,0,0,0,1,0,0
9.4.2026. 11:00:30,1,0,0,0,1,0,0,0,,0,0,0,0,0,0,0,1,"Matematičku, prirodoslovno-matematičku gimnaziju",4,3.0,3.0,2025.0,2025.0,,2.0,3.0,1,0,0,0,0,0,0,0,1,0,0,0,0,0,0,0,0,1,Pokazujem sklonost prema praktičnom radu (izrađujem makete | jednostavne uređaje | spretno koristim različite mjerne instrumente | mogu obavljati različite kućne popravke | ...)) | Ljudi ili bližoj okolini imam ljude inženjerskih zanimanja,4,Nekad mi je potrebna pomoc pri pocetku rjesavanja.,50,8,4,3,Teze mi je rijesiti fizikalni dio.,34,6,4,3,Povezivanje fizikalnih zakona te potom njihovo racunanje.,57,7,4,4,2,2,4,2,Potrebno je razumjeti jednazdbe kako bismo ih ispravno koristili.,65,9,3,Mislim da sadrzi vise osnovnih jednadzbi iz kojih se ostale izvode.,67,11,3,4,5,Skica dobro dodje pri rjesavanju zadatka jer se problem pojednostavi.,69,10,4,2,2,Ako smatram da nije potrebno nacrtati skicu onda je necu nacrtati.,66,11,4,2,4,3,5,3,3,2,2,4,4,5,Teze je.,8,2,2,0,1,0,0,0,0,0,1,0,0,4,0,0,1,0,0,5,0,0,0,1,0,0,,5,0,0,0,1,0,5,0,1,0,0,0,0,,5,0,0,1,0,0,2,0,1,0,0,0,0,,3,1,0,0,0,0,5,0,1,0,0,0,0,,5,0,1,0,1,0,1,1,1,0,1,1,0,0,1,1,0,0,0,1,0,1,0,0,0,0,0,0,1,1,0,0,1,0,0.5263157894736842,52.63157894736842,0.38095238095238093,38.095238095238095,0.2,20.0,0.42424242424242425,42.42424242424242,1,0,0,0,1,0,1,0,0,0,0,0,2,1,0
9.4.2026. 11:02:21,1,0,0,0,1,0,0,0,,0,0,0,0,0,0,0,1,Elektrotehničku školu,4,3.0,2.0,2025.0,2025.0,,2.0,2.0,0,0,1,0,0,0,0,0,1,0,0,0,0,0,0,0,0,1,Pokazujem sklonost prema praktičnom radu (izrađujem makete | jednostavne uređaje | spretno koristim različite mjerne instrumente | mogu obavljati različite kućne popravke | ...)),5,U srednjoj školi nisam uspio steći potrebno znanje,50,8,3,4,Potrebno je zadatak znaci i fizikalno razumjeti,47,7,3,3,Nije samo povezivanje sa jednadžbama nego i povezivanje sa teorijskim dijelom,77,11,2,3,4,3,3,3,Ako nisu intuitivne teško ih koristim za rješavanje ,52,8,3,"Ne mora uvijek biti neka specifična situacija, situacija može varirati",70,10,2,2,4,Skica znatno olakšava rješavanje zadataka ,42,5,4,2,4,Crtam skice jer mi one dodatno pojašnjavaju zadani problem,58,9,2,2,4,3,5,2,3,4,1,1,3,4,Nekada je lakše riješiti zadatak sa simbolima jer se neki izrazi mogu pojednostaviti,84,13,4,0,1,0,0,0,0,0,0,1,0,3,0,0,1,0,0,4,0,0,0,1,0,0,,4,0,0,0,1,0,3,0,0,0,1,0,0,,3,1,0,0,0,0,2,1,0,0,0,0,0,,3,1,0,0,0,0,3,0,1,0,0,0,0,,3,0,0,0,0,0,0,0,0,0,0,0,0,0,0,1,0,0,1,0,0,1,0,0,0,0,1,0,0,0,0,1,1,0,0.21052631578947367,21.052631578947366,0.2857142857142857,28.57142857142857,0.0,0.0,0.18181818181818182,18.181818181818183,1,0,0,0,0,0,0,0,0,0,0,0,1,0,0
9.4.2026. 11:02:57,1,0,0,0,1,0,0,0,,0,0,0,0,0,0,0,1,"Matematičku, prirodoslovno-matematičku gimnaziju",4,2.0,4.0,2025.0,2025.0,,3.0,,1,0,0,0,0,0,0,0,1,0,0,0,0,0,0,0,0,1,Pokazujem sklonost prema praktičnom radu (izrađujem makete | jednostavne uređaje | spretno koristim različite mjerne instrumente | mogu obavljati različite kućne popravke | ...)) | Ljudi ili bližoj okolini imam ljude inženjerskih zanimanja | Smatram da su inženjerska zanimanja vrlo cijenjena (dobra plaća | velika mogućnost profesionalnog usavršavanja | ...),2,"Pokušam kroz literaturu naći odgovor na pitanje, umjetna inteligencija ili upit kolegi studentu.",96,13,4,4,Nemam toliki problem s matematickim postupkom koliko s prepoznavanjem valjane metode i postupka fizikalnog zadatka,114,15,4,4,U pravilu za neke lakse zadatke to je tako no sve je teze i kompleksnije voditi se samo tom metodom.,100,20,5,4,3,3,5,4,Kada prepoznam ispravnu logiku zadatka odnosno slijed jednadzba mi daje kljucni dio zadatka bez obzira na to sto je sa samog pocetka intuitivno ne vidim.,153,25,5,Najcesce osnovni vec zadani oblici formule ne znace nista vec se uvijek nadje neka začkoljica koja me kosta zadatka,115,19,4,5,5,Ne vidim cijeli smisao i dubinu zadatka ono sto se od mene trazi ukoliko ne skiciram,84,16,4,3,2,Kada nesto uocim i siguran sam u to necu praviti skicu za nesta ocito sto se i podrazumijeva,92,18,4,2,4,5,5,4,2,2,2,4,5,5,Oduvijek imam problem da si ne mogu predociti algebarske vrijednosti u usporedbi s brojcanim vrijesnostima jer kada radim s brojcanim vrijednostima imam okvirno ciljano rijesenje u glavi koje mi ima smisla za razliku od izraza.,227,35,2,0,0,1,0,0,0,0,1,0,0,4,0,0,0,0,1,2,0,1,0,0,0,0,,4,0,0,0,1,0,4,0,0,0,1,0,0,,4,0,0,0,0,1,1,0,0,0,1,0,0,,1,1,0,0,0,0,4,0,1,0,0,0,0,,4,1,1,0,1,0,1,1,0,0,1,0,0,1,1,1,0,0,0,1,0,1,1,0,1,0,0,0,1,1,0,0,0,0,0.5263157894736842,52.63157894736842,0.42857142857142855,42.857142857142854,0.6,60.0,0.45454545454545453,45.45454545454545,0,0,0,0,0,0,0,0,0,0,0,0,0,0,0
9.4.2026. 11:03:17,1,0,0,0,1,0,0,0,,0,0,0,0,0,0,0,1,Elektrotehničku školu,4,3.0,4.0,2025.0,2025.0,,3.0,4.0,1,0,0,0,0,0,0,0,1,0,0,0,0,0,0,0,0,1,Pokazujem sklonost prema praktičnom radu (izrađujem makete | jednostavne uređaje | spretno koristim različite mjerne instrumente | mogu obavljati različite kućne popravke | ...)) | Smatram da su inženjerska zanimanja vrlo cijenjena (dobra plaća | velika mogućnost profesionalnog usavršavanja | ...),4,Prvi korak pri rješavanju mi je uvijek najteži,46,8,4,2,Meni je postavljanje zadatka više od pola posla a matematika je ostatak,71,12,4,4,Jednadžbe opisuju fiziklane pojave uglavnom,43,5,3,4,2,4,3,2,"Jedino što smatram da nije potrebno razumijeti po intuiciji su konstante, ali ostalo moram razumijeti na što se odnosi",118,19,2,Neke jednadžbe iz nekih dijelova fizike su jako slične (npr. gravitacijska sila dvaju tijela i Coulombov zakon slično izgledaju),128,19,4,4,5,Teško mi je vizualizirati zadatak bez skice,43,7,4,4,4,Jednostavno mi je lakše sa skicom,33,6,4,2,2,4,1,1,5,5,3,4,4,4,S brojevima imam manje izraza nego sa simbolima,47,8,4,0,0,0,1,0,0,0,0,1,0,4,0,0,1,0,0,2,0,0,0,1,0,0,,2,0,0,0,1,0,2,0,0,1,0,0,0,,2,0,1,0,0,0,2,0,0,0,0,1,0,,2,0,1,0,0,0,2,0,0,0,1,0,0,,1,0,1,1,1,0,0,1,1,1,0,1,1,1,1,1,0,1,1,1,0,0,1,1,0,1,1,0,1,1,0,1,0,0,0.631578947368421,63.1578947368421,0.6190476190476191,61.904761904761905,0.5,50.0,0.6363636363636364,63.63636363636363,1,0,0,0,0,0,0,1,0,0,1,0,1,2,0
9.4.2026. 11:04:12,0,1,0,0,1,0,0,0,,0,0,0,0,0,0,0,1,Opću gimnaziju,4,3.0,4.0,2025.0,2025.0,,2.0,2.0,1,0,0,0,0,0,0,0,0,0,0,0,0,0,0,0,0,1,Ljudi ili bližoj okolini imam ljude inženjerskih zanimanja | Smatram da su inženjerska zanimanja vrlo cijenjena (dobra plaća | velika mogućnost profesionalnog usavršavanja | ...),1,Pomoć mogu potražiti i drugdje,30,5,3,3,Ako se prvi dio ne odradi dobro neće valjati niti drugi,55,11,5,5,Da kako bi kasnije mogli nešto zaključiti na osnovu tog broja,61,11,5,5,1,3,5,1,"Iako ih uglavnom učimo napamet, one zapravo opisuju odnose između stvari u njima",80,13,3,Nije svaki zadatak isti i nekada je potrebo prilagoditi jednadžbu,65,10,5,4,5,Skica pomogne za lakše razumijevanje zadatka,44,6,2,5,5,Olakša razumijevanje zadatka,28,3,3,5,5,5,1,4,5,2,3,5,5,4,Kada imamo konkretne brojeve često možemo i “namjestiti” rezultat,65,9,4,0,0,1,0,0,0,0,1,0,0,4,0,0,1,0,0,3,0,0,0,1,0,0,,3,0,0,0,1,0,2,0,0,0,1,0,0,,2,0,0,0,1,0,2,0,0,1,0,0,0,,2,1,0,0,0,0,3,0,1,0,0,0,0,,3,1,0,0,1,0,1,1,1,0,1,1,0,1,1,1,1,1,1,0,1,1,1,1,1,1,0,0,1,1,0,1,0,0,0.631578947368421,63.1578947368421,0.7142857142857143,71.42857142857143,0.8,80.0,0.6666666666666666,66.66666666666666,1,0,0,0,0,0,0,0,0,0,0,0,1,0,0
9.4.2026. 11:05:16,1,0,0,0,1,0,0,0,,0,0,0,0,0,0,0,1,"Matematičku, prirodoslovno-matematičku gimnaziju",4,4.0,4.0,2025.0,2025.0,,4.0,3.0,1,0,0,0,0,0,0,0,1,0,0,0,0,0,0,0,0,1,Pokazujem sklonost prema praktičnom radu (izrađujem makete | jednostavne uređaje | spretno koristim različite mjerne instrumente | mogu obavljati različite kućne popravke | ...)) | Smatram da su inženjerska zanimanja vrlo cijenjena (dobra plaća | velika mogućnost profesionalnog usavršavanja | ...),2,"Postoje knjige, AI modele i ostali studenti koji mi mogu pomoći.",64,11,4,3,Skica pomaže razumijeti zadatak puno više nego formule,54,8,5,4,U to spada i skiciranje,23,5,4,5,1,3,5,2,Bitno je razumjeti ih jer je teško zaključiti što se događa ako ne znamo što jednadžba radi,91,17,2,Skoro sve jednadžbe se svode na jednostavnije jednadžbe koje uvijek vrijede,75,11,4,4,5,Skice i dijagrami jako pomažu u određivanju jednadžbi,53,8,4,5,5,Skice i dijagrami pomažu shvatiti što se događa u zadatku,57,10,4,2,5,4,2,5,5,4,2,5,5,4,Simboli ne daju rješenja o kojima možemo promišljati,52,8,3,0,1,0,0,0,0,1,0,0,0,4,0,0,1,0,0,5,0,0,0,0,0,1,"Ako su kugle istog oblika, vrijeme padanja je jednako",5,0,0,0,1,0,4,0,0,0,1,0,0,,3,0,0,1,0,0,3,0,0,0,0,1,0,,3,0,1,0,0,0,4,1,0,0,0,0,0,,4,1,1,0,1,0,1,1,1,0,1,1,1,1,1,1,0,1,1,1,0,1,1,1,1,1,1,0,1,1,0,0,1,1,0.8421052631578947,84.21052631578947,0.7619047619047619,76.19047619047619,0.7,70.0,0.7575757575757576,75.75757575757575,1,0,0,0,0,0,1,1,1,0,0,0,2,1,1
9.4.2026. 11:05:19,1,0,0,0,1,0,0,0,,0,0,0,0,0,0,0,1,Opću gimnaziju,4,4.0,4.0,2025.0,2025.0,,3.0,2.0,1,0,0,0,0,0,0,0,1,0,0,0,0,0,0,0,0,1,Pokazujem sklonost prema praktičnom radu (izrađujem makete | jednostavne uređaje | spretno koristim različite mjerne instrumente | mogu obavljati različite kućne popravke | ...)) | Dobro poznajem i zanima me računalo (dobro poznajem programiranje | u mogućnosti sam prilično samostalno nadograditi i popraviti software i hardware računala | ...) | Smatram da su inženjerska zanimanja vrlo cijenjena (dobra plaća | velika mogućnost profesionalnog usavršavanja | ...),1,"Kada ne znam riješiti zadatak, potrudim se sam shvatiti i ako ne ide onda pitam kolege ili potražim na internetu.",113,20,4,3,"Matematički dio je zahtjevan dio, ali po meni zadaci su osmišljeni tako da je fizikalni dio, onaj za koji treba znanje teorije fizike, nešto zahtjevniji nego matematički dio.",174,28,3,1,Iz svakog zadatka treba izvući poantu i zaključiti nešto pomoću naporna vlastite misli.,87,13,4,3,1,2,4,3,Bitno je graditi iskustvo rješavajući veću količinu zadataka.,61,8,1,Postoje brojne formule koje su korisne za razna područja fizike.,64,10,4,4,5,Uz skicu mi je lakše razumijeti zadatak jer sam “visual learner”. ,66,11,2,5,5,Uz skicu mi je lakše riješiti zadatak.,38,7,5,5,4,2,1,5,5,5,3,5,5,2,Pomoću simbola je elegantnije doći do konačne jednadžbe te u nju samo uvrstiti dobivene vrijednosti.,100,15,5,0,1,0,0,0,0,0,0,1,0,4,0,0,0,0,1,4,0,1,0,0,0,0,,3,0,0,0,1,0,3,0,0,1,0,0,0,,3,1,0,0,0,0,4,1,0,0,0,0,0,,4,0,0,0,0,1,2,0,0,0,0,1,0,,2,1,1,0,0,1,1,0,1,0,1,0,1,1,1,1,1,1,1,1,1,1,0,1,1,1,1,0,1,1,1,1,1,0,0.7368421052631579,73.68421052631578,0.8095238095238095,80.95238095238095,0.8,80.0,0.7575757575757576,75.75757575757575,0,0,0,0,0,0,0,0,0,0,0,0,0,0,0
9.4.2026. 11:05:29,1,0,0,0,1,0,0,0,,0,0,0,0,0,0,0,1,Elektrotehničku školu,4,4.0,4.0,2025.0,2025.0,,2.0,2.0,1,0,0,0,0,0,0,0,1,1,0,0,0,0,0,0,0,0,,3,Trudim se razmisliti o mogućim pristupima za riješavanje zadatka,64,9,2,4,Mislim da je znanje iz matematike itekako potrebno za uspješno riješavanje zadatka,82,12,5,4,Smatram da moram znati jednadžbe i zakone kako bih uspješno riješio zadatak,75,12,1,4,1,4,4,3,"Mislim da su jednadžbe stvar rutine i znanje iz prethodnih zadataka, iako mogu biti i intuitivne.",97,16,4,Smatram da sadržava puno jednadžbi,34,5,3,4,2,"Za neke zadatke skica pomogne, kao npr. zadaci u kojima djeluje više sila na neki predmet, ali većinu uspijevam riješiti bez skice",130,22,2,1,1,Skice crtam ako mi pomažu pri riješavanju i shvaćanju zadatka,61,10,1,3,5,4,2,3,5,3,4,5,5,5,Osobno mislim da je veća šansa pogreške u zadacima bez brojčanih vrijednosti,76,12,1,0,1,0,0,0,0,1,0,0,0,4,0,0,1,0,0,5,0,0,0,1,0,0,,5,0,0,1,0,0,3,0,1,0,0,0,0,,3,1,0,0,0,0,4,0,0,1,0,0,0,,3,0,0,0,1,0,2,1,0,0,0,0,0,,3,0,0,0,1,0,0,1,1,1,1,0,0,0,1,0,1,0,0,0,0,1,1,1,0,1,0,1,1,1,0,0,1,1,0.631578947368421,63.1578947368421,0.42857142857142855,42.857142857142854,0.5,50.0,0.48484848484848486,48.484848484848484,1,0,0,0,1,0,0,0,0,1,0,0,2,1,0
9.4.2026. 11:06:30,1,0,0,0,0,1,0,0,,0,0,0,0,0,0,0,1,"Matematičku, prirodoslovno-matematičku gimnaziju",4,4.0,4.0,2025.0,2025.0,,5.0,4.0,1,0,0,0,0,0,0,0,1,1,0,0,0,0,0,0,0,1,Pokazujem sklonost prema praktičnom radu (izrađujem makete | jednostavne uređaje | spretno koristim različite mjerne instrumente | mogu obavljati različite kućne popravke | ...)) | Smatram da su inženjerska zanimanja vrlo cijenjena (dobra plaća | velika mogućnost profesionalnog usavršavanja | ...),1,"Znam kako cu pitati osobu koja bi mi mogla pomoći jer mogu jasno izreći sto ne razumijem. Također, siguran sam u znanje profesora i asistenata te znam kako ce mi moći pomoći",173,32,4,2,Mislim kako treba razumjeti fizikalnu situaciju kako bi se problem mogao postaviti matematicki. Matematicki dio zadatka ne smatram zahtjevim jer je to samo primjenjena matematika u stvarnom svijetu,197,28,5,5,"Svaki se fizikalni problem moze postaviti u sustav odredenih jednadžbi, a te se jednadžbe prilagođavaju toj specifičnoj situaciji",129,18,4,4,1,5,5,1,Smatram kako je svaku jednadžbu potrebno razumijeti jer su one poopćeni matematički izrazi koji vrijedi u svakoj situaciji,122,18,2,"Svaki se problem moze rjesiti na više načina, a svaki se problem moze rjesiti brze ukoliko dobro postavimo jednadzbe",116,19,5,4,5,Iz skice zadatka se vrlo lako mogu postaviti jednadžbe i time olakšati zadatak. Iz skice proizlazi razumijevanje zadatka,120,18,4,5,5,Smatram kako je korisno nacrtati skicu kako bismo bili sigurni u svoje razmišljanje,83,13,4,4,5,5,2,5,5,5,4,5,5,3,"Uvedu li se brojke u zadatak, jasnije se moze pokazati odnos između pojedinih veličina nego iskljucivo simbolima",112,17,5,1,0,0,0,0,1,0,0,0,0,4,0,0,1,0,0,5,0,0,0,1,0,0,,5,0,0,0,1,0,5,0,0,0,0,1,0,,4,0,0,1,0,0,4,0,0,0,0,1,0,,5,0,0,0,1,0,5,0,0,0,1,0,0,,5,1,1,1,1,0,1,1,1,1,1,1,1,1,1,1,0,1,1,1,1,1,1,1,1,1,1,1,1,1,0,1,1,1,0.8947368421052632,89.47368421052632,0.9047619047619048,90.47619047619048,0.9,90.0,0.9090909090909091,90.9090909090909,1,0,0,0,0,0,1,1,1,1,1,1,3,2,2
9.4.2026. 11:07:57,1,0,0,0,0,1,0,0,,0,0,0,0,0,0,0,1,Elektrotehničku školu,2,5.0,5.0,2025.0,2025.0,,3.0,2.0,1,0,0,0,0,0,0,0,1,0,0,0,0,0,0,0,0,1,Smatram da su inženjerska zanimanja vrlo cijenjena (dobra plaća | velika mogućnost profesionalnog usavršavanja | ...),2,"Kada neznam iz prve riješiti nešto, nije da idem odma do nastavnika. Inače probam sam par puta pa onda iz nekih literatura probam sam naucit i onda ako baš bas neide onda odem profesoru.",186,34,4,4,"Slažem se jer ako neznamo matematiku, teško da ćemo riješiti zadatak. Sa boljim znanjem matematike možemo pojednostavniti zadatak.",130,18,4,4,"Imamo već napisane zakone, samo ih trebamo znati primijeniti i prilagoditi situaciji.",85,12,4,4,2,4,4,2,Jednadžbe treba razumijete da ih znamo koristiti,48,7,2,"Iz jedne jednadžbe možemo dobiti druge, iste ali prilagođene situaciji",70,10,4,4,5,Sa skicama je puno lakše vizualizirati zadatak,46,7,2,4,3,"Ako baš netreba skica, nacrtam je",33,6,4,4,4,5,1,5,5,5,4,5,5,2,Meni osobno nije tolko teže raditi sa simbolima jer i u brojčanim zadacima prvo nađem neki izraz nacinjen od poznatih vrijednosti i onda samo ubacujem brojke i racunam,167,28,5,0,1,0,0,0,0,1,0,0,0,4,0,0,1,0,0,5,0,0,0,1,0,0,,5,0,0,0,1,0,5,0,0,0,1,0,0,,5,0,0,1,0,0,4,0,0,0,0,1,0,,4,0,1,0,0,0,4,1,0,0,0,0,0,,4,1,1,0,1,0,1,1,1,1,1,1,1,1,1,1,1,1,0,1,1,1,1,1,1,1,1,1,1,1,1,1,1,1,0.8947368421052632,89.47368421052632,0.9047619047619048,90.47619047619048,1.0,100.0,0.9090909090909091,90.9090909090909,1,0,0,0,0,0,1,1,1,0,0,0,2,1,1
9.4.2026. 11:09:41,1,0,0,0,1,0,0,0,,0,0,0,0,0,0,0,1,Elektrotehničku školu,4,3.0,4.0,2025.0,2025.0,,2.0,2.0,1,0,0,0,0,0,0,0,0,0,0,0,0,0,0,0,0,1,Ljudi ili bližoj okolini imam ljude inženjerskih zanimanja | Smatram da su inženjerska zanimanja vrlo cijenjena (dobra plaća | velika mogućnost profesionalnog usavršavanja | ...),3,"Nekada se sjetim kasnije pa znam nastaviti, a nekada ne.",56,10,4,2,Trebamo znati što se traži i skicirati problem.,47,8,2,4,Trebamo određene jednadžbe spajati kako bismo dobili rješenje.,62,8,3,4,3,3,4,3,Bitno je vježbati rješavajući veći broj zadataka.,49,7,3,Nemam neko mišljenje o tome.,28,5,2,4,4,Skica nam puno pomogne oko toga što je traženo u zadatku.,57,11,3,2,2,Ne crtam često ako nema potrebe.,32,6,2,1,4,2,1,3,4,3,1,4,5,4,Meni je lakše kada ima brojeva.,31,6,4,0,1,0,0,0,0,0,0,1,0,4,1,0,0,0,0,4,0,1,0,0,0,0,,4,0,0,1,0,0,5,0,0,1,0,0,0,,3,1,0,0,0,0,4,1,0,0,0,0,0,,4,1,0,0,0,0,4,0,1,0,0,0,0,,4,0,1,1,0,0,0,1,0,0,1,0,0,0,1,1,0,0,0,0,0,1,0,1,0,1,0,0,1,1,0,1,1,0,0.3684210526315789,36.84210526315789,0.42857142857142855,42.857142857142854,0.3,30.0,0.3939393939393939,39.39393939393939,0,0,0,0,0,0,0,0,0,0,0,0,0,0,0
9.4.2026. 11:11:40,1,0,0,0,1,0,0,0,,0,0,0,0,0,0,0,1,Elektrotehničku školu,2,4.0,4.0,2025.0,2025.0,,2.0,2.0,1,0,0,0,0,0,0,0,1,0,0,0,0,0,0,1,0,1,Pokazujem sklonost prema praktičnom radu (izrađujem makete | jednostavne uređaje | spretno koristim različite mjerne instrumente | mogu obavljati različite kućne popravke | ...)) | Dobro poznajem i zanima me računalo (dobro poznajem programiranje | u mogućnosti sam prilično samostalno nadograditi i popraviti software i hardware računala | ...) | Ljudi ili bližoj okolini imam ljude inženjerskih zanimanja | Smatram da su inženjerska zanimanja vrlo cijenjena (dobra plaća | velika mogućnost profesionalnog usavršavanja | ...) | Nagovor roditelja (ispunjavam želju svojih roditelja),3,Nekad pogledam kako je netko drugi riješio isti zadatak ,56,9,4,4,Mislim da formule objašnjavaju postupak ali da je najbitnije konačno rješenje ,78,11,4,5,Koristimo jednadže kako bi smo izrazili tražene veličine preko zadanih,70,10,2,3,1,4,4,2,Smatram da se neke stvari mogu napraviti po intuiciji ali da su jednadžbe često neophodne ,90,15,5,Dosta formula se mogu primjenjivati samo u određenim okolnostima čak i zakoni prestaju vrijediti u određenim okolnostima,120,17,3,3,4,Iz skice su neke stvari vidljivije nego iz teksta,49,9,3,3,3,Zbog toga što je jednostavnije vidjeti iz skice,47,8,2,2,5,5,2,2,5,2,4,4,5,4,"Brojevi se često mogu skracivati u jednadžbama, a simboli ne.",61,10,1,0,1,0,0,0,0,1,0,0,0,4,0,0,1,0,0,4,0,0,0,1,0,0,,4,0,0,0,1,0,3,0,0,0,1,0,0,,3,0,0,0,1,0,3,0,1,0,0,0,0,,2,1,0,0,0,0,1,1,0,0,0,0,0,,1,0,1,0,1,0,0,0,1,1,1,1,0,0,0,1,0,0,0,0,0,1,1,1,0,1,0,1,1,1,0,0,1,1,0.5263157894736842,52.63157894736842,0.47619047619047616,47.61904761904761,0.5,50.0,0.48484848484848486,48.484848484848484,1,0,0,0,0,0,0,0,0,0,0,0,1,0,0
9.4.2026. 11:13:30,1,0,0,0,0,1,0,0,,0,0,0,0,0,0,0,1,"Matematičku, prirodoslovno-matematičku gimnaziju",4,4.0,4.0,2025.0,2025.0,,4.0,3.0,0,0,1,0,0,0,0,0,1,1,0,0,0,0,0,0,0,1,Pokazujem sklonost prema praktičnom radu (izrađujem makete | jednostavne uređaje | spretno koristim različite mjerne instrumente | mogu obavljati različite kućne popravke | ...)) | Smatram da su inženjerska zanimanja vrlo cijenjena (dobra plaća | velika mogućnost profesionalnog usavršavanja | ...),4,Često budem frustriran kada ne znam započeti rješavat zadatak te izgubim motivaciju rješiti ga u potpunosti ,108,16,1,2,mnogo važnije je uočiti ključne stvari u vezi problema jer iz toga proizlazi jednadžba i matematički dio,104,17,5,4,Uočavanje stavki zadatka i dobra skica su potrebni pri rješavanju problema ,75,11,4,5,3,4,5,2,teorijsko znanje je bitno ali može doći do pogreške pri primjeni jednadžbi ukoliko nam postane navika slijepo koristiti jednadžbe. razumijevanje jednadžbi pomaže pri sprječavanju ove greške,189,26,1,zakoni fizike su univerzalni. ,30,4,3,3,5,smatram skice temeljnim dijelom problema,40,5,3,4,2,ako nema potrebe za skicom i ako je zadatak jednostavnog tipa preskočiti ću crtanje skice,89,15,3,1,4,5,5,3,4,5,3,5,5,1,"naprotiv, lakše je pojednostaviti jednadžbu sa simbolima i ukoliko je zadatak brojčan uvrštavam brojke skroz na kraju",117,17,5,1,0,0,0,0,1,0,0,0,0,4,0,0,1,0,0,5,0,0,0,1,0,0,,5,0,0,0,1,0,5,0,0,1,0,0,0,,2,0,0,1,0,0,4,0,1,0,0,0,0,,4,1,0,0,0,0,5,0,1,0,0,0,0,,5,0,0,1,1,0,1,1,0,1,1,1,1,0,0,1,0,1,0,0,0,1,1,0,0,1,1,0,1,1,1,1,1,1,0.631578947368421,63.1578947368421,0.7142857142857143,71.42857142857143,0.4,40.0,0.6060606060606061,60.60606060606061,1,0,0,0,0,0,1,0,0,0,0,0,2,0,0
9.4.2026. 11:13:36,1,0,0,0,1,0,0,0,,0,0,0,0,0,0,0,1,"Matematičku, prirodoslovno-matematičku gimnaziju",4,5.0,4.0,2025.0,2025.0,,5.0,3.0,1,0,0,0,0,0,0,0,1,1,0,0,0,0,0,0,0,1,Smatram da su inženjerska zanimanja vrlo cijenjena (dobra plaća | velika mogućnost profesionalnog usavršavanja | ...),1,Radije pitam kolege koje se nalaze oko mene,43,8,3,3,više treba razumijeti što se traži u zadataku,45,8,2,4,nekad postoje iznimke koje drugačije utječu na zadatak,54,8,2,2,2,3,3,5,iako ne razumijem formule i dalje ih koristim kada je zadatak slično postavljen,79,13,4,jako puno zakona koji dolaze u obzir pri rješavanje pojedinih različitih zadataka,81,12,2,4,4,"pri rješavanju skica mi jako pomaže, ali u pravilu crtanjem skice ja pogrješim pri zamišljanju izgleda skice i krivo riješim zadatak",132,21,1,2,2,zato što većinu puta krivo nacrtam skicu jer krivo odredim što se traži u zadatku,81,15,3,4,4,4,3,5,5,5,1,2,4,4,zato što se znam pogubiti sa simbolima koje profesor koristi jer budu drugačiji od onih koje su me profesori iz srednje učili,125,22,3,0,0,0,1,0,0,1,0,0,0,4,0,0,1,0,0,3,0,0,0,0,1,0,,2,0,0,0,1,0,4,0,0,0,0,1,0,,4,0,0,1,0,0,4,0,0,0,0,1,0,,4,1,0,0,0,0,5,0,1,0,0,0,0,,5,1,0,0,0,0,0,0,1,0,0,0,0,0,1,1,1,0,0,0,1,1,1,0,1,1,1,0,0,1,0,0,0,1,0.42105263157894735,42.10526315789473,0.47619047619047616,47.61904761904761,0.5,50.0,0.3939393939393939,39.39393939393939,1,1,1,0,0,0,1,1,1,0,0,0,2,2,2
10.4.2026. 18:02:21,1,0,0,1,0,0,0,0,,0,0,0,0,0,0,0,1,"Matematičku, prirodoslovno-matematičku gimnaziju",4,4.0,4.0,2024.0,2024.0,,5.0,5.0,0,1,0,0,0,0,0,0,1,1,0,0,0,0,0,0,0,1,Smatram da su inženjerska zanimanja vrlo cijenjena (dobra plaća | velika mogućnost profesionalnog usavršavanja | ...),3,Ako baš nemam ideju pitam za pomoć ili samo pitam za neki početnu smjernicu.,76,14,3,2,"Mislim da je najvažnije razumjeti ono što se događa, a onda matematički dio se lakše nauči.",91,16,3,3,"Nemam pojma, ne rješavam zadatke iz fizike već 2 godine.",56,10,2,4,2,2,5,2,Bilo bi lijepo razumjeti to što pišeš.,38,7,4,Da.,3,1,3,4,4,Da.,3,1,2,2,4,Da.,3,1,2,4,4,3,2,2,5,5,3,3,4,2,Lakše je sa simbolima.,22,4,5,0,1,0,0,0,0,1,0,0,0,4,0,0,1,0,0,5,0,0,0,1,0,0,,4,0,0,0,1,0,4,0,0,0,1,0,0,,3,1,0,0,0,0,4,1,0,0,0,0,0,,4,0,0,0,1,0,5,0,0,0,1,0,0,,5,0,0,1,0,0,0,1,1,0,1,1,0,0,1,1,1,0,1,0,1,1,0,1,0,1,1,0,0,1,1,1,1,1,0.5789473684210527,57.89473684210527,0.7142857142857143,71.42857142857143,0.4,40.0,0.5757575757575758,57.57575757575758,1,0,0,0,0,0,0,0,0,1,1,1,2,1,1
10.4.2026. 18:14:10,1,0,0,1,0,0,0,0,,0,0,0,0,0,0,0,1,Jezičnu gimnaziju,4,4.0,3.0,2024.0,2024.0,,2.0,2.0,0,1,0,0,0,0,0,0,1,0,0,0,0,0,0,0,0,1,Smatram da su inženjerska zanimanja vrlo cijenjena (dobra plaća | velika mogućnost profesionalnog usavršavanja | ...) | Tijekom dosadašnjeg obrazovanja često smo u suradnji s nastavnicima obavljali i osmišljavali zanimljive eksperimente iz fizike i drugih predmeta iz STEM područja,3,Ovisi koliko sam učio i koliko razumijem što zadatak traži.,59,10,4,4,Bitno je pratiti što zadatak traži i biti sposoban riješiti matematički dio u zadatku kako bi teoriju mogao primijeniti.,120,19,4,4,"U većini slučajeva je svrha zadatka dobiti rezultat, no također je bitno moći raspoznati koji teorem zadovoljava dobiveno rješenje.",131,19,2,5,3,2,4,4,Većinu vremena pamtim jednadžbe te ih si pokušavam objasniti.,61,9,4,"Svaki fizikalni princip se može odnositi na specifičnu situaciju, ali postoje oni koji se mogu koristiti za više stvari.",120,19,4,4,3,"Ne crtam uvijek skicu, no postoje trenutci u kojima mi je potrebna skica.",73,13,2,3,2,Crtam skice samo ako su potrebne.,33,6,3,4,5,4,2,3,4,4,3,4,4,3,Ponekad je jedno teže od drugog.,32,6,2,0,0,1,0,0,0,1,0,0,0,4,0,0,1,0,0,4,0,0,0,1,0,0,,4,0,0,1,0,0,4,0,0,1,0,0,0,,3,0,1,0,0,0,3,0,0,1,0,0,0,,3,1,0,0,0,0,4,0,1,0,0,0,0,,4,0,1,0,1,0,0,1,0,0,1,0,0,1,1,0,1,0,0,0,1,1,1,1,0,1,1,0,1,1,0,0,0,1,0.631578947368421,63.1578947368421,0.5238095238095238,52.38095238095239,0.6,60.0,0.48484848484848486,48.484848484848484,1,0,0,0,0,0,0,0,0,0,0,0,1,0,0
10.4.2026. 18:57:37,1,0,0,1,0,0,0,0,,0,0,0,0,0,0,0,1,"Strukovnu školu (strojarsku, građevinsku, medicinsku, …)",4,4.0,4.0,2024.0,2024.0,,4.0,4.0,0,1,0,0,0,0,0,0,1,0,0,0,0,0,0,0,0,1,Pokazujem sklonost prema praktičnom radu (izrađujem makete | jednostavne uređaje | spretno koristim različite mjerne instrumente | mogu obavljati različite kućne popravke | ...)) | Dobro poznajem i zanima me računalo (dobro poznajem programiranje | u mogućnosti sam prilično samostalno nadograditi i popraviti software i hardware računala | ...) | Smatram da su inženjerska zanimanja vrlo cijenjena (dobra plaća | velika mogućnost profesionalnog usavršavanja | ...) | Nagovor roditelja (ispunjavam želju svojih roditelja),4,"Najčešće dok zapnem, ne znam što dalje, ali znam ""eksperimentirati"" na papiru pa mi možda neka druga metoda padne na pamet pri rješavanju.",138,23,5,2,"Po mom mišljenju, najvažniji je dio zamisliti zadatak u stvarnom svjetu te shvatiti problem koji se traži. Nakon tog je puno lakše rješiti zadatak.",147,24,3,4,"Slažem se s izjavom, ali u tom slučaju jako dobro treba poznati zadatak.",72,13,4,5,2,4,5,4,"Intuicijom najbolje pamtim formule, tj. ako razumijem ""zašto je to tako"", ali ako je formula jako komplicirana i teška za razumijeti onda samo zapamtim postupak rješavanja.",172,26,3,"Jednadžbe se odnose da specifične situacije, ali u pogodnim uvjetima mogu se koristiti i u puno više različitih situacija. Mora se znati kad se može neka formula koristiti, a kad ne.",182,31,5,3,5,Dok si predočim situaciju u pravom svijetu lakše rješim zadatke jer na crtežu vidim nešto što inače nisam zamislio da bi moglo biti rješenje.,141,24,2,4,4,Bolje razumijem zadatak.,24,3,4,5,3,4,1,2,3,4,4,5,5,4,"Dok vidim cijelu abecedu u jednoj jednadžbi i trebam dobiti X, zbunim se često jer zaboravim što je Y, Z ili koja je koja konstanta. Lakše je s brojkama.",153,29,3,0,1,0,0,0,0,1,0,0,0,4,0,1,0,0,0,4,1,0,0,0,0,0,,3,0,0,0,1,0,4,0,1,0,0,0,0,,3,1,0,0,0,0,4,1,0,0,0,0,0,,3,0,1,0,0,0,4,1,0,0,0,0,0,,3,0,1,1,0,0,1,1,1,1,1,0,0,1,0,1,1,1,1,1,1,0,1,1,0,0,1,1,1,1,0,0,1,1,0.7368421052631579,73.68421052631578,0.7142857142857143,71.42857142857143,0.7,70.0,0.6666666666666666,66.66666666666666,0,0,0,0,1,0,0,0,0,0,0,0,0,1,0
10.4.2026. 19:14:37,1,0,0,1,0,0,0,0,,0,0,0,0,0,0,0,1,Opću gimnaziju,4,4.0,4.0,2024.0,2024.0,,4.0,3.0,0,1,0,0,0,0,0,0,1,0,0,0,0,0,0,0,0,1,Smatram da su inženjerska zanimanja vrlo cijenjena (dobra plaća | velika mogućnost profesionalnog usavršavanja | ...),3,Ako je neki zadatak s kojim se nikad nisam susreo vjerojatno neću znati kako krenuti rješavati.,95,16,4,2,Mislim da je bitnije konceptualno znati što traži zadatak.,58,9,4,3,Da ako je jednostavan.,22,4,2,4,1,4,4,4,Ja bih naučio napamet formulu i onda samo izveo druge formule iz te.,68,13,4,Dosta zadataka koje bi riješili bi imali baš specifičnu situaciju i onda se zna koja se formula koristi,103,18,4,4,5,Lakše mi je shvatiti što radim ako mogu zamisliti.,50,9,3,4,1,Ako mi je jasno što zadatak traži onda ne crtam.,48,10,3,2,4,5,2,4,3,2,1,4,5,4,Lakše mi je s brojevima,23,5,4,0,1,0,0,0,0,1,0,0,0,4,0,0,0,0,1,4,0,1,0,0,0,0,,4,0,0,1,0,0,4,0,0,1,0,0,0,,4,0,0,1,0,0,3,0,1,0,0,0,0,,3,1,0,0,0,0,3,0,1,0,0,0,0,,3,0,1,1,1,0,0,1,1,1,1,0,0,1,1,1,0,1,0,0,0,1,1,1,1,0,0,0,1,1,0,1,1,1,0.6842105263157895,68.42105263157895,0.6190476190476191,61.904761904761905,0.6,60.0,0.6060606060606061,60.60606060606061,0,0,0,0,0,0,1,0,0,0,0,0,1,0,0
10.4.2026. 20:33:09,1,0,0,1,0,0,0,0,,0,0,0,0,0,0,0,1,"Matematičku, prirodoslovno-matematičku gimnaziju",4,4.0,4.0,2024.0,2024.0,,4.0,3.0,0,1,0,0,0,0,0,0,1,0,0,0,0,0,0,0,0,1,Dobro poznajem i zanima me računalo (dobro poznajem programiranje | u mogućnosti sam prilično samostalno nadograditi i popraviti software i hardware računala | ...),2,Ako ne znam kako započeti sa rješavanjem onda sjedim i razmišljam o tome koliko god mogu kao baka kad riješava križaljku. Pomoć tražim tek kad shvatim da nema šanse da sam uspijem.,180,32,3,2,"U fizici je bitnija ideja rješavanja problema nego ispravnost riješenja (naravno da je bitno da je riješenje precizno, ali matematički dio je često onaj lakši dio zadatka)",171,27,5,3,"Neki zadatci su taki da to radimo, a u nekima samo treba dobro poznavati teoriju (moguće da nisam dobro shvatio)",112,20,4,4,1,4,4,3,"Neke razumijem pa su mi logične za koristit, a neke samo koristim jer sam naučio da se u takvim zadatcima moraju koristit",121,22,2,Fizika nema puno onih osnovnih jednadžbi na koje se sve svodi. Te osnovne se mogu koristiti u više situacija. Tek kada izvodimo formule za točno određene vrste problema onda bih mogao reći da se slažem s navedenom izjavom.,222,38,2,4,5,Skica je najkorisnija za svaki zadatak. Ništa ne razumijem prije nego nacrtam skicu.,84,13,4,3,5,Uvijek pomognu.,15,2,3,2,4,4,1,2,3,5,5,4,4,4,Kad su brojevi u zadatku onda je lakše i s računanjem i sa provjerom rješenja. Nisam stavio da se u potpunosti slažem jer nekad kad su teški brojevi je lakše samo sa simbolima da se ne moram patit.,197,38,2,0,1,0,0,0,0,1,0,0,0,4,0,0,1,0,0,5,0,0,0,0,0,1,"Piše da nema otpora zraka to znači da je kao u vakuumu, a to znači da u isto vrijeme padnu jer masa onda ne utječe na priču.",4,0,0,0,1,0,2,0,0,0,1,0,0,,2,0,0,1,0,0,4,0,0,0,0,1,0,,4,0,1,0,0,0,3,1,0,0,0,0,0,,2,1,0,1,1,0,1,1,1,1,1,0,1,0,1,1,0,0,1,0,0,1,1,1,0,0,1,1,1,1,0,0,1,1,0.7894736842105263,78.94736842105263,0.5238095238095238,52.38095238095239,0.6,60.0,0.6363636363636364,63.63636363636363,1,0,0,0,0,0,1,1,1,0,0,0,2,1,1
10.4.2026. 22:49:34,0,1,0,1,0,0,0,0,,0,0,0,0,0,0,0,1,Opću gimnaziju,4,5.0,5.0,2024.0,2024.0,,3.0,2.0,0,1,0,0,0,0,0,0,0,1,0,0,0,0,0,0,0,1,Smatram da su inženjerska zanimanja vrlo cijenjena (dobra plaća | velika mogućnost profesionalnog usavršavanja | ...) | Nagovor roditelja (ispunjavam želju svojih roditelja),1,tražim pomoć prijatelja ili sama potražim na internetu,54,8,4,4,vjerujem da je matematika jako bitna ali treba imati i predznanje o određenoj temi,82,14,2,4,slažem se ali to nije sve sto se radi pri rješavanju zadatka,60,12,1,5,2,3,4,3,"neke su intuitivne neke ne, definitivno pomaze ako jesu",55,9,4,postoji puno situacija koje se na prvi pogled čine jednako ali se trebaju uzeti drugačije formule,97,16,5,4,5,da je sve preglednije i organiziranije,38,6,2,5,4,"da, da bude preglednije i za svaki slucaj",41,8,5,4,5,4,1,5,4,4,1,4,4,1,"ljepše mi je npr. prevrtati slova u formuli nego brojeve, manji je rizik od pogreske",84,15,5,0,0,0,0,1,0,1,0,0,0,4,0,0,1,0,0,4,0,0,0,1,0,0,,4,0,1,0,0,0,4,0,1,0,0,0,0,,4,0,0,1,0,0,3,0,0,0,0,1,0,,3,0,0,0,1,0,4,0,0,0,1,0,0,,3,1,1,0,0,0,0,1,1,0,1,0,0,1,1,1,1,1,1,1,1,1,1,1,1,1,1,0,1,1,1,1,0,1,0.6842105263157895,68.42105263157895,0.8571428571428571,85.71428571428571,0.9,90.0,0.7272727272727273,72.72727272727273,1,0,0,1,1,1,1,1,1,1,1,1,4,3,3
11.4.2026. 16:21:04,0,1,0,1,0,0,0,0,,0,0,0,0,0,0,0,1,Opću gimnaziju,4,3.0,4.0,2024.0,2024.0,,3.0,2.0,0,1,0,0,0,0,0,0,1,1,0,0,0,0,0,0,0,1,Smatram da su inženjerska zanimanja vrlo cijenjena (dobra plaća | velika mogućnost profesionalnog usavršavanja | ...),3,Ponekad mi je teško razumjeti i profesora/asistenta kada tražim pomoć ,70,10,2,2,Potrebno je i teorijsko poznavanje radi razumijevanja zadatka. Matematičke sposobnosti su važne ali ne nužno najvažnije.,120,16,3,2,"Za rješavanje zadataka mislim da je potrebno imati znanje potrebno za dolazak do jednadžbe, ne samo učiti napamet i uvrštavati u formule.",137,22,2,4,2,3,4,1,"Korisno je rutinski rješavati radi brzine, no za potpuno razumjevanje zadatka potrebno je razumjevanje jednadžbi i kako se dolazi do određenih",142,21,3,Mislim da postoji više jednadžbi i načina na koje se može doći do određenog rješenja,84,15,4,4,4,"Radi lakšeg razumjevanja uvijek je dobro prvo si predočiti zadatak, a onda ga riješiti",86,14,3,3,3,Ovisno koliko mi koristi za zadatak. Ako ga je lako rješiti i razumjeti onda skice nisu potrebne. ,98,17,2,3,4,4,2,4,4,4,3,4,4,3,Malo je lakše sa brojčanim vrijednostima,40,6,4,1,0,0,0,0,1,0,0,0,0,4,0,0,1,0,0,3,0,0,0,1,0,0,,3,0,0,1,0,0,3,0,1,0,0,0,0,,3,0,0,1,0,0,3,0,0,0,0,1,0,,3,0,0,0,1,0,4,0,0,0,1,0,0,,4,0,0,1,0,1,0,1,1,0,1,1,0,1,1,1,0,0,0,0,0,1,1,1,1,1,1,0,1,1,0,1,1,1,0.631578947368421,63.1578947368421,0.7142857142857143,71.42857142857143,0.6,60.0,0.6060606060606061,60.60606060606061,1,0,0,0,1,0,1,1,1,1,1,1,3,3,2
13.4.2026. 10:29:08,1,0,0,1,0,0,0,0,,0,0,0,0,0,0,0,1,"Matematičku, prirodoslovno-matematičku gimnaziju",4,4.0,5.0,2024.0,2025.0,3.0,,4.0,0,0,1,0,0,0,0,0,1,0,0,0,0,0,0,0,0,1,Ljudi ili bližoj okolini imam ljude inženjerskih zanimanja,4,Nemam objašnjenjem.,19,2,4,5,Nemam objašnjenjem.,19,2,5,5,Nemam objašnjenjem.,19,2,4,4,4,3,2,4,Nemam objašnjenjem.,19,2,4,Nemam objašnjenjem.,19,2,4,4,3,Nemam objašnjenjem.,19,2,4,4,4,Nemam objašnjenjem.,19,2,4,5,2,3,3,4,4,4,3,4,3,3,Nemam objašnjenjem.,19,2,4,0,1,0,0,0,0,0,1,0,0,3,0,0,1,0,0,5,0,0,0,1,0,0,,4,0,0,1,0,0,4,0,0,1,0,0,0,,4,0,0,1,0,0,5,0,0,0,0,1,0,,5,0,0,1,0,0,4,0,0,0,1,0,0,,4,0,1,0,1,0,1,1,0,0,0,0,0,1,1,0,0,1,1,1,1,0,0,0,1,1,1,0,1,0,0,1,1,0,0.47368421052631576,47.368421052631575,0.5238095238095238,52.38095238095239,0.4,40.0,0.48484848484848486,48.484848484848484,1,0,0,0,0,0,1,1,1,0,1,0,2,2,1
13.4.2026. 11:37:48,1,0,0,0,0,1,0,0,,0,0,0,0,0,0,0,1,Opću gimnaziju,4,2.0,2.0,2025.0,2025.0,4.0,,,0,0,0,1,0,0,0,0,1,0,0,0,0,0,0,0,0,1,Dobro poznajem i zanima me računalo (dobro poznajem programiranje | u mogućnosti sam prilično samostalno nadograditi i popraviti software i hardware računala | ...),2,samo lagano,11,2,3,3,nije lagano,11,2,3,3,mozda kagano,12,2,3,3,3,3,3,3,malo tesko,10,2,3,nije tesko,10,2,3,3,3,jako tesko,10,2,3,3,3,uf,2,1,3,3,3,3,3,3,3,3,3,3,3,3,stipe radi nesto,16,3,3,1,0,0,0,0,0,1,0,0,0,3,0,0,0,1,0,1,1,0,0,0,0,0,,1,0,0,1,0,0,1,1,0,0,0,0,0,,1,0,0,0,0,1,1,0,0,0,1,0,0,,1,0,1,0,0,0,1,0,0,0,0,1,0,,1,1,0,0,0,0,0,0,0,0,0,0,0,0,0,0,0,0,0,0,0,0,0,0,0,0,0,0,0,0,0,0,1,1,0.10526315789473684,10.526315789473683,0.09523809523809523,9.523809523809524,0.1,10.0,0.09090909090909091,9.090909090909092,0,0,0,0,0,0,0,0,0,0,0,0,0,0,0
13.4.2026. 11:38:22,1,0,0,0,1,0,0,0,,0,0,0,0,0,0,0,1,Elektrotehničku školu,4,3.0,3.0,,2025.0,2.0,,,0,0,0,1,0,0,0,0,1,0,0,0,0,0,0,0,0,1,Dobro poznajem i zanima me računalo (dobro poznajem programiranje | u mogućnosti sam prilično samostalno nadograditi i popraviti software i hardware računala | ...),3,Dobar,5,1,5,4,Dobar,5,1,5,5,Dobar,5,1,5,5,5,4,5,5,Dobar,5,1,5,Dobar,5,1,5,5,5,Dobar,5,1,5,5,5,Dobar,5,1,5,5,5,5,5,5,5,5,5,5,5,5,Dobar,5,1,5,0,0,1,0,0,0,0,1,0,0,4,0,0,0,1,0,5,0,0,0,0,1,0,,4,0,0,0,0,1,5,0,0,0,1,0,0,,5,0,0,0,1,0,5,0,0,1,0,0,0,,5,0,0,0,1,0,4,0,0,1,0,0,0,,5,0,1,0,1,0,1,1,0,1,1,0,0,1,1,1,0,1,1,1,1,1,1,0,1,1,1,1,1,1,0,1,0,0,0.6842105263157895,68.42105263157895,0.7142857142857143,71.42857142857143,0.7,70.0,0.6666666666666666,66.66666666666666,0,1,0,0,0,0,0,0,0,1,0,0,1,1,0
13.4.2026. 11:39:59,1,0,0,0,1,0,0,0,,0,0,0,0,0,0,0,1,Opću gimnaziju,4,3.0,4.0,2025.0,2025.0,4.0,,,0,0,0,1,0,0,0,0,1,0,0,0,0,0,0,0,0,1,Pokazujem sklonost prema praktičnom radu (izrađujem makete | jednostavne uređaje | spretno koristim različite mjerne instrumente | mogu obavljati različite kućne popravke | ...)) | Dobro poznajem i zanima me računalo (dobro poznajem programiranje | u mogućnosti sam prilično samostalno nadograditi i popraviti software i hardware računala | ...),3,-,1,1,1,4,Potrebni poznvanje matematike,29,3,3,4,Potrebne formule i njihovo poznavanje da bi se zadatak rjesio,61,10,4,4,4,4,3,3,"Nije potrebno potpuno znanje rjesavanja odredjenih jednadzbu, to moze kalkulator rjesit",87,11,3,Slazem se,9,2,4,2,5,Skica dosta pomaze u vizualiziranju situacije i laksem rjesavanju zadatka,73,10,2,5,2,skice crtam samo ako zadatak to trazi,37,7,1,1,2,3,2,2,3,3,2,3,3,4,Slazem se,9,2,2,0,1,0,0,0,0,0,1,0,0,3,0,1,0,0,0,1,0,0,1,0,0,0,,3,0,0,0,1,0,2,1,0,0,0,0,0,,5,0,1,0,0,0,1,1,0,0,0,0,0,,3,0,1,0,0,0,4,0,1,0,0,0,0,,1,0,0,0,0,0,1,1,0,1,0,0,0,1,0,1,1,1,0,0,0,0,0,1,0,0,0,0,0,0,0,0,1,0,0.3157894736842105,31.57894736842105,0.23809523809523808,23.809523809523807,0.2,20.0,0.2727272727272727,27.27272727272727,0,0,0,0,0,0,0,0,0,0,0,0,0,0,0
13.4.2026. 11:40:17,1,0,0,0,1,0,0,0,,0,0,0,0,0,0,0,1,Elektrotehničku školu,4,3.0,2.0,2025.0,2025.0,3.0,,,0,0,0,1,0,0,0,0,0,0,0,0,0,0,0,0,0,1,Dobro poznajem i zanima me računalo (dobro poznajem programiranje | u mogućnosti sam prilično samostalno nadograditi i popraviti software i hardware računala | ...),4,"Ako je nesto sto nisam ucio, kako mogu uopce znat rijesavati zadatke tog gradiva.",81,14,3,2,-,1,1,3,2,-,1,1,3,4,2,3,4,3,-,1,1,3,-,1,1,4,2,3,-,1,1,3,1,4,-,1,1,4,1,3,2,5,4,2,4,2,5,2,2,-,1,1,4,0,1,0,0,0,0,1,0,0,0,4,0,0,0,1,0,2,0,0,1,0,0,0,,1,0,0,1,0,0,3,0,0,1,0,0,0,,2,0,0,0,1,0,3,0,1,0,0,0,0,,5,0,0,0,0,1,5,0,0,1,0,0,0,,1,0,0,1,0,1,0,1,1,0,1,0,0,1,0,0,0,0,1,1,0,0,0,0,1,0,1,0,1,0,1,1,1,1,0.47368421052631576,47.368421052631575,0.5714285714285714,57.14285714285714,0.4,40.0,0.45454545454545453,45.45454545454545,0,0,0,0,0,0,0,0,0,0,0,0,0,0,0
13.4.2026. 11:40:37,0,1,0,0,1,0,0,0,,0,0,0,0,0,0,0,1,Elektrotehničku školu,3,4.0,3.0,2025.0,2025.0,3.0,,,0,1,0,0,0,0,0,0,0,0,0,0,0,0,0,0,0,1,Smatram da su inženjerska zanimanja vrlo cijenjena (dobra plaća | velika mogućnost profesionalnog usavršavanja | ...),3,Pokusam sama ,13,2,3,3,Bez racunanja se ne moze rjesiti zadatak,40,7,3,3,slazem se,9,2,3,3,3,3,3,3,potrebne su formule za rjesavanje,33,5,3,slazem se,9,2,3,3,5,slazem se,9,2,2,4,3,olaksavaju,10,1,3,4,4,2,4,4,4,4,1,3,2,3,slazem se,9,2,3,0,0,1,0,0,0,1,0,0,0,2,0,0,1,0,0,1,0,0,0,1,0,0,,2,0,1,0,0,0,1,1,0,0,0,0,0,,1,0,1,0,0,0,3,0,0,1,0,0,0,,2,0,1,0,0,0,1,0,1,0,0,0,0,,1,0,0,0,0,0,0,0,0,0,0,0,0,0,0,1,1,1,0,0,1,1,0,0,1,1,1,0,0,0,0,0,0,1,0.21052631578947367,21.052631578947366,0.42857142857142855,42.857142857142854,0.2,20.0,0.2727272727272727,27.27272727272727,1,0,0,1,0,0,0,0,0,0,0,0,2,0,0
13.4.2026. 11:41:03,1,0,0,1,0,0,0,0,,0,0,0,0,0,0,0,1,Elektrotehničku školu,3,4.0,5.0,2024.0,2024.0,3.0,,,0,0,0,1,0,0,0,0,1,1,0,0,0,0,0,1,0,1,Dobro poznajem i zanima me računalo (dobro poznajem programiranje | u mogućnosti sam prilično samostalno nadograditi i popraviti software i hardware računala | ...) | Ljudi ili bližoj okolini imam ljude inženjerskih zanimanja | Smatram da su inženjerska zanimanja vrlo cijenjena (dobra plaća | velika mogućnost profesionalnog usavršavanja | ...) | Tijekom dosadašnjeg obrazovanja često smo u suradnji s nastavnicima obavljali i osmišljavali zanimljive eksperimente iz fizike i drugih predmeta iz STEM područja,4,Volim traziti pomoc,19,3,4,4,Zato,4,1,4,4,Zato,4,1,3,4,4,3,3,4,Zato,4,1,4,Zato,4,1,4,4,4,Zato,4,1,3,3,4,Zato,4,1,1,2,3,3,3,3,3,4,4,4,5,5,Lakse mi je nekako,18,4,5,0,0,1,0,0,0,1,0,0,0,4,0,0,1,0,0,4,0,0,0,1,0,0,,2,0,0,0,0,1,4,0,0,1,0,0,0,,3,0,1,0,0,0,4,0,1,0,0,0,0,,3,0,0,0,1,0,4,0,0,0,1,0,0,,2,0,1,0,1,0,0,1,0,0,0,0,0,1,1,1,0,0,1,0,0,0,0,0,0,0,1,1,1,1,0,1,0,1,0.47368421052631576,47.368421052631575,0.38095238095238093,38.095238095238095,0.4,40.0,0.3939393939393939,39.39393939393939,1,0,0,0,0,0,0,0,0,1,1,1,2,1,1
13.4.2026. 11:41:08,1,0,0,0,0,1,0,0,,0,0,0,0,0,0,0,1,Opću gimnaziju,4,2.0,2.0,2025.0,2025.0,3.0,,,0,0,0,1,0,0,0,0,1,1,0,0,0,0,0,0,0,1,Pokazujem sklonost prema praktičnom radu (izrađujem makete | jednostavne uređaje | spretno koristim različite mjerne instrumente | mogu obavljati različite kućne popravke | ...)) | Dobro poznajem i zanima me računalo (dobro poznajem programiranje | u mogućnosti sam prilično samostalno nadograditi i popraviti software i hardware računala | ...) | Smatram da su inženjerska zanimanja vrlo cijenjena (dobra plaća | velika mogućnost profesionalnog usavršavanja | ...),2,Mogu pitati asistenta ili profesora a takoder mogu i u skripti pogledat pa bi znao,82,15,1,5,Slazem se jer je najteze,24,5,1,5,Slazem se,9,2,1,1,1,3,2,5,Slazem se,9,2,5,Slazem se,9,2,2,2,2,Zavisi kako kada,16,3,1,1,1,Crtam uvijek samo kad treba,27,5,3,2,4,5,3,3,1,2,3,4,4,3,Teze je dok se ne skuzi,23,6,2,1,0,0,0,0,0,0,1,0,0,4,0,0,0,0,1,4,0,1,0,0,0,0,,1,0,0,0,1,0,2,0,1,0,0,0,0,,2,0,1,0,0,0,2,0,0,0,1,0,0,,4,0,0,0,1,0,2,0,0,1,0,0,0,,3,1,0,0,0,0,0,0,1,0,0,0,0,0,0,0,1,0,0,0,0,1,1,0,0,0,0,0,1,1,0,0,1,0,0.3157894736842105,31.57894736842105,0.2857142857142857,28.57142857142857,0.4,40.0,0.24242424242424243,24.242424242424242,0,0,0,0,1,0,0,0,0,1,0,0,1,1,0
13.4.2026. 11:41:12,1,0,0,0,1,0,0,0,,0,0,0,0,0,0,0,1,Elektrotehničku školu,4,2.0,2.0,2025.0,2025.0,2.0,,,0,0,0,1,0,0,0,0,1,0,0,0,0,0,0,1,0,1,Dobro poznajem i zanima me računalo (dobro poznajem programiranje | u mogućnosti sam prilično samostalno nadograditi i popraviti software i hardware računala | ...),3,.,1,1,3,2,.,1,1,2,3,.,1,1,2,4,1,2,3,4,.,1,1,3,.,1,1,3,3,3,.,1,1,3,3,3,.,1,1,3,3,2,4,3,2,4,3,2,3,4,4,.,1,1,3,0,1,0,0,0,0,0,1,0,0,4,1,0,0,0,0,3,0,0,1,0,0,0,,4,0,1,0,0,0,3,0,1,0,0,0,0,,2,0,1,0,0,0,3,0,0,0,1,0,0,,4,0,1,0,0,0,3,0,0,1,0,0,0,,2,0,0,1,0,0,0,1,1,0,0,0,0,0,0,0,0,0,0,0,0,0,1,0,0,1,0,0,0,1,0,0,1,0,0.2631578947368421,26.31578947368421,0.23809523809523808,23.809523809523807,0.2,20.0,0.21212121212121213,21.21212121212121,0,0,0,1,1,1,0,0,0,0,0,0,1,1,1
13.4.2026. 11:41:49,1,0,0,0,1,0,0,0,,0,0,0,0,0,0,0,1,Elektrotehničku školu,4,4.0,2.0,,,2.0,,,0,0,0,1,0,0,0,0,0,0,0,0,0,0,0,0,0,1,Dobro poznajem i zanima me računalo (dobro poznajem programiranje | u mogućnosti sam prilično samostalno nadograditi i popraviti software i hardware računala | ...),3,Nekad znam nekada ne,20,4,5,4,Bitno je,8,2,5,4,Nekada nemora znaciti,21,3,2,3,1,3,3,2,Jednazbe se mjenjaju po onome sto trazimo,41,7,5,Zato,4,1,3,3,3,Nekada nemotamo ,16,2,1,5,3,Zato jer moram,14,3,3,4,4,3,3,4,3,3,3,3,3,3,Simboli imaju konstatu u puno decimala,38,6,3,0,0,1,0,0,0,1,0,0,0,3,0,0,1,0,0,4,0,0,0,1,0,0,,4,0,0,0,1,0,3,0,1,0,0,0,0,,3,0,0,1,0,0,3,0,0,0,0,1,0,,1,0,0,0,0,1,1,0,0,0,0,1,0,,1,0,1,0,1,0,0,0,1,0,0,1,0,0,0,0,1,1,0,0,1,1,0,0,1,0,0,0,0,0,0,0,0,1,0.3157894736842105,31.57894736842105,0.3333333333333333,33.33333333333333,0.2,20.0,0.30303030303030304,30.303030303030305,1,0,0,0,1,0,1,1,1,0,0,0,2,2,1
13.4.2026. 11:42:25,1,0,0,0,1,0,0,0,,0,0,0,0,0,0,0,1,"Strukovnu školu bez nastave fizike (ekonomsku, trgovačku, komercijalnu, …)",1,2.0,,2025.0,2025.0,3.0,,,0,0,0,1,0,0,0,0,1,0,0,0,0,0,0,0,0,1,Smatram da su inženjerska zanimanja vrlo cijenjena (dobra plaća | velika mogućnost profesionalnog usavršavanja | ...) | Nagovor roditelja (ispunjavam želju svojih roditelja),5,Pomoc je dobra,14,3,1,4,Da,2,1,1,3,Da,2,1,1,1,2,3,3,1,Ne,2,1,4,Da,2,1,3,1,5,Da,2,1,2,4,5,Da,2,1,1,3,3,2,4,2,3,2,1,1,2,5,Da,2,1,3,0,1,0,0,0,0,0,0,1,0,4,0,0,1,0,0,4,0,0,0,1,0,0,,3,0,0,1,0,0,2,0,0,0,1,0,0,,3,0,1,0,0,0,1,0,0,0,1,0,0,,3,1,0,0,0,0,5,0,1,0,0,0,0,,5,0,0,0,0,0,0,0,1,0,0,1,0,0,0,1,1,1,1,0,0,0,0,0,0,0,0,0,0,0,0,0,1,0,0.21052631578947367,21.052631578947366,0.2857142857142857,28.57142857142857,0.0,0.0,0.21212121212121213,21.21212121212121,1,0,0,0,0,0,0,0,0,0,0,0,1,0,0
13.4.2026. 11:42:41,1,0,0,0,1,0,0,0,,0,0,0,0,0,0,0,1,Elektrotehničku školu,4,4.0,3.0,2025.0,2025.0,3.0,,,0,1,0,0,0,0,0,0,1,0,0,0,0,0,0,0,0,1,Pokazujem sklonost prema praktičnom radu (izrađujem makete | jednostavne uređaje | spretno koristim različite mjerne instrumente | mogu obavljati različite kućne popravke | ...)),2,Nije mi problem pitati profesora za pomoc,41,7,5,5,slazem se u potpunosti,22,4,3,4,slazem se,9,2,4,4,3,5,4,5,slazem se u potpunosti,22,4,3,dlazem se,9,2,4,3,4,skica je bitna,14,3,4,3,4,slzm se,7,2,2,5,2,2,4,4,4,3,3,3,2,4,slazem se,9,2,4,0,0,1,0,0,0,0,1,0,0,3,0,0,1,0,0,1,0,0,1,0,0,0,,1,0,0,1,0,0,4,0,1,0,0,0,0,,1,0,0,1,0,0,1,0,0,0,1,0,0,,1,0,1,0,0,0,3,1,0,0,0,0,0,,1,1,1,0,0,0,1,1,0,1,1,0,0,1,0,1,0,0,1,0,1,0,0,0,1,1,0,0,0,0,0,1,0,0,0.3684210526315789,36.84210526315789,0.38095238095238093,38.095238095238095,0.4,40.0,0.3939393939393939,39.39393939393939,1,0,0,0,1,0,1,0,0,0,0,0,2,1,0
13.4.2026. 11:43:29,1,0,0,0,1,0,0,0,,0,0,0,0,0,0,0,1,"Strukovnu školu bez nastave fizike (ekonomsku, trgovačku, komercijalnu, …)",1,3.0,,2025.0,2025.0,3.0,,,0,0,0,1,0,0,0,0,1,0,0,0,0,0,0,0,0,1,Dobro poznajem i zanima me računalo (dobro poznajem programiranje | u mogućnosti sam prilično samostalno nadograditi i popraviti software i hardware računala | ...) | Ljudi ili bližoj okolini imam ljude inženjerskih zanimanja | Smatram da su inženjerska zanimanja vrlo cijenjena (dobra plaća | velika mogućnost profesionalnog usavršavanja | ...),4,Pa znam nastaviti i zapoceti bez pomoci nastavnika.,51,8,2,3,Trazim poveznicu s svime u stvarnom svijetu.,44,7,2,4,.,1,1,2,5,1,3,3,2,".
",2,1,4,.,1,1,5,5,5,Crtam.,6,1,5,3,3,.,1,1,3,3,3,3,3,3,3,3,3,3,3,3,.,1,1,3,0,0,1,0,0,0,1,0,0,0,3,0,1,0,0,0,5,1,0,0,0,0,0,,5,0,0,0,1,0,5,0,0,1,0,0,0,,5,0,0,1,0,0,5,0,0,0,0,1,0,,5,1,0,0,0,0,5,0,0,1,0,0,0,,5,0,0,0,0,0,0,1,1,0,0,1,0,1,1,1,0,0,0,0,0,0,0,0,0,0,0,0,0,0,0,0,0,1,0.2631578947368421,26.31578947368421,0.19047619047619047,19.047619047619047,0.1,10.0,0.21212121212121213,21.21212121212121,0,0,0,0,0,0,1,1,1,0,0,0,1,1,1
13.4.2026. 11:44:06,1,0,0,0,1,0,0,0,,0,0,0,0,0,0,0,1,Elektrotehničku školu,4,5.0,4.0,2024.0,2024.0,2.0,,,0,0,0,1,0,0,0,0,1,1,0,0,0,0,0,1,0,1,Pokazujem sklonost prema praktičnom radu (izrađujem makete | jednostavne uređaje | spretno koristim različite mjerne instrumente | mogu obavljati različite kućne popravke | ...)) | Dobro poznajem i zanima me računalo (dobro poznajem programiranje | u mogućnosti sam prilično samostalno nadograditi i popraviti software i hardware računala | ...) | Ljudi ili bližoj okolini imam ljude inženjerskih zanimanja,2,Sam trebam skužit kako početi zadatak,37,6,3,1,"Najbitnije su formule, valjda",29,4,3,3,Ne znam,7,2,4,3,2,3,4,3,Ne znam sta znaci intuicijia,28,5,4,Istina,6,1,3,4,4,Lakše razumjevanje zadatka,26,3,3,3,4,Istina,6,1,3,3,4,4,2,5,2,3,1,2,4,5,Istina,6,1,5,1,0,0,0,0,0,0,1,0,0,4,0,0,0,0,1,4,1,0,0,0,0,0,,3,0,1,0,0,0,3,0,1,0,0,0,0,,1,1,0,0,0,0,5,1,0,0,0,0,0,,3,1,0,0,0,0,4,1,0,0,0,0,0,,2,1,0,1,0,0,1,0,1,0,1,0,0,0,1,1,0,0,1,0,0,1,1,1,1,0,0,0,0,1,0,1,1,0,0.47368421052631576,47.368421052631575,0.47619047619047616,47.61904761904761,0.5,50.0,0.45454545454545453,45.45454545454545,0,0,0,1,1,1,0,0,0,0,0,0,1,1,1
13.4.2026. 11:44:59,1,0,0,0,0,1,0,0,,0,0,0,0,0,0,0,1,Elektrotehničku školu,4,3.0,4.0,,2025.0,,2.0,2.0,0,0,0,1,0,0,0,0,1,1,0,0,0,0,0,0,0,1,Dobro poznajem i zanima me računalo (dobro poznajem programiranje | u mogućnosti sam prilično samostalno nadograditi i popraviti software i hardware računala | ...),3,Ako se pogubim u zadatku pokušam pronaći pomoć od nekoga tko zna objasniti,74,13,3,4,Matematika i fizika su ovisni jedno o drugome,45,8,4,4,Istina,6,1,2,4,1,3,3,3,Istina,6,1,4,Jer svaka situacija ima svoje jednadžbe,39,6,3,4,5,Zbog vizualizacije,18,2,2,2,3,Pa kao da,9,3,3,3,4,3,2,4,3,1,4,5,5,2,"Pa mislim, lakše je bez simbola, ali mi ne predstavlja problem koristiti simbole.",81,13,4,0,1,0,0,0,0,0,1,0,0,4,0,0,1,0,0,4,0,0,0,1,0,0,,5,0,0,1,0,0,2,0,0,1,0,0,0,,1,0,1,0,0,0,3,1,0,0,0,0,0,,1,0,0,1,0,0,3,0,0,1,0,0,0,,3,0,0,0,1,0,0,1,1,0,0,0,0,0,1,1,1,0,0,0,0,1,0,1,1,0,0,1,1,1,1,1,1,0,0.42105263157894735,42.10526315789473,0.42857142857142855,42.857142857142854,0.6,60.0,0.45454545454545453,45.45454545454545,1,0,0,0,0,0,0,0,0,0,0,0,1,0,0
13.4.2026. 11:45:23,1,0,0,0,1,0,0,0,,0,0,0,0,0,0,0,1,"Strukovnu školu (strojarsku, građevinsku, medicinsku, …)",2,2.0,3.0,2025.0,2025.0,3.0,,,0,0,0,1,0,0,0,0,1,0,0,0,0,0,0,0,0,1,Ljudi ili bližoj okolini imam ljude inženjerskih zanimanja | Smatram da su inženjerska zanimanja vrlo cijenjena (dobra plaća | velika mogućnost profesionalnog usavršavanja | ...),3,"Nastavnik je dobar izbor pomoći, ali također možemo pokušati sami shvatiti zadatak ",83,12,5,5,"Istina, matematika je svuda",27,4,3,5,Istina,6,1,5,5,2,3,3,5,Istina,6,1,2, ima dosta jednadžbi  koje treba povezivati s drugim cjelinama u fizici,71,11,3,3,4,Dosta pomaže da,15,3,4,4,1,Iskreno ne,10,2,4,4,4,3,4,4,4,4,3,4,2,5,Istina,6,1,4,0,0,1,0,0,0,0,1,0,0,4,0,0,1,0,0,3,0,0,0,1,0,0,,3,0,0,1,0,0,1,0,1,0,0,0,0,,1,0,0,1,0,0,3,1,0,0,0,0,0,,2,0,0,1,0,0,4,0,1,0,0,0,0,,3,0,1,0,0,0,1,1,1,0,0,0,1,0,0,1,0,1,0,1,1,1,0,0,1,1,1,0,1,0,0,1,0,0,0.3684210526315789,36.84210526315789,0.47619047619047616,47.61904761904761,0.3,30.0,0.45454545454545453,45.45454545454545,1,0,0,0,1,0,1,0,0,0,0,0,2,1,0
13.4.2026. 11:45:52,0,1,0,0,0,1,0,0,,0,0,0,0,0,0,0,1,"Strukovnu školu (strojarsku, građevinsku, medicinsku, …)",4,3.0,4.0,2025.0,2025.0,3.0,,,0,0,0,1,0,0,0,0,0,0,0,0,0,0,0,0,0,1,Nisam upala na građevinu.Ovo mi je bio drugi izbor.,3,Često pogledam kako smo riješavali zadatke .,44,7,3,3,Većina fizike su jednadžbe .,28,5,2,3,.,1,1,5,1,4,1,1,3,.,1,1,3,Sve ovisi o kojem tipu zadatka se radi.,39,8,3,3,4,Lakše mi je predočiti kakav bi rezultat trebao biti.,52,9,5,5,5,Bude mi lakše riješit zadatak.,30,5,2,1,3,5,4,1,3,3,3,3,4,3,Identično je teško. ,20,3,2,0,0,1,0,0,0,1,0,0,0,4,0,0,0,0,1,5,0,0,0,0,1,0,,4,0,0,0,1,0,3,0,1,0,0,0,0,,2,0,0,1,0,0,3,0,0,0,1,0,0,,3,1,0,0,0,0,2,0,0,1,0,0,0,,2,0,0,0,0,0,1,0,0,0,0,0,0,0,0,1,0,1,1,0,0,0,1,0,0,0,0,0,0,1,0,0,0,1,0.2631578947368421,26.31578947368421,0.2857142857142857,28.57142857142857,0.2,20.0,0.21212121212121213,21.21212121212121,0,1,0,0,1,0,1,0,0,0,0,0,1,2,0
13.4.2026. 11:46:02,0,1,0,0,1,0,0,0,,0,0,0,0,0,0,0,1,Opću gimnaziju,4,3.0,3.0,2025.0,2025.0,4.0,,,0,0,0,1,0,0,0,0,0,1,0,0,0,0,0,0,0,1,Smatram da su inženjerska zanimanja vrlo cijenjena (dobra plaća | velika mogućnost profesionalnog usavršavanja | ...),3,"Ako ne znam započeti zadatak pokusam ga riješiti na neki drugi nacin, a ako ne ide zovem profesora",98,18,3,2,Smatram da je bitniji dio postavljanje zadatka i uvrštavanje ,61,9,3,3,.,1,1,5,1,4,1,2,3,.,1,1,3,Ima puno jednadzbi,18,3,3,4,3,Skica mi puno pomogne,21,4,2,4,4,Cesto ju nacrtam jer mi pomogne u rješavanju i shvaćanju ,57,10,3,2,2,1,5,2,3,1,1,3,2,5,.,1,1,4,0,0,1,0,0,0,1,0,0,0,4,0,0,0,0,1,3,0,0,0,0,1,0,,3,0,0,0,1,0,2,0,1,0,0,0,0,,3,0,0,1,0,0,4,0,0,0,1,0,0,,4,1,0,0,0,0,3,0,0,1,0,0,0,,2,0,0,1,0,0,1,0,0,0,0,0,0,0,1,0,1,1,1,0,0,0,0,0,0,0,0,0,0,0,0,1,0,1,0.2631578947368421,26.31578947368421,0.2857142857142857,28.57142857142857,0.0,0.0,0.24242424242424243,24.242424242424242,0,1,0,0,1,0,1,0,0,0,0,0,1,2,0
13.4.2026. 11:47:01,1,0,0,0,0,0,0,1,1999.0,0,0,0,0,0,0,0,1,Jezičnu gimnaziju,4,4.0,5.0,2018.0,2018.0,3.0,,,0,0,0,1,0,0,0,0,0,1,0,0,0,0,0,0,0,1,Pokazujem sklonost prema praktičnom radu (izrađujem makete | jednostavne uređaje | spretno koristim različite mjerne instrumente | mogu obavljati različite kućne popravke | ...)) | Dobro poznajem i zanima me računalo (dobro poznajem programiranje | u mogućnosti sam prilično samostalno nadograditi i popraviti software i hardware računala | ...),3,Zato.,5,1,5,3,Zato.,5,1,4,5,Zato.,5,1,5,3,1,3,3,3,Zato.,5,1,5,Zato.,5,1,5,5,3,Zato.,5,1,3,4,4,Zato.,5,1,1,1,4,5,1,2,5,5,5,5,5,3,Zato.,5,1,5,0,0,1,0,0,0,0,1,0,0,4,0,0,1,0,0,5,0,1,0,0,0,0,,3,0,0,0,1,0,5,0,0,0,1,0,0,,3,1,0,0,0,0,1,0,0,1,0,0,0,,3,1,0,0,0,0,2,0,0,0,1,0,0,,1,0,1,0,1,0,1,0,1,0,0,0,0,1,1,0,0,1,1,0,0,1,1,1,0,1,1,1,1,1,0,1,0,0,0.5789473684210527,57.89473684210527,0.47619047619047616,47.61904761904761,0.6,60.0,0.5151515151515151,51.515151515151516,1,0,0,0,0,0,0,0,0,0,1,0,1,1,0
13.4.2026. 11:47:07,1,0,0,1,0,0,0,0,,0,0,0,0,0,0,0,1,Elektrotehničku školu,2,5.0,3.0,2024.0,2024.0,,2.0,,0,0,0,1,0,0,0,0,1,0,0,0,0,0,0,0,0,1,Da trošim dane u uživanju,3,Slažem se,9,2,3,2,Bez fizikalnog dijela ne može se prijeći na matematićki,55,9,5,5,Zato što je to potrebno za točno riješavanje zadatka,52,9,2,5,1,3,4,3,Ja to tako smatram,18,4,2,Zato što jednadžba ase može odnositi na više situacija,54,9,5,4,3,Zato što skicu mogu nacrtati i u glavi .A i nije mi toliko potrebna,67,14,3,2,1,Smatram da nije potrebno,24,4,4,3,3,2,1,1,3,2,4,2,2,5,Pa teže je,10,3,2,1,0,0,0,0,0,1,0,0,0,4,0,0,1,0,0,3,0,0,0,1,0,0,,3,0,0,0,1,0,5,0,0,0,1,0,0,,5,0,0,1,0,0,1,0,1,0,0,0,0,,2,0,0,1,0,0,3,0,0,1,0,0,0,,1,0,0,1,1,0,0,1,1,0,1,0,1,1,1,0,0,0,0,1,0,0,0,1,0,0,0,1,0,0,0,0,1,1,0.47368421052631576,47.368421052631575,0.2857142857142857,28.57142857142857,0.3,30.0,0.3939393939393939,39.39393939393939,1,0,0,0,0,0,1,0,0,0,0,0,2,0,0
13.4.2026. 11:47:10,1,0,0,1,0,0,0,0,,0,0,0,0,0,0,0,1,Elektrotehničku školu,4,3.0,2.0,2024.0,2024.0,2.0,,,0,0,0,1,0,0,0,0,0,0,0,0,0,0,0,0,0,1,Smatram da su inženjerska zanimanja vrlo cijenjena (dobra plaća | velika mogućnost profesionalnog usavršavanja | ...),1,Skuziti cu ga sam kolko god mi trebalo,38,8,2,2,Ne znam ja fiziku,17,4,4,5,Tako to ide,11,3,5,3,1,4,4,1,Trebaju si razumjeti,20,3,4,Ima previse ,12,2,5,4,3,Fizika je cudna ,16,3,5,3,1,Ne radim nesto sto ne treba,27,6,3,3,3,2,3,2,3,3,3,3,3,3,Ne znam,7,2,3,0,0,0,1,0,0,0,1,0,0,4,0,0,1,0,0,5,0,0,0,0,1,0,,5,0,0,0,1,0,5,0,0,0,1,0,0,,5,0,0,1,0,0,1,0,0,1,0,0,0,,1,0,0,1,0,0,1,1,0,0,0,0,0,,1,1,0,1,1,0,1,0,1,1,1,1,0,1,1,0,0,0,0,0,0,0,0,0,0,0,0,0,0,0,0,0,0,0,0.3684210526315789,36.84210526315789,0.19047619047619047,19.047619047619047,0.2,20.0,0.30303030303030304,30.303030303030305,1,1,1,0,0,0,1,0,0,0,0,0,2,1,1
13.4.2026. 11:47:53,1,0,0,0,1,0,0,0,,0,0,0,0,0,0,0,1,Elektrotehničku školu,4,3.0,2.0,2025.0,2025.0,3.0,,,0,0,0,1,0,0,0,0,1,0,0,0,0,0,0,0,0,1,Pokazujem sklonost prema praktičnom radu (izrađujem makete | jednostavne uređaje | spretno koristim različite mjerne instrumente | mogu obavljati različite kućne popravke | ...)) | Dobro poznajem i zanima me računalo (dobro poznajem programiranje | u mogućnosti sam prilično samostalno nadograditi i popraviti software i hardware računala | ...) | Smatram da su inženjerska zanimanja vrlo cijenjena (dobra plaća | velika mogućnost profesionalnog usavršavanja | ...) | Nagovor roditelja (ispunjavam želju svojih roditelja),3,Pokušati ću nači riješenje i nastaviti dalje ili ću priječi drugi zadatak pa se kasnije vratiti,95,16,4,3,Koliko je bitno znati riješiti bitno je i razumjeti zadatak,59,10,5,4,Povezivanje i razumjevanje,26,3,3,5,1,5,3,2,"Jednadžbe se trebaju razumjeti , ali se mogu i nauciti napamet",62,11,3,Moze biti a i ne mora,21,6,3,2,5,Skica pomaže u vizualizaciji i riješavanju zadatka,50,7,2,4,1,Ako ne mogu skicirat necu,25,5,1,2,4,1,1,3,3,4,1,2,5,5,Da,2,1,3,0,0,1,0,0,0,0,1,0,0,4,0,0,1,0,0,5,0,0,0,1,0,0,,5,0,0,0,1,0,4,0,0,0,1,0,0,,3,0,0,1,0,0,5,0,0,0,0,1,0,,5,0,0,0,0,1,4,0,0,0,0,1,0,,3,0,1,0,1,0,0,1,1,1,0,1,0,0,0,1,1,1,0,0,0,1,0,1,0,0,1,0,0,1,0,0,0,0,0.47368421052631576,47.368421052631575,0.3333333333333333,33.33333333333333,0.2,20.0,0.3939393939393939,39.39393939393939,1,0,0,0,0,0,1,1,1,0,0,0,2,1,1
13.4.2026. 11:48:06,1,0,0,1,0,0,0,0,,0,0,0,0,0,0,0,1,Elektrotehničku školu,4,3.0,3.0,2024.0,2024.0,3.0,,,0,0,0,1,0,0,0,0,1,0,0,0,0,0,0,1,0,1,Dobro poznajem i zanima me računalo (dobro poznajem programiranje | u mogućnosti sam prilično samostalno nadograditi i popraviti software i hardware računala | ...) | Ljudi ili bližoj okolini imam ljude inženjerskih zanimanja | Smatram da su inženjerska zanimanja vrlo cijenjena (dobra plaća | velika mogućnost profesionalnog usavršavanja | ...),3,Pa mislim da nije potrebno zvati asistena ako mislim da mogu sam rjesit zadatak.,80,14,2,4,Matematika je jako bitna u fizici.,34,6,3,3,Pa u fizici samo uvrstavamo.,28,5,3,3,3,4,4,1,Ne koristim intuiciju,21,3,5,Pa za svaki zadatak postoji formula.,36,6,3,3,2,Rijetko nacrtam skicu.,22,3,3,3,1,Ne crtam bas nepotrebne skice.,30,5,3,3,3,3,3,3,3,3,2,4,2,3,Simboli me zbunjuju.,20,3,2,1,0,0,0,0,0,1,0,0,0,4,0,0,1,0,0,5,0,0,0,1,0,0,,5,0,1,0,0,0,5,0,1,0,0,0,0,,5,0,0,1,0,0,5,0,1,0,0,0,0,,5,0,1,0,0,0,5,0,0,1,0,0,0,,5,0,0,0,0,0,0,0,0,1,1,1,0,0,0,0,0,0,0,0,0,0,0,0,0,0,0,0,1,0,0,0,1,1,0.21052631578947367,21.052631578947366,0.23809523809523808,23.809523809523807,0.1,10.0,0.18181818181818182,18.181818181818183,1,0,0,1,1,1,1,0,0,0,0,0,3,1,1
13.4.2026. 11:48:45,1,0,0,0,1,0,0,0,,0,0,0,0,0,0,0,1,Elektrotehničku školu,2,2.0,4.0,2024.0,2025.0,3.0,,,0,0,0,1,0,0,0,0,1,0,0,0,0,0,0,1,0,1,Ljudi ili bližoj okolini imam ljude inženjerskih zanimanja | Smatram da su inženjerska zanimanja vrlo cijenjena (dobra plaća | velika mogućnost profesionalnog usavršavanja | ...),4,Ne znam tocno kako zapoceti zadatak,35,6,3,4,Pa da,5,2,1,3,Niti se slazem niti ne,22,5,1,5,1,1,2,2,Da,2,1,3,I fizika na feritu se moze rjesavati samo na jedan nacin,56,11,1,2,3,Niti mi koristiniti ne,22,4,5,4,1,Crtam jer se trazi u zadatku,28,6,1,3,4,2,2,4,4,3,1,3,2,4,Teze je,7,2,3,1,0,0,0,0,0,1,0,0,0,4,0,0,1,0,0,4,0,0,0,1,0,0,,4,0,1,0,0,0,4,0,0,1,0,0,0,,3,0,0,0,0,1,4,0,0,0,0,1,0,,4,1,0,0,0,0,4,0,1,0,0,0,0,,5,0,0,0,0,0,0,1,1,0,0,1,0,0,0,0,0,1,0,0,0,1,0,1,1,1,0,0,0,0,0,0,1,1,0.2631578947368421,26.31578947368421,0.3333333333333333,33.33333333333333,0.2,20.0,0.30303030303030304,30.303030303030305,1,0,0,1,0,0,0,1,0,0,0,0,2,1,0
13.4.2026. 11:49:29,1,0,0,0,1,0,0,0,,0,0,0,0,0,0,0,1,"Strukovnu školu (strojarsku, građevinsku, medicinsku, …)",2,4.0,3.0,2025.0,2025.0,3.0,,,0,0,0,1,0,0,0,0,1,0,0,0,0,0,0,0,0,1,Dobro poznajem i zanima me računalo (dobro poznajem programiranje | u mogućnosti sam prilično samostalno nadograditi i popraviti software i hardware računala | ...) | Smatram da su inženjerska zanimanja vrlo cijenjena (dobra plaća | velika mogućnost profesionalnog usavršavanja | ...),3,"Ako ne znam započeti zadatak, ne znam ga ni nastaviti.",54,10,3,2,Bitniji dio mi je shvatiti kako da riješim zadatak samostalno i na jednostavan način,84,14,2,4,Rješavanje zadataka je povezivanje teorijskog dijela s praktičnim izvođenjem/matematičkim računanjem,100,10,1,2,3,3,2,2,90% vremena nemam pojma sta se desava,37,7,4,"Znam da ima puno jednadžbi, ali ne znam sve situacije",53,10,2,2,4,Lakše mi je predočiti si sve vizualno prije rješavanja radi lakšeg shvaćanja,76,12,4,1,2,"Ne crtam ih u teorijskim zadacima, ali dobra ideja",50,9,2,1,2,1,5,3,2,2,1,1,1,3,"Svejedno mi je, samo da je točno",32,7,3,0,1,0,0,0,0,0,1,0,0,4,0,1,0,0,0,1,0,1,0,0,0,0,,4,0,0,0,0,1,3,0,1,0,0,0,0,,1,0,0,0,0,1,3,0,0,0,1,0,0,,1,1,0,0,0,0,2,0,1,0,0,0,0,,2,0,0,1,0,0,0,0,0,0,0,1,0,0,0,1,0,0,0,0,0,0,0,0,0,0,0,0,0,0,0,0,1,0,0.05263157894736842,5.263157894736842,0.19047619047619047,19.047619047619047,0.0,0.0,0.12121212121212122,12.121212121212121,0,0,0,0,1,0,0,0,0,0,0,0,0,1,0
13.4.2026. 11:51:32,1,0,0,0,1,0,0,0,,0,0,0,0,0,0,0,1,Elektrotehničku školu,4,4.0,5.0,2025.0,2025.0,3.0,,,0,0,0,1,0,0,0,0,1,1,0,0,0,0,0,0,0,1,Ljudi ili bližoj okolini imam ljude inženjerskih zanimanja | Smatram da su inženjerska zanimanja vrlo cijenjena (dobra plaća | velika mogućnost profesionalnog usavršavanja | ...),3,"Sve zavisi od složenosti zadatka
",33,5,4,3,Bitno je matematički dio a i da se razumije bit zadatka,55,11,5,5,Bez jednadžbi ne možemo dobiti tocan rezultat možemo samo približno ako znamo teoriju ,86,13,2,2,1,3,2,2,Potrebno ih je razumijeti,25,4,3,Upravo to ali dobar dio se i ponavlja ,38,8,1,2,3,Sve zavisi o težini zadatka,27,5,3,1,1,Ako nije navedena skica neću crtati,35,6,3,1,4,2,3,1,3,3,1,4,4,4,Ponekad je teško upamtiti neke konstante,40,6,2,0,1,0,0,0,0,0,0,1,0,4,0,0,0,0,1,4,0,0,0,0,1,0,,3,0,0,1,0,0,3,0,0,1,0,0,0,,4,0,0,0,1,0,5,0,1,0,0,0,0,,4,1,0,0,0,0,5,0,0,1,0,0,0,,3,0,1,0,1,0,0,0,1,0,0,1,0,0,0,0,0,0,0,0,0,1,0,0,0,0,0,0,1,1,0,0,1,0,0.3157894736842105,31.57894736842105,0.23809523809523808,23.809523809523807,0.2,20.0,0.24242424242424243,24.242424242424242,0,1,0,0,0,0,0,0,0,0,0,0,0,1,0
13.4.2026. 11:54:12,1,0,0,1,0,0,0,0,,0,0,0,0,0,0,0,1,"Strukovnu školu bez nastave fizike (ekonomsku, trgovačku, komercijalnu, …)",1,3.0,,2024.0,2025.0,2.0,,,0,0,0,1,0,0,0,0,1,0,0,0,0,0,0,0,0,1,Smatram da su inženjerska zanimanja vrlo cijenjena (dobra plaća | velika mogućnost profesionalnog usavršavanja | ...),3,Smatram da ovisi o vrsti zadatka,32,6,5,4,Matematička točnost daje realne rezultate koji nam omogućuju da shvatimo što se nudi u zadatku,94,15,5,3,Ponekad moramo izvuči određeni postupak i varijablu.,52,7,1,5,1,3,5,3,Moramo koristiti jednadžbe koje znamo zbog potrebnih rezultata,62,8,3,Ovisi,5,1,3,5,5,Lakše mi je razumijeti o čemu se radi,37,8,2,4,3,Ovisi,5,1,3,2,4,4,2,4,5,3,3,3,3,5,Lakše razumijeti,16,2,5,0,0,1,0,0,1,0,0,0,0,4,1,0,0,0,0,5,0,0,0,0,1,0,,5,0,0,0,0,1,4,0,0,0,1,0,0,,2,1,0,0,0,0,5,0,0,1,0,0,0,,3,0,0,1,0,0,4,0,1,0,0,0,0,,5,0,1,0,1,0,0,1,1,0,1,0,0,0,1,1,1,1,0,0,0,1,1,1,1,1,0,0,0,0,0,1,0,1,0.5263157894736842,52.63157894736842,0.47619047619047616,47.61904761904761,0.3,30.0,0.48484848484848486,48.484848484848484,0,1,0,0,0,0,0,0,0,0,0,0,0,1,0
13.4.2026. 11:54:15,1,0,0,1,0,0,0,0,,0,0,0,0,0,0,0,1,"Strukovnu školu bez nastave fizike (ekonomsku, trgovačku, komercijalnu, …)",1,3.0,,2025.0,2025.0,3.0,,,0,1,0,0,0,0,0,0,1,0,0,0,0,0,0,0,0,1,Zelim nauciti vise o racunalima i programiranju,5,Nisam imao fiziku.,18,3,3,4,Ako ne znamo riješiti matematički zadatak pravilno dobit ćemo pogresšan rezultat.,81,11,5,5,.,1,1,2,5,3,3,3,3,.,1,1,3,.,1,1,5,3,4,Lakše je snaći se,17,4,3,5,1,Ne crtam,8,2,3,3,3,5,5,3,4,2,1,3,3,3,Nisam imao fiziku pa je teže,28,6,1,1,0,0,0,0,0,0,0,0,1,4,0,0,0,0,1,2,1,0,0,0,0,0,,2,0,1,0,0,0,1,0,0,1,0,0,0,,1,1,0,0,0,0,3,1,0,0,0,0,0,,3,0,1,0,0,0,1,0,0,1,0,0,0,,1,0,0,0,1,0,0,1,0,0,0,0,0,1,0,1,0,1,0,0,0,0,1,0,0,1,0,0,0,0,0,0,1,0,0.2631578947368421,26.31578947368421,0.2857142857142857,28.57142857142857,0.2,20.0,0.24242424242424243,24.242424242424242,0,0,0,1,0,0,0,0,0,0,0,0,1,0,0
13.4.2026. 11:54:21,1,0,0,0,0,0,0,1,1999.0,0,0,0,0,0,0,0,1,Opću gimnaziju,4,2.0,3.0,2018.0,2018.0,3.0,,,0,0,0,1,0,0,0,0,1,0,0,0,0,0,0,0,0,1,Ljudi ili bližoj okolini imam ljude inženjerskih zanimanja | Smatram da su inženjerska zanimanja vrlo cijenjena (dobra plaća | velika mogućnost profesionalnog usavršavanja | ...),2,Pokusavam doci do rijesenja i sam skontati ako bas ne ide onda pitam za pomoc ili pitam umjetnu inteligenciju.,110,19,5,2,"Treba prvo doci do rjesenja i imati logiku, matematika se podrazumijeva.",72,11,3,2,"Donekle se slazem, ali treba skontati koje formule treba povezivati",67,10,3,3,1,4,4,3,Mislim da nuzno nije potrebno ali za potpuno shvacanje problema msm da je potrebno u potpunosti razumjeti svaki dio jednadzbe,125,20,4,Po mojem misljenju generale formule se mogu koristiti ali je potrebno bas dobro shvacanje da bi se iskombiniralo tocno rjesenje,127,20,1,4,5,Vizualna smo bica ako nesto vidimo lakse cemo doci to rjesenja,62,11,2,1,2,Ne crtam ih nuzno,17,4,1,1,2,3,5,2,2,1,2,2,3,4,"Sve je stvar navike, sto koristimo cesce lakse nam je",53,10,3,0,0,0,1,0,0,1,0,0,0,4,0,0,1,0,0,5,0,0,0,0,0,1,VI) Niti jedno od ponuđenih fizikalnih obrazloženja ne opisuje moje razmišljanje; moje fizikalno obrazloženje je:,5,0,0,1,0,0,4,0,0,1,0,0,0,,4,1,0,0,0,0,4,1,0,0,0,0,0,,4,1,0,0,0,0,5,0,1,0,0,0,0,,3,1,1,1,0,1,0,0,1,1,1,0,0,0,1,1,1,0,0,0,0,0,0,0,0,0,0,0,0,0,0,0,0,1,0.42105263157894735,42.10526315789473,0.23809523809523808,23.809523809523807,0.1,10.0,0.3333333333333333,33.33333333333333,1,0,0,0,0,0,0,0,0,0,0,0,1,0,0
13.4.2026. 11:55:10,1,0,1,0,0,0,0,0,,0,0,0,0,0,0,0,1,"Obrtničko-industrijska, prekvalifikacija tehničar cestovnog prometa",1,4.0,,,2025.0,3.0,2.0,,0,0,0,1,0,0,0,0,1,0,0,0,0,0,0,0,0,1,Dobro poznajem i zanima me računalo (dobro poznajem programiranje | u mogućnosti sam prilično samostalno nadograditi i popraviti software i hardware računala | ...) | Smatram da su inženjerska zanimanja vrlo cijenjena (dobra plaća | velika mogućnost profesionalnog usavršavanja | ...),5,Slažem se,9,2,3,5,Slažem se,9,2,1,5,Slažem se,9,2,5,1,3,3,1,3,Ne sjećam se,12,3,5,Slažem se,9,2,5,3,5,Slažem se,9,2,5,5,5,Slažem se,9,2,2,2,3,4,4,1,3,2,3,3,3,4,Nekad simbol zamjenim za krivu konstantu i sl.,46,8,1,0,0,1,0,0,0,0,1,0,0,4,0,0,1,0,0,3,0,0,0,0,1,0,,2,0,0,1,0,0,3,0,0,1,0,0,0,,2,1,0,0,0,0,2,1,0,0,0,0,0,,2,1,0,0,0,0,1,0,1,0,0,0,0,,1,0,0,0,0,0,1,0,0,0,0,0,0,1,0,1,0,1,1,0,0,0,1,0,0,0,0,0,0,0,0,0,0,0,0.21052631578947367,21.052631578947366,0.23809523809523808,23.809523809523807,0.2,20.0,0.18181818181818182,18.181818181818183,1,1,1,0,0,0,0,0,0,0,0,0,1,1,1
13.4.2026. 11:57:52,1,0,0,0,1,0,0,0,,0,0,0,0,0,0,0,1,"Strukovnu školu (strojarsku, građevinsku, medicinsku, …)",3,4.0,4.0,2025.0,2025.0,4.0,,,0,0,0,1,0,0,0,0,1,0,0,0,0,0,0,0,0,1,Smatram da su inženjerska zanimanja vrlo cijenjena (dobra plaća | velika mogućnost profesionalnog usavršavanja | ...),3,"Nije uvijek da neznam nastaviti, nekad je početak dovoljan da znam dalje sam.",77,13,2,4,"Ako se razumije matematički dio zadatka, iz njega se može izvući logičko rješenje.",82,13,2,4,To je opće prihvaćen postupak rješavanja zadataka.,50,7,3,1,2,3,2,4,Jednadžbe pomažu u razumijevanju rješenja,41,5,2,U puno zadatka moraju se koristiti jednadžbe koje većina nebu ni pokušala koristiti,83,13,3,3,2,"Osobno ne koristim skice, u dosta zadataka prikaz skice ako nije odličan samo oteža razumjevanje",96,15,5,1,1,Već objasnio ranije,19,3,1,2,3,4,2,2,2,1,3,3,4,3,"Ovisi od osobe do osobe, nekima je jednako teško nekima ne.",59,11,2,0,1,0,0,0,0,1,0,0,0,4,0,0,0,0,1,3,0,1,0,0,0,0,,3,0,0,0,1,0,2,0,0,0,1,0,0,,2,1,0,0,0,0,2,0,0,1,0,0,0,,2,0,0,0,0,1,3,0,0,0,0,1,0,,2,0,0,0,0,0,0,0,1,0,0,0,1,0,0,0,0,0,0,0,0,0,1,1,0,0,0,0,0,1,0,0,1,1,0.3157894736842105,31.57894736842105,0.19047619047619047,19.047619047619047,0.3,30.0,0.21212121212121213,21.21212121212121,0,0,0,0,0,0,0,0,0,0,0,0,0,0,0
13.4.2026. 11:59:46,0,1,0,0,1,0,0,0,,0,0,0,0,0,0,0,1,"Strukovnu školu bez nastave fizike (ekonomsku, trgovačku, komercijalnu, …)",1,4.0,,2024.0,2024.0,3.0,,,0,0,0,1,0,0,0,0,1,0,0,0,0,0,0,0,0,1,Dobro poznajem i zanima me računalo (dobro poznajem programiranje | u mogućnosti sam prilično samostalno nadograditi i popraviti software i hardware računala | ...) | Smatram da su inženjerska zanimanja vrlo cijenjena (dobra plaća | velika mogućnost profesionalnog usavršavanja | ...),5,/,1,1,3,5,Da,2,1,4,5,?,1,1,3,3,1,3,5,5,/,1,1,3,Ovisi,5,1,4,3,5,Da,2,1,3,2,2,/,1,1,3,5,4,3,5,5,4,1,1,3,3,5,/,1,1,2,0,0,0,1,0,0,0,0,0,1,4,0,0,0,1,0,1,0,0,1,0,0,0,,1,0,0,0,1,0,1,0,0,0,1,0,0,,1,1,0,0,0,0,1,0,0,0,0,1,0,,1,1,0,0,0,0,1,1,0,0,0,0,0,,1,0,0,0,1,0,0,0,1,0,1,0,0,1,0,1,0,0,0,0,1,1,0,0,1,1,0,0,0,0,0,0,0,0,0.2631578947368421,26.31578947368421,0.3333333333333333,33.33333333333333,0.3,30.0,0.2727272727272727,27.27272727272727,0,0,0,0,0,0,0,1,0,0,0,0,0,1,0
13.4.2026. 12:02:12,1,0,0,0,1,0,0,0,,0,0,0,0,0,0,0,1,"Strukovnu školu bez nastave fizike (ekonomsku, trgovačku, komercijalnu, …)",1,4.0,,2025.0,2025.0,3.0,,,0,0,0,1,0,0,0,0,1,1,0,0,0,0,0,0,0,0,,5,Slazem se,9,2,5,4,Matematika moze biti dosta lagana ako uopce dodjemo do nje,58,10,5,5,To je I cilj tog zadatka,24,6,5,5,1,3,5,1,.,1,1,5,To je tocno,11,3,5,5,4,Moze pomoci,11,2,4,3,1,Ovisi o tezini pitanja,22,4,3,4,4,5,1,5,5,5,5,5,5,3,Ne znam,7,2,4,0,0,1,0,0,0,1,0,0,0,4,0,0,1,0,0,5,0,0,0,0,0,1,Bez otpora zraka svaki predmet ce padati istom akceleracijom u istom vakumu ako oh baciti s iste visine I u isto vrijeme Bez obzira na njihov oblik itd,5,0,0,0,1,0,3,0,0,0,0,0,1,"Mislim da ce prva sila uvjek djelovati s tim dolazi u paru I druga sila, zasto sto je auto u zavaju djeluje cetvrta , jedino nisam siguran Dali se u zadatku zanemaruje sila trenja ako da onda sila tri ne ako ne onda ide I sila tri",4,0,0,0,1,0,4,0,0,0,0,0,1,Pomocu vektora Sam zamislio putanju,3,0,0,0,1,0,3,0,0,0,0,1,0,,4,0,1,0,1,0,1,1,1,0,1,1,0,1,1,1,0,0,0,0,1,1,1,1,1,1,1,1,1,1,0,1,0,1,0.6842105263157895,68.42105263157895,0.6666666666666666,66.66666666666666,0.8,80.0,0.6666666666666666,66.66666666666666,1,0,0,0,0,0,0,0,0,1,0,0,2,0,0
13.4.2026. 17:28:49,1,0,0,0,0,0,0,1,2001.0,0,0,0,0,0,0,0,1,Jezičnu gimnaziju,4,4.0,4.0,2020.0,2020.0,3.0,,,0,0,0,1,0,0,0,0,1,0,0,0,0,0,0,0,0,1,Dobro poznajem i zanima me računalo (dobro poznajem programiranje | u mogućnosti sam prilično samostalno nadograditi i popraviti software i hardware računala | ...),4,Ako nisam siguran te nemam zapisano. Nema previse smisla da radim nesto sto na kraju moze biti krivo.,101,18,3,2,"Najbitniji dio je znati postaviti zadatak te srediti formulu, tek onda računanje",80,12,4,2,"Nema konkretnih formula u fizici , vecina je samo citanje sheme te pravljenja formula za tu shemu",97,17,2,3,2,3,3,2,Potrebno je pamtiti jednadzbe za lakse rjesavanje svih zadataka,63,9,2,Ne,2,1,4,4,4,Skica uvijek pomaze ,20,3,4,4,3,Iz navike vise,14,3,2,2,3,3,2,4,4,4,2,3,4,4,Je,2,1,2,0,0,1,0,0,0,0,0,0,1,4,0,0,0,0,1,3,0,0,0,0,1,0,,2,0,0,1,0,0,2,0,0,1,0,0,0,,2,1,0,0,0,0,1,1,0,0,0,0,0,,2,1,0,0,0,0,2,0,1,0,0,0,0,,2,0,0,1,1,1,0,0,1,0,0,1,1,1,1,1,0,1,0,0,0,0,0,1,1,1,1,0,0,1,0,0,0,0,0.42105263157894735,42.10526315789473,0.42857142857142855,42.857142857142854,0.4,40.0,0.45454545454545453,45.45454545454545,0,1,0,0,0,0,0,0,0,0,0,0,0,1,0
13.4.2026. 18:59:49,1,0,0,1,0,0,0,0,,0,0,0,0,0,0,0,1,"Matematičku, prirodoslovno-matematičku gimnaziju",4,4.0,3.0,2024.0,2024.0,,5.0,4.0,0,1,0,0,0,0,0,0,1,1,0,0,0,0,0,0,0,1,Smatram da su inženjerska zanimanja vrlo cijenjena (dobra plaća | velika mogućnost profesionalnog usavršavanja | ...),3,Najčešće mogu pronaći način rješavanja zadatka na internetu ako ga sam ne znam riješiti.,88,14,2,1,"Najvažnije je znati što se uopće u zadatku traži, nakon toga matematički dio je najčešće trivijalan.",100,16,3,5,"Nemam što nadodati, rješavanje zadataka u fizici je više manje samo prepoznavanje formule.",90,13,3,4,2,4,4,2,Jednadžbe je potrebno razumjeti intuitivno jer inače nije moguće brzo dobiti rješenje na zadatak.,97,14,4,"Svaka jednadžba u pravilu ima barem 3 varijable od kojih je jedna inače poznata, tako da većina jednadžbi se može koristiti na samo 2 situacije.",144,25,5,4,4,Najčešće sebi prvo moram objasniti zadatak da ga mogu riješiti.,63,10,4,1,3,Sasvim ovisi o zadatku.,23,4,2,1,5,4,3,1,4,3,2,3,4,5,Rješavanje zadatka brojevnim vrijednostima je moguće putem kalkulatora bez razmišljanja.,88,10,3,0,1,0,0,0,0,0,1,0,0,4,0,0,1,0,0,5,0,0,0,0,0,1,Silu otpora zraka zanemarujemo.,5,0,0,0,1,0,5,0,0,0,1,0,0,,4,0,1,0,0,0,5,0,0,0,0,1,0,,5,0,1,0,0,0,4,0,0,0,1,0,0,,4,0,0,1,0,0,0,1,1,1,1,1,0,1,1,1,0,0,0,0,0,1,1,0,0,1,0,0,0,1,0,0,1,0,0.5263157894736842,52.63157894736842,0.47619047619047616,47.61904761904761,0.3,30.0,0.42424242424242425,42.42424242424242,1,0,0,0,0,0,0,1,0,0,1,0,1,2,0
13.4.2026. 19:25:15,1,0,0,1,0,0,0,0,,0,0,0,0,0,0,0,1,"Strukovnu školu (strojarsku, građevinsku, medicinsku, …)",4,3.0,3.0,2024.0,2024.0,4.0,3.0,2.0,0,1,0,0,0,0,0,0,1,0,0,0,0,0,0,1,0,1,Pokazujem sklonost prema praktičnom radu (izrađujem makete | jednostavne uređaje | spretno koristim različite mjerne instrumente | mogu obavljati različite kućne popravke | ...)) | Dobro poznajem i zanima me računalo (dobro poznajem programiranje | u mogućnosti sam prilično samostalno nadograditi i popraviti software i hardware računala | ...) | Ljudi ili bližoj okolini imam ljude inženjerskih zanimanja | Smatram da su inženjerska zanimanja vrlo cijenjena (dobra plaća | velika mogućnost profesionalnog usavršavanja | ...),2,Koristim AI alate za pojašnjenje zadataka.,42,6,3,5,"Nakon postavljanja zadatka, potrebno je dobiti rezultat što vjerujem da je potrebno kao inžinjeru za određivanje integriteta sustava i sl.",138,20,3,5,Postoje sustavi (jednadžbe) koji su ljudi napravili kojima se treba služiti ako želimo riješiti neki specifični problem u fizici,128,19,1,4,1,3,2,1,Kao inžinjer potrebno je razumjeti što svaka komponenta tijekom rješavanja zadatka znači,88,12,5,Svaki porblem ima svoj način rješavanja,39,6,5,2,4,Potrebna mi je vizualizacija kako svaka varijabla utječe jedna na drugu,71,11,4,1,5,Ako mi je potrebno vizualizirati,32,5,1,5,5,5,1,2,5,1,4,5,5,3,Simbolima je lakše,18,3,2,0,1,0,0,0,0,1,0,0,0,4,0,0,1,0,0,5,0,0,0,1,0,0,,5,1,0,0,0,0,3,0,0,1,0,0,0,,3,0,1,0,0,0,4,1,0,0,0,0,0,,4,1,0,0,0,0,5,0,1,0,0,0,0,,5,1,0,0,0,0,0,1,1,0,0,1,0,1,0,1,0,0,1,0,1,1,1,1,0,1,0,1,1,1,0,0,1,1,0.47368421052631576,47.368421052631575,0.5714285714285714,57.14285714285714,0.8,80.0,0.5151515151515151,51.515151515151516,1,0,0,0,0,0,0,0,0,0,0,0,1,0,0
13.4.2026. 19:48:12,1,0,0,0,0,1,0,0,,0,0,0,0,0,0,0,1,Klasičnu gimnaziju,4,5.0,5.0,2025.0,2025.0,,3.0,,0,1,0,0,0,0,0,0,1,0,0,0,0,0,0,0,0,1,Pokazujem sklonost prema praktičnom radu (izrađujem makete | jednostavne uređaje | spretno koristim različite mjerne instrumente | mogu obavljati različite kućne popravke | ...)),3,Ponekad da ponekad ne,21,4,1,4,"U većini slučajeva mislim da je tako
",37,7,4,4,Mislim da je u većini slučajeva tako,36,7,4,3,1,1,3,4,Ako znam na šta se odnosi samo uvrstim,38,8,2,Mislim da se više njih može na više situacija,45,9,4,3,5,Pomaže mi vizualizacija,23,3,4,4,3,Vizualizacija mi pomaže,23,3,3,2,4,4,4,3,2,4,1,4,3,1,Jednako je teško,16,3,3,0,1,0,0,0,0,1,0,0,0,4,0,0,1,0,0,4,0,0,0,1,0,0,,4,0,0,1,0,0,3,0,0,1,0,0,0,,3,0,0,1,0,0,3,0,0,0,0,1,0,,3,1,0,0,0,0,4,0,1,0,0,0,0,,3,0,0,0,1,0,1,0,1,0,0,0,1,1,0,1,0,1,0,0,0,1,1,0,0,0,1,0,1,0,1,0,1,1,0.5263157894736842,52.63157894736842,0.47619047619047616,47.61904761904761,0.4,40.0,0.42424242424242425,42.42424242424242,1,0,0,0,0,0,1,1,1,0,0,0,2,1,1
13.4.2026. 20:56:33,1,0,0,1,0,0,0,0,,0,0,0,0,0,0,0,1,Elektrotehničku školu,3,5.0,3.0,2024.0,2024.0,,3.0,,0,1,0,0,0,0,0,0,1,0,0,0,0,0,0,1,0,1,Smatram da su inženjerska zanimanja vrlo cijenjena (dobra plaća | velika mogućnost profesionalnog usavršavanja | ...),2,"U praktičnom smislu, to sugerira da student posjeduje određenu razinu samostalnosti i istrajnosti. Iako možda osjeća nesigurnost na početku zadatka, vjerojatno pokušava samostalno pronaći rješenje (npr. koristeći literaturu, bilješke ili metodu pokušaja i pogreške) prije nego što se odmah obrati nastavniku za pomoć.",317,43,3,3,"Smatram da su fizikalna logika i matematički aparat jednako važni jer bez razumijevanja procesa ne znamo što računamo, a bez matematike ne možemo precizno opisati rezultat. Zbog toga ne mogu reći da je matematika isključivo najvažniji dio, već ravnopravan element rješavanja zadatka.",283,42,3,3,"Smatram da su fizikalna logika i matematički aparat jednako važni jer bez razumijevanja procesa ne znamo što računamo, a bez matematike ne možemo precizno opisati rezultat. Zbog toga ne mogu reći da je matematika isključivo najvažniji dio, već ravnopravan element rješavanja zadatka.",283,42,3,3,2,4,2,5,da,2,1,2,da,2,1,5,4,5,bude mi puno lakše,18,4,4,3,3,pa ono kada mislim da treba nacrtam,35,7,5,5,4,2,1,5,4,5,2,2,2,3,nez ovisi o meni u kakvom sam mudu,34,8,5,0,0,0,1,0,0,0,0,1,0,3,0,0,0,1,0,3,0,0,0,1,0,0,,3,0,0,1,0,0,3,0,1,0,0,0,0,,2,0,0,0,1,0,2,0,1,0,0,0,0,,1,1,0,0,0,0,2,1,0,0,0,0,0,,4,1,0,0,0,0,0,0,1,1,0,0,1,1,1,1,0,0,0,1,1,1,0,1,1,1,1,0,0,0,0,1,0,0,0.3684210526315789,36.84210526315789,0.42857142857142855,42.857142857142854,0.5,50.0,0.45454545454545453,45.45454545454545,0,0,0,0,1,0,0,0,0,0,0,0,0,1,0
17.4.2026. 09:56:24,0,1,0,1,0,0,0,0,,0,0,0,0,0,0,0,1,"Matematičku, prirodoslovno-matematičku gimnaziju",4,4.0,5.0,2024.0,2024.0,,4.0,3.0,0,1,0,0,0,0,0,0,1,0,0,0,0,0,0,0,0,1,Dobro poznajem i zanima me računalo (dobro poznajem programiranje | u mogućnosti sam prilično samostalno nadograditi i popraviti software i hardware računala | ...) | Tijekom dosadašnjeg obrazovanja često smo u suradnji s nastavnicima obavljali i osmišljavali zanimljive eksperimente iz fizike i drugih predmeta iz STEM područja,4,Gledam riješenje pronaći kod prijatelja ili na internetu kako ne bih zatrpavala profesore nepotrebnim pitanjima,111,15,5,2,Smatram da je najvažnije prepoznati kako fizikalni sustav u zadatku funkcionira i što sve utječe na njega,105,17,5,4,"Kod složenijih zadataka najprije treba uočiti poveznice/međudjelovanja unutar sustava, a onda ide povezivanje s jednadžbama",123,15,4,5,2,5,5,2,Jednadžbu je potrebno razumijeti - treba dobro poznavati sustav koji opisuje i što koja vrijednost predstavlja te kako se ona mijenja s obzirom na okolnosti zadatka,164,26,3,"Premda za brojne slučajeve postoje specifične formule, one su često izvedene iz nekolicine primarnih jednadžbi te se i bez njihovog poznavanja (odnosno na bazi dobrog poznavanja tih početnih jednadžbi) zadatak može riješiti",223,32,5,4,5,Međudjelovanje sila te prepoznavanje svih sila gotovo je nemoguće zaključiti bez skice,86,12,3,2,3,"Ako mi skica pomaže da se sjetim nekog pravila, onda ju crtam",61,12,3,4,4,5,2,5,4,5,4,5,5,4,"Brojeve, čim se ukaže  prilika, mogu zbrojiti/podijeliti i sl. dok mi kod simbola ostaje samo eventualna mogućnost kračenja zbog čega je onda u zadatku puno više elemenata na koje moram paziti",192,31,3,0,1,0,0,0,0,1,0,0,0,4,0,0,1,0,0,5,0,0,0,0,1,0,,5,0,1,0,0,0,5,0,1,0,0,0,0,,5,0,0,0,0,1,4,0,0,0,1,0,0,,4,0,1,0,0,0,4,1,0,0,0,0,0,,4,0,1,1,1,0,1,1,1,1,1,1,0,1,1,1,0,0,0,0,1,1,1,1,1,1,1,1,1,1,0,0,1,1,0.7894736842105263,78.94736842105263,0.7142857142857143,71.42857142857143,0.8,80.0,0.7272727272727273,72.72727272727273,1,1,1,1,1,1,0,0,0,0,0,0,2,2,2
